tag_name,tag,opacity,fill_h_cos,fill_h_sin,fill_s_n,fill_l_n,stroke_h_cos,stroke_h_sin,stroke_s_n,stroke_l_n,stroke_width,layer_sal,bbox_min_left_n,bbox_max_right_n,bbox_min_top_n,bbox_max_bottom_n,bbox_center_x_n,bbox_center_y_n,bbox_width_n,bbox_height_n,bbox_fill_area,bbox_stroke_area
svg/g_99/line_164,0.375,1.0,1.0,0.0,0.0,0.0,1.0,0.0,0.0,0.8,0.5,0.75,7.749104611359773e-13,8.085287504829646e-13,7.749104611359773e-13,8.085287504829646e-13,0.018169911245654917,0.018169911245654917,0.9973289055732025,0.002642007926023778,0.0,0.15385046208930392
svg/g_99/line_163,0.375,1.0,1.0,0.0,0.0,0.0,1.0,0.0,0.0,0.8,0.5,0.7478632478632479,2.0865546432900798e-12,2.0105794410955455e-12,2.0865546432900798e-12,2.0105794410955455e-12,0.04701698868267384,0.04701698868267384,0.9973289055732025,0.002642007926023778,0.0,0.15385046208930392
svg/g_99/line_162,0.375,1.0,1.0,0.0,0.0,0.0,1.0,0.0,0.0,0.8,0.5,0.7457264957264957,5.626416337215036e-12,5.4576126998298154e-12,5.626416337215036e-12,5.4576126998298154e-12,0.1272027789466372,0.1272027789466372,0.9973289055732025,0.002642007926023778,0.0,0.15385046208930392
svg/g_99/line_161,0.375,1.0,1.0,0.0,0.0,0.0,1.0,0.0,0.0,0.8,0.5,0.7435897435897436,1.2479249309859563e-11,1.2185368877231218e-11,1.2479249309859563e-11,1.2185368877231218e-11,0.28306937182633135,0.28306937182633135,0.9973289055732025,0.002642007926023778,0.0,0.15385046208930392
svg/g_99/line_160,0.375,1.0,1.0,0.0,0.0,0.0,1.0,0.0,0.0,0.8,0.5,0.7414529914529915,2.276667194329559e-11,2.2378405633861445e-11,2.276667194329559e-11,2.2378405633861445e-11,0.5181358661498763,0.5181358661498763,0.9973289055732025,0.002642007926023778,0.0,0.15385046208930392
svg/g_99/line_159,0.375,1.0,1.0,0.0,0.0,0.0,1.0,0.0,0.0,0.8,0.5,0.7393162393162394,3.4163718202641713e-11,3.380446720818803e-11,3.4163718202641713e-11,3.380446720818803e-11,0.7800975669794461,0.7800975669794461,0.9973289055732025,0.002642007926023778,0.0,0.15385046208930392
svg/g_99/line_158,0.375,1.0,1.0,0.0,0.0,0.0,1.0,0.0,0.0,0.8,0.5,0.7371794871794872,4.216821379760009e-11,4.200234540408225e-11,4.216821379760009e-11,4.200234540408225e-11,0.9660701955102474,0.9660701955102474,0.9973289055732025,0.002642007926023778,0.0,0.15385046208930392
svg/g_99/line_157,0.375,1.0,1.0,0.0,0.0,0.0,1.0,0.0,0.0,0.8,0.5,0.7350427350427351,4.2811433710430666e-11,4.2926697841595314e-11,4.2811433710430666e-11,4.2926697841595314e-11,0.9840630770906261,0.9840630770906261,0.9973289055732025,0.002642007926023778,0.0,0.15385046208930392
svg/g_99/line_156,0.375,1.0,1.0,0.0,0.0,0.0,1.0,0.0,0.0,0.8,0.5,0.732905982905983,3.5751052514745744e-11,3.608576476307714e-11,3.5751052514745744e-11,3.608576476307714e-11,0.8245019423037206,0.8245019423037206,0.9973289055732025,0.002642007926023778,0.0,0.15385046208930392
svg/g_99/line_155,0.375,1.0,1.0,0.0,0.0,0.0,1.0,0.0,0.0,0.8,0.5,0.7307692307692308,2.4556834577180092e-11,2.495162523308268e-11,2.4556834577180092e-11,2.495162523308268e-11,0.5682179146693149,0.5682179146693149,0.9973289055732025,0.002642007926023778,0.0,0.15385046208930392
svg/g_99/line_154,0.375,1.0,1.0,0.0,0.0,0.0,1.0,0.0,0.0,0.8,0.5,0.7286324786324786,1.3874279213111557e-11,1.4191106416240903e-11,1.3874279213111557e-11,1.4191106416240903e-11,0.3221014305765014,0.3221014305765014,0.9973289055732025,0.002642007926023778,0.0,0.15385046208930392
svg/g_99/line_153,0.375,1.0,1.0,0.0,0.0,0.0,1.0,0.0,0.0,0.8,0.5,0.7264957264957265,6.44767247876817e-12,6.638778327102654e-12,6.44767247876817e-12,6.638778327102654e-12,0.15018441882021819,0.15018441882021819,0.9973289055732025,0.002642007926023778,0.0,0.15385046208930392
svg/g_99/line_152,0.375,1.0,1.0,0.0,0.0,0.0,1.0,0.0,0.0,0.8,0.5,0.7243589743589743,2.4646201781489148e-12,2.5545509625019274e-12,2.4646201781489148e-12,2.5545509625019274e-12,0.0575985559878456,0.0575985559878456,0.9973289055732025,0.002642007926023778,0.0,0.15385046208930392
svg/g_99/line_151,0.375,1.0,1.0,0.0,0.0,0.0,1.0,0.0,0.0,0.8,0.5,0.7222222222222222,3.809371125856208e-11,9.078580671509295e-11,3.809371125856208e-11,9.078580671509295e-11,2.0091305286961774e-09,2.0091305286961774e-09,0.0010828761189719898,0.936151475121092,0.0,0.1303733739498828
svg/g_99/line_150,0.375,1.0,1.0,0.0,0.0,0.0,1.0,0.0,0.0,0.8,0.5,0.7200854700854701,5.44499601048008e-10,1.3061784768880177e-09,5.44499601048008e-10,1.3061784768880177e-09,2.8811944930792305e-08,2.8811944930792305e-08,0.0010828761189719898,0.936151475121092,0.0,0.1303733739498828
svg/g_99/line_149,0.375,1.0,1.0,0.0,0.0,0.0,1.0,0.0,0.0,0.8,0.5,0.717948717948718,6.5060006678100405e-09,1.570986219922206e-08,6.5060006678100405e-09,1.570986219922206e-08,3.453947810398448e-07,3.453947810398448e-07,0.0010828761189719898,0.936151475121092,0.0,0.1303733739498828
svg/g_99/line_148,0.375,1.0,1.0,0.0,0.0,0.0,1.0,0.0,0.0,0.8,0.5,0.7158119658119658,6.352788419513696e-08,1.5440556515581854e-07,6.352788419513696e-08,1.5440556515581854e-07,3.3836559830270424e-06,3.3836559830270424e-06,0.0010828761189719898,0.936151475121092,0.0,0.1303733739498828
svg/g_99/line_147,0.375,1.0,1.0,0.0,0.0,0.0,1.0,0.0,0.0,0.8,0.5,0.7136752136752137,5.17639953796981e-07,1.2664255462426019e-06,5.17639953796981e-07,1.2664255462426019e-06,2.7661533802736847e-05,2.7661533802736847e-05,0.0010828761189719898,0.936151475121092,0.0,0.1303733739498828
svg/g_99/line_146,0.375,1.0,1.0,0.0,0.0,0.0,1.0,0.0,0.0,0.8,0.5,0.7115384615384616,3.4529006700357703e-06,8.503079582590599e-06,3.4529006700357703e-06,8.503079582590599e-06,0.00018511972477654447,0.00018511972477654447,0.0010828761189719898,0.936151475121092,0.0,0.1303733739498828
svg/g_99/line_145,0.375,1.0,1.0,0.0,0.0,0.0,1.0,0.0,0.0,0.8,0.5,0.7094017094017094,1.9186437547830242e-05,4.7559777890167384e-05,1.9186437547830242e-05,4.7559777890167384e-05,0.0010320235615232528,0.0010320235615232528,0.0010828761189719898,0.936151475121092,0.0,0.1303733739498828
svg/g_99/line_144,0.375,1.0,1.0,0.0,0.0,0.0,1.0,0.0,0.0,0.8,0.5,0.7072649572649572,8.742922874153467e-05,0.0002181435651377647,8.742922874153467e-05,0.0002181435651377647,0.004718153416505008,0.004718153416505008,0.0010828761189719898,0.936151475121092,0.0,0.1303733739498828
svg/g_99/line_143,0.375,1.0,1.0,0.0,0.0,0.0,1.0,0.0,0.0,0.8,0.5,0.7051282051282051,0.0003312941500915592,0.0008320565453844463,0.0003312941500915592,0.0008320565453844463,0.01793724895231489,0.01793724895231489,0.0010828761189719898,0.936151475121092,0.0,0.1303733739498828
svg/g_99/line_142,0.375,1.0,1.0,0.0,0.0,0.0,1.0,0.0,0.0,0.8,0.5,0.7029914529914529,0.001031293018527162,0.0026071225000224548,0.001031293018527162,0.0026071225000224548,0.056020152817176254,0.056020152817176254,0.0010828761189719898,0.936151475121092,0.0,0.1303733739498828
svg/g_99/line_141,0.375,1.0,1.0,0.0,0.0,0.0,1.0,0.0,0.0,0.8,0.5,0.7008547008547008,0.002664931550658751,0.006781390183390638,0.002664931550658751,0.006781390183390638,0.14523621671953008,0.14523621671953008,0.0010828761189719898,0.936151475121092,0.0,0.1303733739498828
svg/g_99/line_140,0.375,1.0,1.0,0.0,0.0,0.0,1.0,0.0,0.0,0.8,0.5,0.6987179487179487,0.005667093481022573,0.014515544689303958,0.005667093481022573,0.014515544689303958,0.30986276246502825,0.30986276246502825,0.0010828761189719898,0.936151475121092,0.0,0.1303733739498828
svg/g_99/line_139,0.375,1.0,1.0,0.0,0.0,0.0,1.0,0.0,0.0,0.8,0.5,0.6965811965811965,0.009986451983116502,0.02574764387007632,0.009986451983116502,0.02574764387007632,0.5478313574642065,0.5478313574642065,0.0010828761189719898,0.936151475121092,0.0,0.1303733739498828
svg/g_99/line_138,0.375,1.0,1.0,0.0,0.0,0.0,1.0,0.0,0.0,0.8,0.5,0.6944444444444444,0.014507465409076523,0.03764940394822495,0.014507465409076523,0.03764940394822495,0.7984493208748573,0.7984493208748573,0.0010828761189719898,0.936151475121092,0.0,0.1303733739498828
svg/g_99/line_137,0.375,1.0,1.0,0.0,0.0,0.0,1.0,0.0,0.0,0.8,0.5,0.6923076923076923,0.017433687064997348,0.04554168783915383,0.017433687064997348,0.04554168783915383,0.9626573157411445,0.9626573157411445,0.0010828761189719898,0.936151475121092,0.0,0.1303733739498828
svg/g_99/line_136,0.375,1.0,1.0,0.0,0.0,0.0,1.0,0.0,0.0,0.8,0.5,0.6901709401709402,0.017301174212098577,0.04549207444362185,0.017301174212098577,0.04549207444362185,0.9584692664264457,0.9584692664264457,0.0010828761189719898,0.936151475121092,0.0,0.1303733739498828
svg/g_99/line_135,0.375,1.0,1.0,0.0,0.0,0.0,1.0,0.0,0.0,0.8,0.5,0.688034188034188,0.014178168794338423,0.03752611620570404,0.014178168794338423,0.03752611620570404,0.7880420865287812,0.7880420865287812,0.0010828761189719898,0.936151475121092,0.0,0.1303733739498828
svg/g_99/line_134,0.375,1.0,1.0,0.0,0.0,0.0,1.0,0.0,0.0,0.8,0.5,0.6858974358974359,0.009611971691335972,0.02560744482623172,0.009611971691335972,0.02560744482623172,0.5359964284623745,0.5359964284623745,0.0010828761189719898,0.936151475121092,0.0,0.1303733739498828
svg/g_99/line_133,0.375,1.0,1.0,0.0,0.0,0.0,1.0,0.0,0.0,0.8,0.5,0.6837606837606838,0.005371602992021007,0.014404924434386472,0.005371602992021007,0.014404924434386472,0.30052456500294505,0.30052456500294505,0.0010828761189719898,0.936151475121092,0.0,0.1303733739498828
svg/g_99/line_132,0.375,1.0,1.0,0.0,0.0,0.0,1.0,0.0,0.0,0.8,0.5,0.6816239316239316,0.002487724339535918,0.006715055686093715,0.002487724339535918,0.006715055686093715,0.13963634364363403,0.13963634364363403,0.0010828761189719898,0.936151475121092,0.0,0.1303733739498828
svg/g_99/line_131,0.375,1.0,1.0,0.0,0.0,0.0,1.0,0.0,0.0,0.8,0.5,0.6794871794871795,0.0009480702962935563,0.002575972474273383,0.0009480702962935563,0.002575972474273383,0.053390429002121646,0.053390429002121646,0.0010828761189719898,0.936151475121092,0.0,0.1303733739498828
svg/g_99/line_130,0.375,1.0,1.0,0.0,0.0,0.0,1.0,0.0,0.0,0.8,0.5,0.6773504273504274,0.0002999472577542064,0.0008203248347169093,0.0002999472577542064,0.0008203248347169093,0.016946808003794722,0.016946808003794722,0.0010828761189719898,0.936151475121092,0.0,0.1303733739498828
svg/g_99/line_129,0.375,1.0,1.0,0.0,0.0,0.0,1.0,0.0,0.0,0.8,0.5,0.6752136752136753,7.795249882165879e-05,0.00021459733286426755,7.795249882165879e-05,0.00021459733286426755,0.004418752859238796,0.004418752859238796,0.0010828761189719898,0.936151475121092,0.0,0.1303733739498828
svg/g_99/line_128,0.375,1.0,1.0,0.0,0.0,0.0,1.0,0.0,0.0,0.8,0.5,0.6730769230769231,1.6847691622466346e-05,4.6684742662643204e-05,1.6847691622466346e-05,4.6684742662643204e-05,0.0009581427514308191,0.0009581427514308191,0.0010828761189719898,0.936151475121092,0.0,0.1303733739498828
svg/g_99/line_127,0.375,1.0,1.0,0.0,0.0,0.0,1.0,0.0,0.0,0.8,0.5,0.670940170940171,2.985880420849905e-06,8.32837535476322e-06,2.985880420849905e-06,8.32837535476322e-06,0.00017036833620142212,0.00017036833620142212,0.0010828761189719898,0.936151475121092,0.0,0.1303733739498828
svg/g_99/line_126,0.375,1.0,1.0,0.0,0.0,0.0,1.0,0.0,0.0,0.8,0.5,0.6688034188034189,4.408479055986491e-07,1.2377044348732408e-06,4.408479055986491e-07,1.2377044348732408e-06,2.5236283407062677e-05,2.5236283407062677e-05,0.0010828761189719898,0.936151475121092,0.0,0.1303733739498828
svg/g_99/line_125,0.375,1.0,1.0,0.0,0.0,0.0,1.0,0.0,0.0,0.8,0.5,0.6666666666666667,5.382047283217886e-08,1.5209535819651137e-07,5.382047283217886e-08,1.5209535819651137e-07,3.0910374432540245e-06,3.0910374432540245e-06,0.0010828761189719898,0.936151475121092,0.0,0.1303733739498828
svg/g_99/line_124,0.375,1.0,1.0,0.0,0.0,0.0,1.0,0.0,0.0,0.8,0.5,0.6645299145299145,5.373905528614107e-09,1.5286631384083422e-08,5.373905528614107e-09,1.5286631384083422e-08,3.096516808814782e-07,3.096516808814782e-07,0.0010828761189719898,0.936151475121092,0.0,0.1303733739498828
svg/g_99/line_123,0.375,1.0,1.0,0.0,0.0,0.0,1.0,0.0,0.0,0.8,0.5,0.6623931623931624,4.4818236292034157e-10,1.283266372113529e-09,4.4818236292034157e-10,1.283266372113529e-09,2.590945747936114e-08,2.590945747936114e-08,0.0010828761189719898,0.936151475121092,0.0,0.1303733739498828
svg/g_99/line_122,0.375,1.0,1.0,0.0,0.0,0.0,1.0,0.0,0.0,0.8,0.5,0.6602564102564102,3.0517161871535456e-11,8.795479239369751e-11,3.0517161871535456e-11,8.795479239369751e-11,1.7700044411314596e-09,1.7700044411314596e-09,0.0010828761189719898,0.936151475121092,0.0,0.1303733739498828
svg/g_99/line_121,0.375,1.0,1.0,0.0,0.0,0.0,1.0,0.0,0.0,0.8,0.5,0.6581196581196581,4.279276403493738e-09,3.093391867692575e-09,4.279276403493738e-09,3.093391867692575e-09,3.6502450622987554e-09,3.6502450622987554e-09,0.0010828761189719898,0.028357551739321724,0.0,0.04597464623944824
svg/g_99/line_120,0.375,1.0,1.0,0.0,0.0,0.0,1.0,0.0,0.0,0.8,0.5,0.655982905982906,0.004320215877850537,0.00296308105142746,0.004320215877850537,0.00296308105142746,0.0035895819517250253,0.0035895819517250253,0.0010828761189719898,0.028357551739321724,0.0,0.04597464623944824
svg/g_99/line_119,0.375,1.0,1.0,0.0,0.0,0.0,1.0,0.0,0.0,0.8,0.5,0.6538461538461539,0.03296170301108582,0.021593678778837996,0.03296170301108582,0.021593678778837996,0.026766249523396027,0.026766249523396027,0.0010828761189719898,0.028357551739321724,0.0,0.04597464623944824
svg/g_99/line_118,0.375,1.0,1.0,0.0,0.0,0.0,1.0,0.0,0.0,0.8,0.5,0.6517094017094017,4.882960739025223e-07,3.0157724349864383e-07,4.882960739025223e-07,3.0157724349864383e-07,3.8499960399252346e-07,3.8499960399252346e-07,0.0010828761189719898,0.028357551739321724,0.0,0.04597464623944824
svg/g_70/g_98/path_127,0.75,1.0,1.0,0.0,0.0,0.4,1.0,0.0,0.0,0.0,0.5773502691896257,0.625,3.3730650273413475e-12,4.792325741833833e-12,3.3730650273413475e-12,4.792325741833833e-12,4.034501841233756e-12,4.034501841233756e-12,0.006930407161420736,0.02395420519594876,0.0,0.08809134445713421
svg/g_70/g_98/path_126,0.75,1.0,1.0,0.0,0.0,0.4,1.0,0.0,0.0,0.0,0.5773502691896257,0.59375,7.182387399445586e-12,1.009727751638899e-11,7.182387399445586e-12,1.009727751638899e-11,8.545568416163232e-12,8.545568416163232e-12,0.006930407161420736,0.02395420519594876,0.0,0.08809134445713421
svg/g_70/g_98/path_125,0.75,1.0,1.0,0.0,0.0,0.4,1.0,0.0,0.0,0.0,0.5773502691896257,0.5625,1.270512346660093e-11,1.3859769107029872e-11,1.270512346660093e-11,1.3859769107029872e-11,1.327122071480156e-11,1.327122071480156e-11,0.0014438348252959862,0.0035226772346983706,0.0,0.039612084812201236
svg/g_70/g_98/path_124,0.75,1.0,1.0,0.0,0.0,0.4,1.0,0.0,0.0,0.0,0.5773502691896257,0.53125,2.2553760948453913e-11,3.035773468662538e-11,2.2553760948453913e-11,3.035773468662538e-11,2.626143687631992e-11,2.626143687631992e-11,0.0067860236788911295,0.025011008366358514,0.0,0.0874859359233984
svg/g_70/g_98/path_123,0.75,1.0,1.0,0.0,0.0,0.4,1.0,0.0,0.0,0.0,0.5773502691896257,0.5,4.596305100410407e-11,6.124212897757181e-11,4.596305100410407e-11,6.124212897757181e-11,5.3248071324668347e-11,5.3248071324668347e-11,0.0067860236788911295,0.025011008366358514,0.0,0.08748653812407668
svg/g_70/g_97/path_122,0.75,1.0,1.0,0.0,0.0,0.4,1.0,0.0,0.0,0.0,0.5773502691896257,0.6228632478632479,1.2535694672348508e-09,1.4546896162417254e-09,1.2535694672348508e-09,1.4546896162417254e-09,1.355294543107743e-09,1.355294543107743e-09,0.00678602367889114,0.025011008366358514,0.0,0.08750976257090622
svg/g_70/g_97/path_121,0.75,1.0,1.0,0.0,0.0,0.4,1.0,0.0,0.0,0.0,0.5773502691896257,0.5916132478632479,2.3196412861768637e-09,2.6357902856946518e-09,2.3196412861768637e-09,2.6357902856946518e-09,2.482005259150104e-09,2.482005259150104e-09,0.006786023678891119,0.025715543813298148,0.0,0.08868815112344847
svg/g_70/g_96/path_120,0.75,1.0,1.0,0.0,0.0,0.4,1.0,0.0,0.0,0.0,0.5773502691896257,0.6207264957264957,0.0019425829357832098,0.0016189017669765873,0.0019425829357832098,0.0016189017669765873,0.0017798129023357979,0.0017798129023357979,0.006786023678891161,0.025011008366358514,0.0,0.08748593592339844
svg/g_70/g_96/path_119,0.75,1.0,1.0,0.0,0.0,0.4,1.0,0.0,0.0,0.0,0.5773502691896257,0.5894764957264957,0.0024481312973057665,0.002071259751413063,0.0024481312973057665,0.002071259751413063,0.002259748440853818,0.002259748440853818,0.007074790643950383,0.02395420519594876,0.0,0.08001809889227886
svg/g_70/g_95/path_118,0.75,1.0,1.0,0.0,0.0,0.4,1.0,0.0,0.0,0.0,0.5773502691896257,0.6185897435897436,0.019470159233087213,0.012842076389069881,0.019470159233087213,0.012842076389069881,0.01585412149469593,0.01585412149469593,0.003609587063239966,0.02395420519594896,0.0,0.07275618652579251
svg/g_70/g_95/path_117,0.75,1.0,1.0,0.0,0.0,0.4,1.0,0.0,0.0,0.0,0.5773502691896257,0.5873397435897436,0.0181807982828331,0.011133877615419735,0.0181807982828331,0.011133877615419735,0.014281260848579396,0.014281260848579396,0.006786023678891284,0.025715543813298148,0.0,0.08866872073077196
svg/g_70/g_94/path_116,0.75,1.0,1.0,0.0,0.0,0.4,1.0,0.0,0.0,0.0,0.5773502691896257,0.6164529914529915,4.4753513817620185e-07,1.9507128496730272e-07,4.4753513817620185e-07,1.9507128496730272e-07,2.9649313232672587e-07,2.9649313232672587e-07,0.006930407161420997,0.02395420519594876,0.0,0.08809850919029621
svg/g_70/g_94/path_115,0.75,1.0,1.0,0.0,0.0,0.4,1.0,0.0,0.0,0.0,0.5773502691896257,0.5852029914529915,2.616572799573533e-07,1.1216309929393962e-07,2.616572799573533e-07,1.1216309929393962e-07,1.719196653343457e-07,1.719196653343457e-07,0.006930407161420833,0.02430647291941868,0.0,0.08482133416434098
svg/g_70/g_93/path_114,0.75,1.0,1.0,0.0,0.0,0.4,1.0,0.0,0.0,0.0,0.5773502691896257,0.6143162393162394,8.366259029245314e-12,1.2653841369866383e-11,8.366259029245314e-12,1.2653841369866383e-11,1.0324790361588032e-11,1.0324790361588032e-11,0.006930407161420736,0.02395420519594896,0.0,0.08809619971651635
svg/g_70/g_93/path_113,0.75,1.0,1.0,0.0,0.0,0.4,1.0,0.0,0.0,0.0,0.5773502691896257,0.5830662393162394,1.830680474424835e-11,2.7284515260096908e-11,1.830680474424835e-11,2.7284515260096908e-11,2.242841282292244e-11,2.242841282292244e-11,0.006930407161420736,0.02430647291941878,0.0,0.08482133416434083
svg/g_70/g_93/path_112,0.75,1.0,1.0,0.0,0.0,0.4,1.0,0.0,0.0,0.0,0.5773502691896257,0.5518162393162394,3.327047392281956e-11,3.6629551574175686e-11,3.327047392281956e-11,3.6629551574175686e-11,3.491312505830087e-11,3.491312505830087e-11,0.0014438348252959862,0.003522677234698471,0.0,0.03961208481220151
svg/g_70/g_93/path_111,0.75,1.0,1.0,0.0,0.0,0.4,1.0,0.0,0.0,0.0,0.5773502691896257,0.5205662393162394,5.5940399799279384e-11,8.037927221524389e-11,5.5940399799279384e-11,8.037927221524389e-11,6.729908122854708e-11,6.729908122854708e-11,0.0067860236788911295,0.025011008366358414,0.0,0.08746169637739142
svg/g_70/g_93/path_110,0.75,1.0,1.0,0.0,0.0,0.4,1.0,0.0,0.0,0.0,0.5773502691896257,0.48931623931623935,1.1400278007027998e-10,1.6215300011492804e-10,1.1400278007027998e-10,1.6215300011492804e-10,1.364565958145878e-10,1.364565958145878e-10,0.0067860236788911295,0.025011008366358414,0.0,0.08747063344437146
svg/g_70/g_92/path_109,0.75,1.0,1.0,0.0,0.0,0.4,1.0,0.0,0.0,0.0,0.5773502691896257,0.6121794871794872,1.6193773794308346e-11,2.597495578261989e-11,1.6193773794308346e-11,2.597495578261989e-11,2.058049607190979e-11,2.058049607190979e-11,0.006930407161420736,0.023954205195949062,0.0,0.08809134445713429
svg/g_70/g_92/path_108,0.75,1.0,1.0,0.0,0.0,0.4,1.0,0.0,0.0,0.0,0.5773502691896257,0.5809294871794872,3.59207396451193e-11,5.573143412395351e-11,3.59207396451193e-11,5.573143412395351e-11,4.490524417409971e-11,4.490524417409971e-11,0.006786023678891135,0.025011008366358313,0.0,0.09034109281391843
svg/g_70/g_92/path_107,0.75,1.0,1.0,0.0,0.0,0.4,1.0,0.0,0.0,0.0,0.5773502691896257,0.5496794871794872,6.776638900770933e-11,7.525567640056498e-11,6.776638900770933e-11,7.525567640056498e-11,7.142006374325274e-11,7.142006374325274e-11,0.0014438348252959862,0.0035226772346983706,0.0,0.039612084812201236
svg/g_70/g_92/path_106,0.75,1.0,1.0,0.0,0.0,0.4,1.0,0.0,0.0,0.0,0.5773502691896257,0.5184294871794872,1.0827852414634305e-10,1.654253994655337e-10,1.0827852414634305e-10,1.654253994655337e-10,1.343218229912229e-10,1.343218229912229e-10,0.0067860236788911295,0.025011008366358414,0.0,0.0874859359233984
svg/g_70/g_92/path_105,0.75,1.0,1.0,0.0,0.0,0.4,1.0,0.0,0.0,0.0,0.5773502691896257,0.48717948717948717,2.2066436455373815e-10,3.337206729953397e-10,2.2066436455373815e-10,3.337206729953397e-10,2.723528817094325e-10,2.723528817094325e-10,0.0067860236788911295,0.025011008366358414,0.0,0.08748653812407668
svg/g_70/g_91/path_104,0.75,1.0,1.0,0.0,0.0,0.4,1.0,0.0,0.0,0.0,0.5773502691896257,0.6100427350427351,2.6191549869459492e-11,4.460218436759277e-11,2.6191549869459492e-11,4.460218436759277e-11,3.4297546969099104e-11,3.4297546969099104e-11,0.006930407161420736,0.023954205195949062,0.0,0.08808570782313621
svg/g_70/g_91/path_103,0.75,1.0,1.0,0.0,0.0,0.4,1.0,0.0,0.0,0.0,0.5773502691896257,0.5787927350427351,5.889421300714528e-11,9.784013142852439e-11,5.889421300714528e-11,9.784013142852439e-11,7.616905932869098e-11,7.616905932869098e-11,0.006786023678891135,0.02395420519594886,0.0,0.09065055326106299
svg/g_70/g_91/path_102,0.75,1.0,1.0,0.0,0.0,0.4,1.0,0.0,0.0,0.0,0.5773502691896257,0.5475427350427351,1.1544524342845819e-10,1.293369914132891e-10,1.1544524342845819e-10,1.293369914132891e-10,1.222060842378559e-10,1.222060842378559e-10,0.0014438348252959862,0.0035226772346983706,0.0,0.039612084812201236
svg/g_70/g_91/path_101,0.75,1.0,1.0,0.0,0.0,0.4,1.0,0.0,0.0,0.0,0.5773502691896257,0.5162927350427351,1.7512794738229548e-10,2.8480659466042804e-10,1.7512794738229548e-10,2.8480659466042804e-10,2.2414397360139538e-10,2.2414397360139538e-10,0.0067860236788911295,0.025011008366358414,0.0,0.08751656816839387
svg/g_70/g_91/path_100,0.75,1.0,1.0,0.0,0.0,0.4,1.0,0.0,0.0,0.0,0.5773502691896257,0.48504273504273504,3.5689900217410643e-10,5.745541419314614e-10,3.5689900217410643e-10,5.745541419314614e-10,4.544775805501984e-10,4.544775805501984e-10,0.0067860236788911295,0.025011008366358414,0.0,0.08751320408235612
svg/g_70/g_90/path_99,0.75,1.0,1.0,0.0,0.0,0.4,1.0,0.0,0.0,0.0,0.5773502691896257,0.607905982905983,3.5792140660358524e-11,6.338725618408961e-11,3.5792140660358524e-11,6.338725618408961e-11,4.781142294433282e-11,4.781142294433282e-11,0.006786023678891145,0.025715543813298148,0.0,0.08866383547279336
svg/g_70/g_90/path_98,0.75,1.0,1.0,0.0,0.0,0.4,1.0,0.0,0.0,0.0,0.5773502691896257,0.576655982905983,7.715688639764369e-11,1.3548952549049033e-10,7.715688639764369e-11,1.3548952549049033e-10,1.0261586851625405e-10,1.0261586851625405e-10,0.006786023678891135,0.025011008366358414,0.0,0.08751974247399905
svg/g_70/g_90/path_97,0.75,1.0,1.0,0.0,0.0,0.4,1.0,0.0,0.0,0.0,0.5773502691896257,0.545405982905983,1.613358689695697e-10,1.8231816764600813e-10,1.613358689695697e-10,1.8231816764600813e-10,1.7152359454733346e-10,1.7152359454733346e-10,0.0014438348252959862,0.0035226772346983706,0.0,0.039612084812201236
svg/g_70/g_90/path_96,0.75,1.0,1.0,0.0,0.0,0.4,1.0,0.0,0.0,0.0,0.5773502691896257,0.514155982905983,2.3257967039103163e-10,4.0216817008171405e-10,2.3257967039103163e-10,4.0216817008171405e-10,3.0694745748383897e-10,3.0694745748383897e-10,0.0067860236788911295,0.025011008366358414,0.0,0.08748593592339837
svg/g_70/g_90/path_95,0.75,1.0,1.0,0.0,0.0,0.4,1.0,0.0,0.0,0.0,0.5773502691896257,0.4829059829059829,4.73981757505218e-10,8.113133340502334e-10,4.73981757505218e-10,8.113133340502334e-10,6.223711286629103e-10,6.223711286629103e-10,0.0067860236788911295,0.025011008366358414,0.0,0.08748653812407665
svg/g_70/g_89/path_94,0.75,1.0,1.0,0.0,0.0,0.4,1.0,0.0,0.0,0.0,0.5773502691896257,0.6057692307692308,3.939950822703055e-11,7.464140161348966e-11,3.939950822703055e-11,7.464140161348966e-11,5.443029186709425e-11,5.443029186709425e-11,0.006786023678891145,0.02536327608982833,0.0,0.08860867189167423
svg/g_70/g_89/path_93,0.75,1.0,1.0,0.0,0.0,0.4,1.0,0.0,0.0,0.0,0.5773502691896257,0.5745192307692308,8.160641178490452e-11,1.5524520500158506e-10,8.160641178490452e-11,1.5524520500158506e-10,1.1294724312345023e-10,1.1294724312345023e-10,0.006930407161420736,0.023954205195949062,0.0,0.08808570782313621
svg/g_70/g_89/path_92,0.75,1.0,1.0,0.0,0.0,0.4,1.0,0.0,0.0,0.0,0.5773502691896257,0.5432692307692308,1.876752986323529e-10,2.1404330078668486e-10,1.876752986323529e-10,2.1404330078668486e-10,2.0044619060221923e-10,2.0044619060221923e-10,0.0014438348252959862,0.0035226772346983706,0.0,0.039612084812201236
svg/g_70/g_89/path_91,0.75,1.0,1.0,0.0,0.0,0.4,1.0,0.0,0.0,0.0,0.5773502691896257,0.5120192307692308,2.5625622803357756e-10,4.730188949236557e-10,2.5625622803357756e-10,4.730188949236557e-10,3.494224276500943e-10,3.494224276500943e-10,0.0067860236788911295,0.025011008366358414,0.0,0.08751656816839387
svg/g_70/g_89/path_90,0.75,1.0,1.0,0.0,0.0,0.4,1.0,0.0,0.0,0.0,0.5773502691896257,0.4807692307692308,5.222329928097472e-10,9.542439339028072e-10,5.222329928097472e-10,9.542439339028072e-10,7.084939958760639e-10,7.084939958760639e-10,0.0067860236788911295,0.025011008366358414,0.0,0.08751320408235612
svg/g_70/g_88/path_89,0.75,1.0,1.0,0.0,0.0,0.4,1.0,0.0,0.0,0.0,0.5773502691896257,0.6036324786324786,3.55614197269482e-11,7.173851948636561e-11,3.55614197269482e-11,7.173851948636561e-11,5.069937507977887e-11,5.069937507977887e-11,0.006786023678891145,0.025715543813298245,0.0,0.08865383153923212
svg/g_70/g_88/path_88,0.75,1.0,1.0,0.0,0.0,0.4,1.0,0.0,0.0,0.0,0.5773502691896257,0.5723824786324786,7.582562791730331e-11,1.5297199029695527e-10,7.582562791730331e-11,1.5297199029695527e-10,1.0808069074436293e-10,1.0808069074436293e-10,0.006930407161420736,0.02430647291941878,0.0,0.08482133416434083
svg/g_70/g_88/path_87,0.75,1.0,1.0,0.0,0.0,0.4,1.0,0.0,0.0,0.0,0.5773502691896257,0.5411324786324786,1.7840590773043794e-10,2.0523718999728178e-10,1.7840590773043794e-10,2.0523718999728178e-10,1.9137097747387158e-10,1.9137097747387158e-10,0.0014438348252959862,0.0035226772346983706,0.0,0.039612084812201236
svg/g_70/g_88/path_86,0.75,1.0,1.0,0.0,0.0,0.4,1.0,0.0,0.0,0.0,0.5773502691896257,0.5098824786324786,2.3149304611119193e-10,4.543425071656566e-10,2.3149304611119193e-10,4.543425071656566e-10,3.2548799676756383e-10,3.2548799676756383e-10,0.0067860236788911295,0.025011008366358414,0.0,0.08748593592339839
svg/g_70/g_88/path_85,0.75,1.0,1.0,0.0,0.0,0.4,1.0,0.0,0.0,0.0,0.5773502691896257,0.4786324786324786,4.717672901571444e-10,9.165671520309886e-10,4.717672901571444e-10,9.165671520309886e-10,6.599641957455345e-10,6.599641957455345e-10,0.0067860236788911295,0.025011008366358414,0.0,0.08748653812407668
svg/g_70/g_87/path_84,0.75,1.0,1.0,0.0,0.0,0.4,1.0,0.0,0.0,0.0,0.5773502691896257,0.6014957264957265,2.634952727710284e-11,5.6629855851510925e-11,2.634952727710284e-11,5.6629855851510925e-11,3.877167036372553e-11,3.877167036372553e-11,0.006786023678891145,0.02536327608982823,0.0,0.08861570706298127
svg/g_70/g_87/path_83,0.75,1.0,1.0,0.0,0.0,0.4,1.0,0.0,0.0,0.0,0.5773502691896257,0.5702457264957265,5.7055434748883394e-11,1.2108645985388701e-10,5.7055434748883394e-11,1.2108645985388701e-10,8.342008307883282e-11,8.342008307883282e-11,0.006786023678891135,0.025011008366358462,0.0,0.09032339519059554
svg/g_70/g_87/path_82,0.75,1.0,1.0,0.0,0.0,0.4,1.0,0.0,0.0,0.0,0.5773502691896257,0.5389957264957265,1.3942548971763835e-10,1.6182497252971798e-10,1.3942548971763835e-10,1.6182497252971798e-10,1.502232971279375e-10,1.502232971279375e-10,0.0014438348252959862,0.0035226772346983706,0.0,0.039612084812201236
svg/g_70/g_87/path_81,0.75,1.0,1.0,0.0,0.0,0.4,1.0,0.0,0.0,0.0,0.5773502691896257,0.5077457264957265,1.7167906534162918e-10,3.588757881755332e-10,1.7167906534162918e-10,3.588757881755332e-10,2.491179763050341e-10,2.491179763050341e-10,0.0067860236788911295,0.025011008366358414,0.0,0.08746169637739143
svg/g_70/g_87/path_80,0.75,1.0,1.0,0.0,0.0,0.4,1.0,0.0,0.0,0.0,0.5773502691896257,0.47649572649572647,3.498704120642538e-10,7.239775145691864e-10,3.498704120642538e-10,7.239775145691864e-10,5.051152316234672e-10,5.051152316234672e-10,0.0067860236788911295,0.025011008366358414,0.0,0.08747063344437146
svg/g_70/g_86/path_79,0.75,1.0,1.0,0.0,0.0,0.4,1.0,0.0,0.0,0.0,0.5773502691896257,0.5993589743589743,1.60306631436714e-11,3.6727483157363925e-11,1.60306631436714e-11,3.6727483157363925e-11,2.4354358678458977e-11,2.4354358678458977e-11,0.006786023678891145,0.02536327608982823,0.0,0.08859864550663048
svg/g_70/g_86/path_78,0.75,1.0,1.0,0.0,0.0,0.4,1.0,0.0,0.0,0.0,0.5773502691896257,0.5681089743589743,3.51559484605033e-11,7.909283860268271e-11,3.51559484605033e-11,7.909283860268271e-11,5.291532977433798e-11,5.291532977433798e-11,0.006786023678891135,0.02430647291941878,0.0,0.09065454426529815
svg/g_70/g_86/path_77,0.75,1.0,1.0,0.0,0.0,0.4,1.0,0.0,0.0,0.0,0.5773502691896257,0.5368589743589743,8.946641779303477e-11,1.0476589972960945e-10,8.946641779303477e-11,1.0476589972960945e-10,9.68240907475854e-11,9.68240907475854e-11,0.0014438348252959862,0.0035226772346983706,0.0,0.039612084812201236
svg/g_70/g_86/path_76,0.75,1.0,1.0,0.0,0.0,0.4,1.0,0.0,0.0,0.0,0.5773502691896257,0.5056089743589743,1.0453979733830128e-10,2.3275009741086914e-10,1.0453979733830128e-10,2.3275009741086914e-10,1.565525262530386e-10,1.565525262530386e-10,0.0067860236788911295,0.025011008366358414,0.0,0.08761027987649524
svg/g_70/g_86/path_75,0.75,1.0,1.0,0.0,0.0,0.4,1.0,0.0,0.0,0.0,0.5773502691896257,0.47435897435897434,2.1304509026236036e-10,4.695380479578008e-10,2.1304509026236036e-10,4.695380479578008e-10,3.174281789392685e-10,3.174281789392685e-10,0.0067860236788911295,0.025011008366358414,0.0,0.08751320408235612
svg/g_70/g_85/path_74,0.75,1.0,1.0,0.0,0.0,0.4,1.0,0.0,0.0,0.0,0.5773502691896257,0.5972222222222222,8.036461180997916e-12,1.9696862018960267e-11,8.036461180997916e-12,1.9696862018960267e-11,1.2625979858176425e-11,1.2625979858176425e-11,0.006930407161420736,0.02430647291941878,0.0,0.08482133416434083
svg/g_70/g_85/path_73,0.75,1.0,1.0,0.0,0.0,0.4,1.0,0.0,0.0,0.0,0.5773502691896257,0.5659722222222222,1.7339390740779218e-11,4.175596580738233e-11,1.7339390740779218e-11,4.175596580738233e-11,2.7005392942721748e-11,2.7005392942721748e-11,0.006786023678891135,0.025011008366358414,0.0,0.08754637250114988
svg/g_70/g_85/path_72,0.75,1.0,1.0,0.0,0.0,0.4,1.0,0.0,0.0,0.0,0.5773502691896257,0.5347222222222222,4.7137098017548304e-11,5.5690263808441185e-11,4.7137098017548304e-11,5.5690263808441185e-11,5.12406332098991e-11,5.12406332098991e-11,0.0014438348252959862,0.0035226772346983706,0.0,0.039612084812201236
svg/g_70/g_85/path_71,0.75,1.0,1.0,0.0,0.0,0.4,1.0,0.0,0.0,0.0,0.5773502691896257,0.5034722222222222,5.2267399211626407e-11,1.239425726672002e-10,5.2267399211626407e-11,1.239425726672002e-10,8.077928708275257e-11,8.077928708275257e-11,0.0067860236788911295,0.025011008366358414,0.0,0.08751656816839386
svg/g_70/g_85/path_70,0.75,1.0,1.0,0.0,0.0,0.4,1.0,0.0,0.0,0.0,0.5773502691896257,0.4722222222222222,1.0651745140450942e-10,2.500353567040329e-10,1.0651745140450942e-10,2.500353567040329e-10,1.6378925724421354e-10,1.6378925724421354e-10,0.0067860236788911295,0.025011008366358414,0.0,0.0875132040823561
svg/g_70/g_84/path_69,0.75,1.0,1.0,0.0,0.0,0.4,1.0,0.0,0.0,0.0,0.5773502691896257,0.5950854700854701,3.3882475291689128e-12,8.814510947041882e-12,3.3882475291689128e-12,8.814510947041882e-12,5.484295173157476e-12,5.484295173157476e-12,0.006930407161420736,0.024306472919418752,0.0,0.08482133416434083
svg/g_70/g_84/path_68,0.75,1.0,1.0,0.0,0.0,0.4,1.0,0.0,0.0,0.0,0.5773502691896257,0.5638354700854701,7.1139442346559344e-12,1.8240033744621563e-11,7.1139442346559344e-12,1.8240033744621563e-11,1.1430689899864871e-11,1.1430689899864871e-11,0.006930407161420736,0.023954205195948885,0.0,0.08804639198543986
svg/g_70/g_84/path_67,0.75,1.0,1.0,0.0,0.0,0.4,1.0,0.0,0.0,0.0,0.5773502691896257,0.5325854700854701,2.0912777476536456e-11,2.4921860117141e-11,2.0912777476536456e-11,2.4921860117141e-11,2.283176651988469e-11,2.283176651988469e-11,0.0014438348252959862,0.0035226772346983706,0.0,0.039612084812201236
svg/g_70/g_84/path_66,0.75,1.0,1.0,0.0,0.0,0.4,1.0,0.0,0.0,0.0,0.5773502691896257,0.5013354700854701,2.2036426512407697e-11,5.556126771544842e-11,2.2036426512407697e-11,5.556126771544842e-11,3.511809710637035e-11,3.511809710637035e-11,0.0067860236788911295,0.025011008366358438,0.0,0.08747836857948606
svg/g_70/g_84/path_65,0.75,1.0,1.0,0.0,0.0,0.4,1.0,0.0,0.0,0.0,0.5773502691896257,0.4700854700854701,4.49087581469388e-11,1.1208643723624127e-10,4.49087581469388e-11,1.1208643723624127e-10,7.120596440756042e-11,7.120596440756042e-11,0.0067860236788911295,0.025011008366358438,0.0,0.08747063344437146
svg/g_70/g_83/path_64,0.75,1.0,1.0,0.0,0.0,0.4,1.0,0.0,0.0,0.0,0.5773502691896257,0.592948717948718,1.1120340709233147e-12,3.0808493891935564e-12,1.1120340709233147e-12,3.0808493891935564e-12,1.857498304231023e-12,1.857498304231023e-12,0.006930407161420736,0.024306472919418752,0.0,0.08482133416434083
svg/g_70/g_83/path_63,0.75,1.0,1.0,0.0,0.0,0.4,1.0,0.0,0.0,0.0,0.5773502691896257,0.561698717948718,2.3668520769375754e-12,6.488395895989177e-12,2.3668520769375754e-12,6.488395895989177e-12,3.932677865996149e-12,3.932677865996149e-12,0.006930407161420736,0.024306472919418752,0.0,0.08482133416434083
svg/g_70/g_83/path_62,0.75,1.0,1.0,0.0,0.0,0.4,1.0,0.0,0.0,0.0,0.5773502691896257,0.530448717948718,7.206171665917895e-12,8.66665440616018e-12,7.206171665917895e-12,8.66665440616018e-12,7.903536635520153e-12,7.903536635520153e-12,0.0014438348252959862,0.0035226772346983706,0.0,0.039612084812201236
svg/g_70/g_83/path_61,0.75,1.0,1.0,0.0,0.0,0.4,1.0,0.0,0.0,0.0,0.5773502691896257,0.49919871794871795,7.193877626821227e-12,1.9357033362111275e-11,7.193877626821227e-12,1.9357033362111275e-11,1.1843368428897563e-11,1.1843368428897563e-11,0.0067860236788911295,0.025011008366358438,0.0,0.08750259171947464
svg/g_70/g_83/path_60,0.75,1.0,1.0,0.0,0.0,0.4,1.0,0.0,0.0,0.0,0.5773502691896257,0.46794871794871795,1.466063975026458e-11,3.9049881225421625e-11,1.466063975026458e-11,3.9049881225421625e-11,2.4013786061908473e-11,2.4013786061908473e-11,0.0067860236788911295,0.025011008366358438,0.0,0.08748653812407668
svg/g_70/g_82/path_59,0.75,1.0,1.0,0.0,0.0,0.4,1.0,0.0,0.0,0.0,0.5773502691896257,0.5908119658119658,8.139467349422396e-11,3.3303611170938994e-11,8.139467349422396e-11,3.3303611170938994e-11,5.2238111543004794e-11,5.2238111543004794e-11,0.006497256713831939,0.02395420519594876,0.0,0.08782237742356992
svg/g_70/g_82/path_58,0.75,1.0,1.0,0.0,0.0,0.4,1.0,0.0,0.0,0.0,0.5773502691896257,0.5595619658119658,4.1392588152830045e-11,1.612250036720875e-11,4.1392588152830045e-11,1.612250036720875e-11,2.5922798557069313e-11,2.5922798557069313e-11,0.006930407161420997,0.02395420519594876,0.0,0.0880985091902962
svg/g_70/g_82/path_57,0.75,1.0,1.0,0.0,0.0,0.4,1.0,0.0,0.0,0.0,0.5773502691896257,0.5283119658119658,1.3951615872014409e-11,1.1648533994115617e-11,1.3951615872014409e-11,1.1648533994115617e-11,1.2749446191222938e-11,1.2749446191222938e-11,0.0014438348252959862,0.0035226772346983706,0.0,0.039612084812201236
svg/g_70/g_82/path_56,0.75,1.0,1.0,0.0,0.0,0.4,1.0,0.0,0.0,0.0,0.5773502691896257,0.4970619658119658,1.3389513616755403e-11,5.128644194488019e-12,1.3389513616755403e-11,5.128644194488019e-12,8.316833427062171e-12,8.316833427062171e-12,0.0067860236788910375,0.025011008366358514,0.0,0.08748593592339828
svg/g_70/g_82/path_55,0.75,1.0,1.0,0.0,0.0,0.4,1.0,0.0,0.0,0.0,0.5773502691896257,0.4658119658119658,6.439480277953583e-12,2.441628744077444e-12,6.439480277953583e-12,2.441628744077444e-12,3.979601086213954e-12,3.979601086213954e-12,0.0067860236788910375,0.025011008366358514,0.0,0.08751974247399895
svg/g_70/g_81/path_54,0.75,1.0,1.0,0.0,0.0,0.4,1.0,0.0,0.0,0.0,0.5773502691896257,0.5886752136752137,2.0188431486903934e-10,8.793613696207384e-11,2.0188431486903934e-10,8.793613696207384e-11,1.3368380330242786e-10,1.3368380330242786e-10,0.006497256713831939,0.02395420519594896,0.0,0.08782728602748083
svg/g_70/g_81/path_53,0.75,1.0,1.0,0.0,0.0,0.4,1.0,0.0,0.0,0.0,0.5773502691896257,0.5574252136752137,1.0000926529824803e-10,4.129697838412718e-11,1.0000926529824803e-10,4.129697838412718e-11,6.449312214328606e-11,6.449312214328606e-11,0.006930407161420833,0.02430647291941878,0.0,0.08482133416434098
svg/g_70/g_81/path_52,0.75,1.0,1.0,0.0,0.0,0.4,1.0,0.0,0.0,0.0,0.5773502691896257,0.5261752136752137,3.6534621113385854e-11,3.07855472487329e-11,3.6534621113385854e-11,3.07855472487329e-11,3.3540472188951907e-11,3.3540472188951907e-11,0.0014438348252959862,0.003522677234698471,0.0,0.03961208481220151
svg/g_70/g_81/path_51,0.75,1.0,1.0,0.0,0.0,0.4,1.0,0.0,0.0,0.0,0.5773502691896257,0.4949252136752137,3.321019259497553e-11,1.3579296744611866e-11,3.321019259497553e-11,1.3579296744611866e-11,2.1313199693077304e-11,2.1313199693077304e-11,0.0067860236788910375,0.025011008366358414,0.0,0.0874616963773913
svg/g_70/g_81/path_50,0.75,1.0,1.0,0.0,0.0,0.4,1.0,0.0,0.0,0.0,0.5773502691896257,0.4636752136752137,1.597193044971917e-11,6.464788743121525e-12,1.597193044971917e-11,6.464788743121525e-12,1.0198356549173592e-11,1.0198356549173592e-11,0.0067860236788910375,0.025011008366358414,0.0,0.08750216530799841
svg/g_70/g_80/path_49,0.75,1.0,1.0,0.0,0.0,0.4,1.0,0.0,0.0,0.0,0.5773502691896257,0.5865384615384616,3.9076831307517525e-10,1.805093965160401e-10,3.9076831307517525e-10,1.805093965160401e-10,2.6647310912765203e-10,2.6647310912765203e-10,0.006497256713831939,0.023954205195949062,0.0,0.08782237742357
svg/g_70/g_80/path_48,0.75,1.0,1.0,0.0,0.0,0.4,1.0,0.0,0.0,0.0,0.5773502691896257,0.5552884615384616,1.9105566677713937e-10,8.43533340575515e-11,1.9105566677713937e-10,8.43533340575515e-11,1.2741055444942687e-10,1.2741055444942687e-10,0.006786023678891365,0.025011008366358313,0.0,0.09037448741472082
svg/g_70/g_80/path_47,0.75,1.0,1.0,0.0,0.0,0.4,1.0,0.0,0.0,0.0,0.5773502691896257,0.5240384615384616,7.441491072121015e-11,6.324912760325245e-11,7.441491072121015e-11,6.324912760325245e-11,6.861209524250823e-11,6.861209524250823e-11,0.0014438348252959862,0.0035226772346983706,0.0,0.039612084812201236
svg/g_70/g_80/path_46,0.75,1.0,1.0,0.0,0.0,0.4,1.0,0.0,0.0,0.0,0.5773502691896257,0.49278846153846156,6.428181875178668e-11,2.7947013285004917e-11,6.428181875178668e-11,2.7947013285004917e-11,4.253888439914934e-11,4.253888439914934e-11,0.0067860236788910375,0.025011008366358414,0.0,0.08748593592339828
svg/g_70/g_80/path_45,0.75,1.0,1.0,0.0,0.0,0.4,1.0,0.0,0.0,0.0,0.5773502691896257,0.46153846153846156,3.091535032050141e-11,1.3304925894667967e-11,3.091535032050141e-11,1.3304925894667967e-11,2.03548372160897e-11,2.03548372160897e-11,0.0067860236788910375,0.025011008366358414,0.0,0.08751974247399895
svg/g_70/g_79/path_44,0.75,1.0,1.0,0.0,0.0,0.4,1.0,0.0,0.0,0.0,0.5773502691896257,0.5844017094017094,6.320223988129477e-10,3.0995676954639557e-10,6.320223988129477e-10,3.0995676954639557e-10,4.4407938197280866e-10,4.4407938197280866e-10,0.006497256713831939,0.023954205195949062,0.0,0.08782841436303289
svg/g_70/g_79/path_43,0.75,1.0,1.0,0.0,0.0,0.4,1.0,0.0,0.0,0.0,0.5773502691896257,0.5531517094017094,3.0901036952825594e-10,1.4611220218571698e-10,3.0901036952825594e-10,1.4611220218571698e-10,2.132129293489034e-10,2.132129293489034e-10,0.006786023678891365,0.02395420519594886,0.0,0.09064033998312876
svg/g_70/g_79/path_42,0.75,1.0,1.0,0.0,0.0,0.4,1.0,0.0,0.0,0.0,0.5773502691896257,0.5219017094017094,1.2677151031228425e-10,1.087021240786887e-10,1.2677151031228425e-10,1.087021240786887e-10,1.1740140027155736e-10,1.1740140027155736e-10,0.0014438348252959862,0.0035226772346983706,0.0,0.039612084812201236
svg/g_70/g_79/path_41,0.75,1.0,1.0,0.0,0.0,0.4,1.0,0.0,0.0,0.0,0.5773502691896257,0.49065170940170943,1.0396838210304847e-10,4.8115305813665866e-11,1.0396838210304847e-10,4.8115305813665866e-11,7.098499982701085e-11,7.098499982701085e-11,0.0067860236788910375,0.025011008366358414,0.0,0.08751656816839376
svg/g_70/g_79/path_40,0.75,1.0,1.0,0.0,0.0,0.4,1.0,0.0,0.0,0.0,0.5773502691896257,0.45940170940170943,5.000199150217969e-11,2.2906582958315606e-11,5.000199150217969e-11,2.2906582958315606e-11,3.3966290763653766e-11,3.3966290763653766e-11,0.0067860236788910375,0.025011008366358414,0.0,0.08754637250114976
svg/g_70/g_78/path_39,0.75,1.0,1.0,0.0,0.0,0.4,1.0,0.0,0.0,0.0,0.5773502691896257,0.5822649572649572,8.510052814118955e-10,4.288781451663216e-10,8.510052814118955e-10,4.288781451663216e-10,6.064150087982094e-10,6.064150087982094e-10,0.0067860236788910375,0.025715543813298148,0.0,0.08864210680228288
svg/g_70/g_78/path_38,0.75,1.0,1.0,0.0,0.0,0.4,1.0,0.0,0.0,0.0,0.5773502691896257,0.5510149572649572,4.1038298550604304e-10,2.0507265575795152e-10,4.1038298550604304e-10,2.0507265575795152e-10,2.911540721674991e-10,2.911540721674991e-10,0.0067860236788910375,0.025011008366358414,0.0,0.08751974247399891
svg/g_70/g_78/path_37,0.75,1.0,1.0,0.0,0.0,0.4,1.0,0.0,0.0,0.0,0.5773502691896257,0.5197649572649572,1.7716443890987794e-10,1.5323050168939719e-10,1.7716443890987794e-10,1.5323050168939719e-10,1.647799314171128e-10,1.647799314171128e-10,0.0014438348252959862,0.0035226772346983706,0.0,0.039612084812201236
svg/g_70/g_78/path_36,0.75,1.0,1.0,0.0,0.0,0.4,1.0,0.0,0.0,0.0,0.5773502691896257,0.48851495726495725,1.3807580344575258e-10,6.79424032125218e-11,1.3807580344575258e-10,6.79424032125218e-11,9.720834723461906e-11,9.720834723461906e-11,0.0067860236788910375,0.025011008366358414,0.0,0.08748593592339823
svg/g_70/g_78/path_35,0.75,1.0,1.0,0.0,0.0,0.4,1.0,0.0,0.0,0.0,0.5773502691896257,0.45726495726495725,6.64054302942615e-11,3.2345804921246614e-11,6.64054302942615e-11,3.2345804921246614e-11,4.651415080470145e-11,4.651415080470145e-11,0.0067860236788910375,0.025011008366358414,0.0,0.08751974247399892
svg/g_70/g_77/path_34,0.75,1.0,1.0,0.0,0.0,0.4,1.0,0.0,0.0,0.0,0.5773502691896257,0.5801282051282051,9.367751961080545e-10,5.050236877841552e-10,9.367751961080545e-10,5.050236877841552e-10,6.9036527023895e-10,6.9036527023895e-10,0.0067860236788910375,0.02536327608982833,0.0,0.0885868944446153
svg/g_70/g_77/path_33,0.75,1.0,1.0,0.0,0.0,0.4,1.0,0.0,0.0,0.0,0.5773502691896257,0.5488782051282051,4.703033136173568e-10,2.4788274567901153e-10,4.703033136173568e-10,2.4788274567901153e-10,3.4262304020966314e-10,3.4262304020966314e-10,0.006930407161420997,0.023954205195949062,0.0,0.08809287419708776
svg/g_70/g_77/path_32,0.75,1.0,1.0,0.0,0.0,0.4,1.0,0.0,0.0,0.0,0.5773502691896257,0.5176282051282051,2.0608801497028553e-10,1.7989409824740733e-10,2.0608801497028553e-10,1.7989409824740733e-10,1.9256539968989758e-10,1.9256539968989758e-10,0.0014438348252959862,0.0035226772346983706,0.0,0.039612084812201236
svg/g_70/g_77/path_31,0.75,1.0,1.0,0.0,0.0,0.4,1.0,0.0,0.0,0.0,0.5773502691896257,0.4863782051282051,1.5213188888876527e-10,7.991194449703606e-11,1.5213188888876527e-10,7.991194449703606e-11,1.1065990563014291e-10,1.1065990563014291e-10,0.0067860236788910375,0.025011008366358414,0.0,0.08751656816839376
svg/g_70/g_77/path_30,0.75,1.0,1.0,0.0,0.0,0.4,1.0,0.0,0.0,0.0,0.5773502691896257,0.4551282051282051,7.316548802199302e-11,3.804422636469582e-11,7.316548802199302e-11,3.804422636469582e-11,5.2950715498652094e-11,5.2950715498652094e-11,0.0067860236788910375,0.025011008366358414,0.0,0.08754637250114976
svg/g_70/g_76/path_29,0.75,1.0,1.0,0.0,0.0,0.4,1.0,0.0,0.0,0.0,0.5773502691896257,0.5779914529914529,8.455195873672829e-10,4.853827886939384e-10,8.455195873672829e-10,4.853827886939384e-10,6.43044278788027e-10,6.43044278788027e-10,0.0067860236788910375,0.025715543813298245,0.0,0.08866383547279329
svg/g_70/g_76/path_28,0.75,1.0,1.0,0.0,0.0,0.4,1.0,0.0,0.0,0.0,0.5773502691896257,0.5467414529914529,4.1423205440427e-10,2.315335609392035e-10,4.1423205440427e-10,2.315335609392035e-10,3.107870915583871e-10,3.107870915583871e-10,0.006930407161420833,0.02430647291941878,0.0,0.08482133416434098
svg/g_70/g_76/path_27,0.75,1.0,1.0,0.0,0.0,0.4,1.0,0.0,0.0,0.0,0.5773502691896257,0.5154914529914529,1.9590920942219037e-10,1.7249294458502192e-10,1.9590920942219037e-10,1.7249294458502192e-10,1.8384698983595685e-10,1.8384698983595685e-10,0.0014438348252959862,0.0035226772346983706,0.0,0.039612084812201236
svg/g_70/g_76/path_26,0.75,1.0,1.0,0.0,0.0,0.4,1.0,0.0,0.0,0.0,0.5773502691896257,0.484241452991453,1.3743070613251624e-10,7.675675032204813e-11,1.3743070613251624e-10,7.675675032204813e-11,1.0308002050203589e-10,1.0308002050203589e-10,0.0067860236788910375,0.025011008366358414,0.0,0.08748593592339825
svg/g_70/g_76/path_25,0.75,1.0,1.0,0.0,0.0,0.4,1.0,0.0,0.0,0.0,0.5773502691896257,0.452991452991453,6.609518068065755e-11,3.654211147845046e-11,6.609518068065755e-11,3.654211147845046e-11,4.932374384486884e-11,4.932374384486884e-11,0.0067860236788910375,0.025011008366358414,0.0,0.08751974247399895
svg/g_70/g_75/path_24,0.75,1.0,1.0,0.0,0.0,0.4,1.0,0.0,0.0,0.0,0.5773502691896257,0.5758547008547008,6.264947125768449e-10,3.831575777329254e-10,6.264947125768449e-10,3.831575777329254e-10,4.917595289333857e-10,4.917595289333857e-10,0.0067860236788910375,0.02536327608982823,0.0,0.0886257265014514
svg/g_70/g_75/path_23,0.75,1.0,1.0,0.0,0.0,0.4,1.0,0.0,0.0,0.0,0.5773502691896257,0.5446047008547008,3.034671400673292e-10,1.832726316567405e-10,3.034671400673292e-10,1.832726316567405e-10,2.36689483216788e-10,2.36689483216788e-10,0.006786023678891365,0.025011008366358462,0.0,0.09041112088122938
svg/g_70/g_75/path_22,0.75,1.0,1.0,0.0,0.0,0.4,1.0,0.0,0.0,0.0,0.5773502691896257,0.5133547008547008,1.5310444486600472e-10,1.3600686122924959e-10,1.5310444486600472e-10,1.3600686122924959e-10,1.4431708164303352e-10,1.4431708164303352e-10,0.0014438348252959862,0.0035226772346983706,0.0,0.039612084812201236
svg/g_70/g_75/path_21,0.75,1.0,1.0,0.0,0.0,0.4,1.0,0.0,0.0,0.0,0.5773502691896257,0.48210470085470086,1.0192088088355672e-10,6.06285760966101e-11,1.0192088088355672e-10,6.06285760966101e-11,7.889411087342296e-11,7.889411087342296e-11,0.0067860236788910375,0.025011008366358414,0.0,0.08746169637739132
svg/g_70/g_75/path_20,0.75,1.0,1.0,0.0,0.0,0.4,1.0,0.0,0.0,0.0,0.5773502691896257,0.45085470085470086,4.901727733709577e-11,2.8863861187537132e-11,4.901727733709577e-11,2.8863861187537132e-11,3.7750796872538e-11,3.7750796872538e-11,0.0067860236788910375,0.025011008366358414,0.0,0.08750216530799843
svg/g_70/g_74/path_19,0.75,1.0,1.0,0.0,0.0,0.4,1.0,0.0,0.0,0.0,0.5773502691896257,0.5737179487179487,3.8115012815952457e-10,2.484981335587651e-10,3.8115012815952457e-10,2.484981335587651e-10,3.0889791022258374e-10,3.0889791022258374e-10,0.0067860236788910375,0.02536327608982823,0.0,0.08860867189167414
svg/g_70/g_74/path_18,0.75,1.0,1.0,0.0,0.0,0.4,1.0,0.0,0.0,0.0,0.5773502691896257,0.5424679487179487,1.8445874509908874e-10,1.1811542622262102e-10,1.8445874509908874e-10,1.1811542622262102e-10,1.4812093740010405e-10,1.4812093740010405e-10,0.006786023678891365,0.02430647291941878,0.0,0.09061827089276027
svg/g_70/g_74/path_17,0.75,1.0,1.0,0.0,0.0,0.4,1.0,0.0,0.0,0.0,0.5773502691896257,0.5112179487179487,9.824391693436365e-11,8.805118865980785e-11,9.824391693436365e-11,8.805118865980785e-11,9.301733137657977e-11,9.301733137657977e-11,0.0014438348252959862,0.0035226772346983706,0.0,0.039612084812201236
svg/g_70/g_74/path_16,0.75,1.0,1.0,0.0,0.0,0.4,1.0,0.0,0.0,0.0,0.5773502691896257,0.47996794871794873,6.206224510196331e-11,3.9320866598741344e-11,6.206224510196331e-11,3.9320866598741344e-11,4.95792096054858e-11,4.95792096054858e-11,0.0067860236788910375,0.025011008366358414,0.0,0.08751656816839375
svg/g_70/g_74/path_15,0.75,1.0,1.0,0.0,0.0,0.4,1.0,0.0,0.0,0.0,0.5773502691896257,0.44871794871794873,2.9847880571218125e-11,1.871975408875211e-11,2.9847880571218125e-11,1.871975408875211e-11,2.372362968790585e-11,2.372362968790585e-11,0.0067860236788910375,0.025011008366358414,0.0,0.08754637250114974
svg/g_70/g_73/path_14,0.75,1.0,1.0,0.0,0.0,0.4,1.0,0.0,0.0,0.0,0.5773502691896257,0.5715811965811965,1.9107744836467682e-10,1.2975257071453928e-10,1.9107744836467682e-10,1.2975257071453928e-10,1.5801446582312607e-10,1.5801446582312607e-10,0.006930407161420833,0.02430647291941878,0.0,0.08482133416434098
svg/g_70/g_73/path_13,0.75,1.0,1.0,0.0,0.0,0.4,1.0,0.0,0.0,0.0,0.5773502691896257,0.5403311965811965,9.222496229803992e-11,6.320050772086553e-11,9.222496229803992e-11,6.320050772086553e-11,7.662294574363464e-11,7.662294574363464e-11,0.0067860236788910375,0.025011008366358414,0.0,0.08754637250114973
svg/g_70/g_73/path_12,0.75,1.0,1.0,0.0,0.0,0.4,1.0,0.0,0.0,0.0,0.5773502691896257,0.5090811965811965,5.176169177663765e-11,4.680524806036335e-11,5.176169177663765e-11,4.680524806036335e-11,4.9226044080871734e-11,4.9226044080871734e-11,0.0014438348252959862,0.0035226772346983706,0.0,0.039612084812201236
svg/g_70/g_73/path_11,0.75,1.0,1.0,0.0,0.0,0.4,1.0,0.0,0.0,0.0,0.5773502691896257,0.47783119658119655,3.102963869555587e-11,2.093889291547165e-11,3.102963869555587e-11,2.093889291547165e-11,2.5582296893658418e-11,2.5582296893658418e-11,0.0067860236788910375,0.025011008366358414,0.0,0.08751656816839375
svg/g_70/g_73/path_10,0.75,1.0,1.0,0.0,0.0,0.4,1.0,0.0,0.0,0.0,0.5773502691896257,0.44658119658119655,1.4923226648204212e-11,9.968522064081109e-12,1.4923226648204212e-11,9.968522064081109e-12,1.224111765597946e-11,1.224111765597946e-11,0.0067860236788910375,0.025011008366358414,0.0,0.08754637250114974
svg/g_70/g_72/path_9,0.75,1.0,1.0,0.0,0.0,0.4,1.0,0.0,0.0,0.0,0.5773502691896257,0.5694444444444444,8.056004722978359e-11,5.806536360305502e-11,8.056004722978359e-11,5.806536360305502e-11,6.863609651979836e-11,6.863609651979836e-11,0.006930407161420833,0.024306472919418752,0.0,0.08482133416434098
svg/g_70/g_72/path_8,0.75,1.0,1.0,0.0,0.0,0.4,1.0,0.0,0.0,0.0,0.5773502691896257,0.5381944444444444,4.0443131816147435e-11,2.8735429382234445e-11,4.0443131816147435e-11,2.8735429382234445e-11,3.4208626006515714e-11,3.4208626006515714e-11,0.006930407161420997,0.023954205195948885,0.0,0.08810336303664325
svg/g_70/g_72/path_7,0.75,1.0,1.0,0.0,0.0,0.4,1.0,0.0,0.0,0.0,0.5773502691896257,0.5069444444444444,2.2964518128182303e-11,2.094574105306453e-11,2.2964518128182303e-11,2.094574105306453e-11,2.193410726499155e-11,2.193410726499155e-11,0.0014438348252959862,0.0035226772346983706,0.0,0.039612084812201236
svg/g_70/g_72/path_6,0.75,1.0,1.0,0.0,0.0,0.4,1.0,0.0,0.0,0.0,0.5773502691896257,0.4756944444444444,1.3082387169344373e-11,9.386536118347838e-12,1.3082387169344373e-11,9.386536118347838e-12,1.1121682537197292e-11,1.1121682537197292e-11,0.0067860236788910375,0.025011008366358438,0.0,0.08746169637739132
svg/g_70/g_72/path_5,0.75,1.0,1.0,0.0,0.0,0.4,1.0,0.0,0.0,0.0,0.5773502691896257,0.4444444444444444,6.291772545055305e-12,4.468712494914491e-12,6.291772545055305e-12,4.468712494914491e-12,5.321720134677658e-12,5.321720134677658e-12,0.0067860236788910375,0.025011008366358438,0.0,0.08750216530799841
svg/g_70/g_71/path_4,0.75,1.0,1.0,0.0,0.0,0.4,1.0,0.0,0.0,0.0,0.5773502691896257,0.5673076923076923,2.644007455284268e-11,2.0295015919154258e-11,2.644007455284268e-11,2.0295015919154258e-11,2.3246639516880995e-11,2.3246639516880995e-11,0.006930407161420833,0.024306472919418752,0.0,0.08482133416434098
svg/g_70/g_71/path_3,0.75,1.0,1.0,0.0,0.0,0.4,1.0,0.0,0.0,0.0,0.5773502691896257,0.5360576923076923,1.2930008299702279e-11,9.820630585150914e-12,1.2930008299702279e-11,9.820630585150914e-12,1.1308453967044419e-11,1.1308453967044419e-11,0.006930407161420833,0.024306472919418752,0.0,0.08482133416434098
svg/g_70/g_71/path_2,0.75,1.0,1.0,0.0,0.0,0.4,1.0,0.0,0.0,0.0,0.5773502691896257,0.5048076923076923,7.91316505148281e-12,7.283946628966825e-12,7.91316505148281e-12,7.283946628966825e-12,7.592799277502639e-12,7.592799277502639e-12,0.0014438348252959862,0.0035226772346983706,0.0,0.039612084812201236
svg/g_70/g_71/path_1,0.75,1.0,1.0,0.0,0.0,0.4,1.0,0.0,0.0,0.0,0.5773502691896257,0.4735576923076923,4.270796461030959e-12,3.2701826338458994e-12,4.270796461030959e-12,3.2701826338458994e-12,3.750720986911627e-12,3.750720986911627e-12,0.0067860236788910375,0.025011008366358438,0.0,0.08748593592339825
svg/g_70/g_71/path,0.75,1.0,1.0,0.0,0.0,0.4,1.0,0.0,0.0,0.0,0.5773502691896257,0.4423076923076923,2.0539737565633124e-12,1.55685822887897e-12,2.0539737565633124e-12,1.55685822887897e-12,1.7947183197188853e-12,1.7947183197188853e-12,0.0067860236788910375,0.025011008366358438,0.0,0.08751974247399895
svg/g/g_69/line_117,0.375,1.0,1.0,0.0,0.0,0.0,0.07362500097172486,0.9972859967090251,0.5421686746987951,0.5117647058823529,1.0,0.375,4.241879556736893e-08,1.945141781348075e-07,4.241879556736893e-08,1.945141781348075e-07,9.260890521867416e-08,9.260890521867416e-08,0.019491770141495817,0.05037428445618674,0.0,0.09490532902787002
svg/g/g_69/line_116,0.375,1.0,1.0,0.0,0.0,0.0,0.07362500097172486,0.9972859967090251,0.5421686746987951,0.5117647058823529,1.0,0.34375,4.2915864339387264e-08,1.945141781348075e-07,4.2915864339387264e-08,1.945141781348075e-07,9.31373984630957e-08,9.31373984630957e-08,0.019347386658966226,0.05037428445618674,0.0,0.09479905883572047
svg/g/g_68/line_115,0.375,1.0,1.0,0.0,0.0,0.0,0.07362500097172486,0.9972859967090251,0.5421686746987951,0.5117647058823529,1.0,0.37286324786324787,2.2857444654102242e-06,5.657537781978836e-06,2.2857444654102242e-06,5.657537781978836e-06,3.665756685744735e-06,3.665756685744735e-06,0.019491770141495834,0.05002201673271683,0.0,0.09479088496382124
svg/g/g_68/line_114,0.375,1.0,1.0,0.0,0.0,0.0,0.07362500097172486,0.9972859967090251,0.5421686746987951,0.5117647058823529,1.0,0.34161324786324787,2.3084534005107506e-06,5.657537781978836e-06,2.3084534005107506e-06,5.657537781978836e-06,3.683425923988997e-06,3.683425923988997e-06,0.019347386658966226,0.05002201673271683,0.0,0.09468360661569612
svg/g/g_67/line_113,0.375,1.0,1.0,0.0,0.0,0.0,0.07362500097172486,0.9972859967090251,0.5421686746987951,0.5117647058823529,1.0,0.37072649572649574,3.5842070952431835e-06,1.0036202209473617e-05,3.5842070952431835e-06,1.0036202209473617e-05,6.1147569799011204e-06,6.1147569799011204e-06,0.019491770141495834,0.05037428445618665,0.0,0.09490532902787001
svg/g/g_67/line_112,0.375,1.0,1.0,0.0,0.0,0.0,0.07362500097172486,0.9972859967090251,0.5421686746987951,0.5117647058823529,1.0,0.33947649572649574,3.619816292834801e-06,1.0036202209473617e-05,3.619816292834801e-06,1.0036202209473617e-05,6.144230593985707e-06,6.144230593985707e-06,0.019347386658966226,0.05037428445618665,0.0,0.09479905883572042
svg/g/g_66/line_111,0.375,1.0,1.0,0.0,0.0,0.0,0.07362500097172486,0.9972859967090251,0.5421686746987951,0.5117647058823529,1.0,0.3685897435897436,4.635874140042142e-06,1.4782584674423602e-05,4.635874140042142e-06,1.4782584674423602e-05,8.438729606437867e-06,8.438729606437867e-06,0.019491770141495834,0.05002201673271683,0.0,0.09479088496382124
svg/g/g_66/line_110,0.375,1.0,1.0,0.0,0.0,0.0,0.07362500097172486,0.9972859967090251,0.5421686746987951,0.5117647058823529,1.0,0.3373397435897436,4.681931679094974e-06,1.4782584674423602e-05,4.681931679094974e-06,1.4782584674423602e-05,8.479404953079094e-06,8.479404953079094e-06,0.019347386658966226,0.05002201673271683,0.0,0.09468360661569612
svg/g/g_65/line_109,0.375,1.0,1.0,0.0,0.0,0.0,0.07362500097172486,0.9972859967090251,0.5421686746987951,0.5117647058823529,1.0,0.3664529914529915,4.905263325601611e-06,1.767625611729914e-05,4.905263325601611e-06,1.767625611729914e-05,9.493454173210293e-06,9.493454173210293e-06,0.019491770141495834,0.05037428445618674,0.0,0.09490532902787004
svg/g/g_65/line_108,0.375,1.0,1.0,0.0,0.0,0.0,0.07362500097172486,0.9972859967090251,0.5421686746987951,0.5117647058823529,1.0,0.3352029914529915,4.953997253736525e-06,1.767625611729914e-05,4.953997253736525e-06,1.767625611729914e-05,9.539213375996376e-06,9.539213375996376e-06,0.019347386658966226,0.05037428445618674,0.0,0.09479905883572047
svg/g/g_64/line_107,0.375,1.0,1.0,0.0,0.0,0.0,0.07362500097172486,0.9972859967090251,0.5421686746987951,0.5117647058823529,1.0,0.36431623931623935,0.3224633536648168,0.4018241269465018,0.3224633536648168,0.4018241269465018,0.36693932144841435,0.36693932144841435,0.019491770141495817,0.05002201673271683,0.0,0.09479088496382121
svg/g/g_64/line_106,0.375,1.0,1.0,0.0,0.0,0.0,0.07362500097172486,0.9972859967090251,0.5421686746987951,0.5117647058823529,1.0,0.33306623931623935,0.3234082631660885,0.4018241269465018,0.3234082631660885,0.4018241269465018,0.36742712428825086,0.36742712428825086,0.019347386658966265,0.05002201673271683,0.0,0.09468360661569615
svg/g/g_63/line_105,0.375,1.0,1.0,0.0,0.0,0.0,0.07362500097172486,0.9972859967090251,0.5421686746987951,0.5117647058823529,1.0,0.36217948717948717,0.34055222721954315,0.4823172042648147,0.34055222721954315,0.4823172042648147,0.41319607895168986,0.41319607895168986,0.019491770141495817,0.05037428445618674,0.0,0.09490532902787002
svg/g/g_63/line_104,0.375,1.0,1.0,0.0,0.0,0.0,0.07362500097172486,0.9972859967090251,0.5421686746987951,0.5117647058823529,1.0,0.33092948717948717,0.3415501422741433,0.4823172042648147,0.3415501422741433,0.4823172042648147,0.41374537473151074,0.41374537473151074,0.019347386658966265,0.05037428445618674,0.0,0.09479905883572048
svg/g/g_62/line_103,0.375,1.0,1.0,0.0,0.0,0.0,0.07362500097172486,0.9972859967090251,0.5421686746987951,0.5117647058823529,1.0,0.36004273504273504,0.29642329923324306,0.4750281178385019,0.29642329923324306,0.4750281178385019,0.3825725267581905,0.3825725267581905,0.019491770141495817,0.05037428445618674,0.0,0.09490532902787002
svg/g/g_62/line_102,0.375,1.0,1.0,0.0,0.0,0.0,0.07362500097172486,0.9972859967090251,0.5421686746987951,0.5117647058823529,1.0,0.32879273504273504,0.29729190395579685,0.4750281178385019,0.29729190395579685,0.4750281178385019,0.38308111211301005,0.38308111211301005,0.019347386658966265,0.05037428445618674,0.0,0.09479905883572048
svg/g/g_61/line_101,0.375,1.0,1.0,0.0,0.0,0.0,0.07362500097172486,0.9972859967090251,0.5421686746987951,0.5117647058823529,1.0,0.3579059829059829,0.6194955375487631,0.5357603740304425,0.6194955375487631,0.5357603740304425,0.587357255850865,0.587357255850865,0.019491770141495817,0.05037428445618665,0.0,0.09490532902786998
svg/g/g_61/line_100,0.375,1.0,1.0,0.0,0.0,0.0,0.07362500097172486,0.9972859967090251,0.5421686746987951,0.5117647058823529,1.0,0.3266559829059829,0.6202158097605046,0.5357603740304425,0.6202158097605046,0.5357603740304425,0.5876195694227494,0.5876195694227494,0.01934738665896618,0.05037428445618665,0.0,0.0947990588357204
svg/g/g_60/line_99,0.375,1.0,1.0,0.0,0.0,0.0,0.07362500097172486,0.9972859967090251,0.5421686746987951,0.5117647058823529,1.0,0.3557692307692308,0.7976684203322784,0.785576621435408,0.7976684203322784,0.785576621435408,0.8069405500658667,0.8069405500658667,0.019491770141495817,0.05002201673271683,0.0,0.09479088496382121
svg/g/g_60/line_98,0.375,1.0,1.0,0.0,0.0,0.0,0.07362500097172486,0.9972859967090251,0.5421686746987951,0.5117647058823529,1.0,0.3245192307692308,0.7985958497688527,0.785576621435408,0.7985958497688527,0.785576621435408,0.8073009294701861,0.8073009294701861,0.01934738665896618,0.05002201673271683,0.0,0.0946836066156961
svg/g/g_59/line_97,0.375,1.0,1.0,0.0,0.0,0.0,0.07362500097172486,0.9972859967090251,0.5421686746987951,0.5117647058823529,1.0,0.3536324786324786,0.840382375955789,0.9353216658128986,0.840382375955789,0.9353216658128986,0.903892780514244,0.903892780514244,0.019491770141495817,0.05037428445618674,0.0,0.09490532902787002
svg/g/g_59/line_96,0.375,1.0,1.0,0.0,0.0,0.0,0.07362500097172486,0.9972859967090251,0.5421686746987951,0.5117647058823529,1.0,0.3223824786324786,0.8413594678571018,0.9353216658128986,0.8413594678571018,0.9353216658128986,0.9042964587552045,0.9042964587552045,0.01934738665896618,0.05037428445618674,0.0,0.09479905883572042
svg/g/g_58/line_95,0.375,1.0,1.0,0.0,0.0,0.0,0.07362500097172486,0.9972859967090251,0.5421686746987951,0.5117647058823529,1.0,0.35149572649572647,0.43949309138103465,0.26250483416588233,0.43949309138103465,0.26250483416588233,0.34624556464574924,0.34624556464574924,0.019347386658966265,0.05037428445618674,0.0,0.09479905883572048
svg/g/g_58/line_94,0.375,1.0,1.0,0.0,0.0,0.0,0.07362500097172486,0.9972859967090251,0.5421686746987951,0.5117647058823529,1.0,0.32024572649572647,0.43949309138103465,0.262202078310982,0.43949309138103465,0.262202078310982,0.3460923848769169,0.3460923848769169,0.019491770141495817,0.05037428445618674,0.0,0.09490532902787002
svg/g/g_57/line_93,0.375,1.0,1.0,0.0,0.0,0.0,0.07362500097172486,0.9972859967090251,0.5421686746987951,0.5117647058823529,1.0,0.34935897435897434,0.6965203412398271,0.47343588538882725,0.6965203412398271,0.47343588538882725,0.5853788519138907,0.5853788519138907,0.019347386658966265,0.05037428445618674,0.0,0.09479905883572048
svg/g/g_57/line_92,0.375,1.0,1.0,0.0,0.0,0.0,0.07362500097172486,0.9972859967090251,0.5421686746987951,0.5117647058823529,1.0,0.31810897435897434,0.6965203412398271,0.4728898554969327,0.6965203412398271,0.4728898554969327,0.5851198790738856,0.5851198790738856,0.019491770141495817,0.05037428445618674,0.0,0.09490532902787002
svg/g/g_56/line_91,0.375,1.0,1.0,0.0,0.0,0.0,0.07362500097172486,0.9972859967090251,0.5421686746987951,0.5117647058823529,1.0,0.3472222222222222,0.12328311985195212,0.05185184397727319,0.12328311985195212,0.05185184397727319,0.08149135962309896,0.08149135962309896,0.019347386658966265,0.05002201673271692,0.0,0.09468360661569619
svg/g/g_56/line_90,0.375,1.0,1.0,0.0,0.0,0.0,0.07362500097172486,0.9972859967090251,0.5421686746987951,0.5117647058823529,1.0,0.3159722222222222,0.12328311985195212,0.05170344934352011,0.12328311985195212,0.05170344934352011,0.08138561176428412,0.08138561176428412,0.019491770141495817,0.05002201673271692,0.0,0.09479088496382124
svg/g/g_55/line_89,0.375,1.0,1.0,0.0,0.0,0.0,0.07362500097172486,0.9972859967090251,0.5421686746987951,0.5117647058823529,1.0,0.3450854700854701,0.23815804257686649,0.11354258874032562,0.23815804257686649,0.11354258874032562,0.16762992927506565,0.16762992927506565,0.019347386658966265,0.05037428445618674,0.0,0.09479905883572048
svg/g/g_55/line_88,0.375,1.0,1.0,0.0,0.0,0.0,0.07362500097172486,0.9972859967090251,0.5421686746987951,0.5117647058823529,1.0,0.3138354700854701,0.23815804257686649,0.11321764155274087,0.23815804257686649,0.11321764155274087,0.167412403071354,0.167412403071354,0.019491770141495817,0.05037428445618674,0.0,0.09490532902787002
svg/g/g_54/line_87,0.375,1.0,1.0,0.0,0.0,0.0,0.07362500097172486,0.9972859967090251,0.5421686746987951,0.5117647058823529,1.0,0.34294871794871795,0.029930364425933716,0.009938384653281711,0.029930364425933716,0.009938384653281711,0.01757889434902242,0.01757889434902242,0.01934738665896618,0.05002201673271692,0.0,0.09468360661569612
svg/g/g_54/line_86,0.375,1.0,1.0,0.0,0.0,0.0,0.07362500097172486,0.9972859967090251,0.5421686746987951,0.5117647058823529,1.0,0.31169871794871795,0.029930364425933716,0.009892476292203956,0.029930364425933716,0.009892476292203956,0.0175406053296684,0.0175406053296684,0.019491770141495817,0.05002201673271692,0.0,0.09479088496382124
svg/g/g_53/line_85,0.375,1.0,1.0,0.0,0.0,0.0,0.07362500097172486,0.9972859967090251,0.5421686746987951,0.5117647058823529,1.0,0.3408119658119658,0.05781940799237313,0.021762580361179125,0.05781940799237313,0.021762580361179125,0.036160260794387535,0.036160260794387535,0.01934738665896618,0.05037428445618674,0.0,0.09479905883572042
svg/g/g_53/line_84,0.375,1.0,1.0,0.0,0.0,0.0,0.07362500097172486,0.9972859967090251,0.5421686746987951,0.5117647058823529,1.0,0.3095619658119658,0.05781940799237313,0.021662052515652952,0.05781940799237313,0.021662052515652952,0.03608149924670923,0.03608149924670923,0.019491770141495817,0.05037428445618674,0.0,0.09490532902787002
svg/g/g_52/line_83,0.375,1.0,1.0,0.0,0.0,0.0,0.07362500097172486,0.9972859967090251,0.5421686746987951,0.5117647058823529,1.0,0.3386752136752137,0.08948732523196307,0.038172524302782083,0.08948732523196307,0.038172524302782083,0.059570858177054535,0.059570858177054535,0.01934738665896618,0.05002201673271683,0.0,0.0946836066156961
svg/g/g_52/line_82,0.375,1.0,1.0,0.0,0.0,0.0,0.07362500097172486,0.9972859967090251,0.5421686746987951,0.5117647058823529,1.0,0.3074252136752137,0.08948732523196307,0.03799619403482823,0.08948732523196307,0.03799619403482823,0.05944110543513632,0.05944110543513632,0.019491770141495817,0.05002201673271683,0.0,0.09479088496382121
svg/g/g_51/line_81,0.375,1.0,1.0,0.0,0.0,0.0,0.07362500097172486,0.9972859967090251,0.5421686746987951,0.5117647058823529,1.0,0.33653846153846156,0.006733829477031617,0.0019968950470250317,0.006733829477031617,0.0019968950470250317,0.0037385795795834465,0.0037385795795834465,0.019491770141495817,0.05037428445618665,0.0,0.09490532902786998
svg/g/g_51/line_80,0.375,1.0,1.0,0.0,0.0,0.0,0.07362500097172486,0.9972859967090251,0.5421686746987951,0.5117647058823529,1.0,0.30528846153846156,0.006694685466842016,0.0019968950470250317,0.006694685466842016,0.0019968950470250317,0.0037271961468661884,0.0037271961468661884,0.01934738665896635,0.05037428445618665,0.0,0.09479905883572053
svg/g/g_50/line_79,0.375,1.0,1.0,0.0,0.0,0.0,0.07362500097172486,0.9972859967090251,0.5421686746987951,0.5117647058823529,1.0,0.33440170940170943,0.010578583129256856,0.0035679135948415153,0.010578583129256856,0.0035679135948415153,0.006263525764521949,0.006263525764521949,0.019491770141495817,0.05037428445618665,0.0,0.09490532902786998
svg/g/g_50/line_78,0.375,1.0,1.0,0.0,0.0,0.0,0.07362500097172486,0.9972859967090251,0.5421686746987951,0.5117647058823529,1.0,0.30315170940170943,0.01051708941795699,0.0035679135948415153,0.01051708941795699,0.0035679135948415153,0.0062444542367945145,0.0062444542367945145,0.01934738665896635,0.05037428445618665,0.0,0.09479905883572053
svg/g/g_49/line_77,0.375,1.0,1.0,0.0,0.0,0.0,0.07362500097172486,0.9972859967090251,0.5421686746987951,0.5117647058823529,1.0,0.33226495726495725,0.013489876263710648,0.00514816838352874,0.013489876263710648,0.00514816838352874,0.008496270034635022,0.008496270034635022,0.019491770141495817,0.05037428445618665,0.0,0.09490532902786998
svg/g/g_49/line_76,0.375,1.0,1.0,0.0,0.0,0.0,0.07362500097172486,0.9972859967090251,0.5421686746987951,0.5117647058823529,1.0,0.30101495726495725,0.013411459093254493,0.00514816838352874,0.013411459093254493,0.00514816838352874,0.008470400124358108,0.008470400124358108,0.01934738665896635,0.05037428445618665,0.0,0.09479905883572053
svg/g/g_48/line_75,0.375,1.0,1.0,0.0,0.0,0.0,0.07362500097172486,0.9972859967090251,0.5421686746987951,0.5117647058823529,1.0,0.3301282051282051,0.014268788046761722,0.006168600554788757,0.014268788046761722,0.006168600554788757,0.009564996602894418,0.009564996602894418,0.019491770141495817,0.05037428445618674,0.0,0.09490532902787002
svg/g/g_48/line_74,0.375,1.0,1.0,0.0,0.0,0.0,0.07362500097172486,0.9972859967090251,0.5421686746987951,0.5117647058823529,1.0,0.2988782051282051,0.014185843032100924,0.006168600554788757,0.014185843032100924,0.006168600554788757,0.009535872575184954,0.009535872575184954,0.01934738665896635,0.05037428445618674,0.0,0.09479905883572055
svg/g/g_47/line_73,0.375,1.0,1.0,0.0,0.0,0.0,0.07362500097172486,0.9972859967090251,0.5421686746987951,0.5117647058823529,1.0,0.327991452991453,0.012413827815794802,0.006096802770157089,0.012413827815794802,0.006096802770157089,0.008869556080121311,0.008869556080121311,0.019491770141495817,0.05037428445618674,0.0,0.09490532902787002
svg/g/g_47/line_72,0.375,1.0,1.0,0.0,0.0,0.0,0.07362500097172486,0.9972859967090251,0.5421686746987951,0.5117647058823529,1.0,0.296741452991453,0.012341665756424147,0.006096802770157089,0.012341665756424147,0.006096802770157089,0.00884254956796322,0.00884254956796322,0.01934738665896635,0.05037428445618674,0.0,0.09479905883572055
svg/g/g_46/line_71,0.375,1.0,1.0,0.0,0.0,0.0,0.07362500097172486,0.9972859967090251,0.5421686746987951,0.5117647058823529,1.0,0.32585470085470086,0.0006776658207725161,0.00020456612579052418,0.0006776658207725161,0.00020456612579052418,0.0003795427644232255,0.0003795427644232255,0.019491770141495817,0.05002201673271683,0.0,0.09479088496382121
svg/g/g_46/line_70,0.375,1.0,1.0,0.0,0.0,0.0,0.07362500097172486,0.9972859967090251,0.5421686746987951,0.5117647058823529,1.0,0.29460470085470086,0.0006725256666125279,0.00020456612579052418,0.0006725256666125279,0.00020456612579052418,0.00037804974092620487,0.00037804974092620487,0.01934738665896618,0.05002201673271683,0.0,0.0946836066156961
svg/g/g_45/line_69,0.375,1.0,1.0,0.0,0.0,0.0,0.07362500097172486,0.9972859967090251,0.5421686746987951,0.5117647058823529,1.0,0.32371794871794873,0.000709880947724446,0.00024356376497322355,0.000709880947724446,0.00024356376497322355,0.0004239328316293363,0.0004239328316293363,0.019491770141495817,0.05037428445618665,0.0,0.09490532902786998
svg/g/g_45/line_68,0.375,1.0,1.0,0.0,0.0,0.0,0.07362500097172486,0.9972859967090251,0.5421686746987951,0.5117647058823529,1.0,0.29246794871794873,0.0007044964390260693,0.00024356376497322355,0.0007044964390260693,0.00024356376497322355,0.0004222651890390661,0.0004222651890390661,0.01934738665896618,0.05037428445618665,0.0,0.0947990588357204
svg/g/g_44/line_67,0.375,1.0,1.0,0.0,0.0,0.0,0.07362500097172486,0.9972859967090251,0.5421686746987951,0.5117647058823529,1.0,0.32158119658119655,0.00061310810642846,0.00023802477781388764,0.00061310810642846,0.00023802477781388764,0.00038947318828950437,0.00038947318828950437,0.019491770141495817,0.05037428445618674,0.0,0.09490532902787002
svg/g/g_44/line_66,0.375,1.0,1.0,0.0,0.0,0.0,0.07362500097172486,0.9972859967090251,0.5421686746987951,0.5117647058823529,1.0,0.29033119658119655,0.0006084576281437678,0.00023802477781388764,0.0006084576281437678,0.00023802477781388764,0.0003879411010622339,0.0003879411010622339,0.01934738665896618,0.05037428445618674,0.0,0.09479905883572042
svg/g/g_43/line_65,0.375,1.0,1.0,0.0,0.0,0.0,0.07362500097172486,0.9972859967090251,0.5421686746987951,0.5117647058823529,1.0,0.3194444444444444,0.00043764333575104625,0.00019246874496250827,0.00043764333575104625,0.00019246874496250827,0.00029589540391216577,0.00029589540391216577,0.019491770141495817,0.050374284456186684,0.0,0.09490532902787001
svg/g/g_43/line_64,0.375,1.0,1.0,0.0,0.0,0.0,0.07362500097172486,0.9972859967090251,0.5421686746987951,0.5117647058823529,1.0,0.2881944444444444,0.00043432377300507886,0.00019246874496250827,0.00043432377300507886,0.00019246874496250827,0.0002947314275908872,0.0002947314275908872,0.01934738665896618,0.050374284456186684,0.0,0.09479905883572042
svg/g/g_42/line_63,0.375,1.0,1.0,0.0,0.0,0.0,0.07362500097172486,0.9972859967090251,0.5421686746987951,0.5117647058823529,1.0,0.3173076923076923,1.7690579685015994e-05,4.21881286438096e-06,1.7690579685015994e-05,4.21881286438096e-06,8.807732481267329e-06,8.807732481267329e-06,0.019491770141495817,0.05037428445618665,0.0,0.09490532902786998
svg/g/g_42/line_62,0.375,1.0,1.0,0.0,0.0,0.0,0.07362500097172486,0.9972859967090251,0.5421686746987951,0.5117647058823529,1.0,0.2860576923076923,1.7690579685015994e-05,4.21881286438096e-06,1.7690579685015994e-05,4.21881286438096e-06,8.807732481267329e-06,8.807732481267329e-06,0.019491770141495817,0.05037428445618665,0.0,0.09490532902786998
svg/g/g_41/line_61,0.375,1.0,1.0,0.0,0.0,0.0,0.07362500097172486,0.9972859967090251,0.5421686746987951,0.5117647058823529,1.0,0.31517094017094016,1.860294267826311e-05,5.045724629609887e-06,1.860294267826311e-05,5.045724629609887e-06,9.877579844213569e-06,9.877579844213569e-06,0.019491770141495817,0.05037428445618665,0.0,0.09490532902786998
svg/g/g_41/line_60,0.375,1.0,1.0,0.0,0.0,0.0,0.07362500097172486,0.9972859967090251,0.5421686746987951,0.5117647058823529,1.0,0.28392094017094016,1.860294267826311e-05,5.045724629609887e-06,1.860294267826311e-05,5.045724629609887e-06,9.877579844213569e-06,9.877579844213569e-06,0.019491770141495817,0.05037428445618665,0.0,0.09490532902786998
svg/g/g_40/line_59,0.375,1.0,1.0,0.0,0.0,0.0,0.07362500097172486,0.9972859967090251,0.5421686746987951,0.5117647058823529,1.0,0.31303418803418803,1.6136499837483848e-05,4.952325561777298e-06,1.6136499837483848e-05,4.952325561777298e-06,9.11396202999385e-06,9.11396202999385e-06,0.019491770141495817,0.05037428445618674,0.0,0.09490532902787002
svg/g/g_40/line_58,0.375,1.0,1.0,0.0,0.0,0.0,0.07362500097172486,0.9972859967090251,0.5421686746987951,0.5117647058823529,1.0,0.28178418803418803,1.6136499837483848e-05,4.952325561777298e-06,1.6136499837483848e-05,4.952325561777298e-06,9.11396202999385e-06,9.11396202999385e-06,0.019491770141495817,0.05037428445618674,0.0,0.09490532902787002
svg/g/g_39/line_57,0.375,1.0,1.0,0.0,0.0,0.0,0.07362500097172486,0.9972859967090251,0.5421686746987951,0.5117647058823529,1.0,0.3108974358974359,1.1568741663267993e-05,4.021987875151554e-06,1.1568741663267993e-05,4.021987875151554e-06,6.954427636364554e-06,6.954427636364554e-06,0.019491770141495817,0.050374284456186684,0.0,0.09490532902787001
svg/g/g_39/line_56,0.375,1.0,1.0,0.0,0.0,0.0,0.07362500097172486,0.9972859967090251,0.5421686746987951,0.5117647058823529,1.0,0.2796474358974359,1.1568741663267993e-05,4.021987875151554e-06,1.1568741663267993e-05,4.021987875151554e-06,6.954427636364554e-06,6.954427636364554e-06,0.019491770141495817,0.050374284456186684,0.0,0.09490532902787001
svg/g/g_38/line_55,0.375,1.0,1.0,0.0,0.0,0.0,0.07362500097172486,0.9972859967090251,0.5421686746987951,0.5117647058823529,1.0,0.3087606837606838,6.877576085499703e-06,2.707050800260948e-06,6.877576085499703e-06,2.707050800260948e-06,4.39910022948734e-06,4.39910022948734e-06,0.019491770141495817,0.050374284456186684,0.0,0.09490532902787001
svg/g/g_38/line_54,0.375,1.0,1.0,0.0,0.0,0.0,0.07362500097172486,0.9972859967090251,0.5421686746987951,0.5117647058823529,1.0,0.2775106837606838,6.877576085499703e-06,2.707050800260948e-06,6.877576085499703e-06,2.707050800260948e-06,4.39910022948734e-06,4.39910022948734e-06,0.019491770141495817,0.050374284456186684,0.0,0.09490532902787001
svg/g/g_37/line_53,0.375,1.0,1.0,0.0,0.0,0.0,0.07362500097172486,0.9972859967090251,0.5421686746987951,0.5117647058823529,1.0,0.30662393162393164,3.2998673698634235e-06,1.4763956956219777e-06,3.2998673698634235e-06,1.4763956956219777e-06,2.25033709887023e-06,2.25033709887023e-06,0.019491770141495817,0.050374284456186684,0.0,0.09490532902787001
svg/g/g_37/line_52,0.375,1.0,1.0,0.0,0.0,0.0,0.07362500097172486,0.9972859967090251,0.5421686746987951,0.5117647058823529,1.0,0.27537393162393164,3.2998673698634235e-06,1.4763956956219777e-06,3.2998673698634235e-06,1.4763956956219777e-06,2.25033709887023e-06,2.25033709887023e-06,0.019491770141495817,0.050374284456186684,0.0,0.09490532902787001
svg/g/g_36/line_51,0.375,1.0,1.0,0.0,0.0,0.0,0.07362500097172486,0.9972859967090251,0.5421686746987951,0.5117647058823529,1.0,0.3044871794871795,1.3046729152554826e-07,3.636831962470832e-08,1.3046729152554826e-07,3.636831962470832e-08,7.021856998118085e-08,7.021856998118085e-08,0.01934738665896618,0.050374284456186684,0.0,0.09479905883572042
svg/g/g_36/line_50,0.375,1.0,1.0,0.0,0.0,0.0,0.07362500097172486,0.9972859967090251,0.5421686746987951,0.5117647058823529,1.0,0.2732371794871795,1.3046729152554826e-07,3.594809367702539e-08,1.3046729152554826e-07,3.594809367702539e-08,6.982110344536241e-08,6.982110344536241e-08,0.019491770141495817,0.050374284456186684,0.0,0.09490532902787001
svg/g/g_35/line_49,0.375,1.0,1.0,0.0,0.0,0.0,0.07362500097172486,0.9972859967090251,0.5421686746987951,0.5117647058823529,1.0,0.30235042735042733,7.731303388669092e-08,2.438553322127106e-08,7.731303388669092e-08,2.438553322127106e-08,4.426210111958463e-08,4.426210111958463e-08,0.01934738665896618,0.05037428445618674,0.0,0.09479905883572042
svg/g/g_35/line_48,0.375,1.0,1.0,0.0,0.0,0.0,0.07362500097172486,0.9972859967090251,0.5421686746987951,0.5117647058823529,1.0,0.27110042735042733,7.731303388669092e-08,2.4103765080388896e-08,7.731303388669092e-08,2.4103765080388896e-08,4.401155907629362e-08,4.401155907629362e-08,0.019491770141495817,0.05037428445618674,0.0,0.09490532902787002
svg/g/g_34/line_47,0.375,1.0,1.0,0.0,0.0,0.0,0.07362500097172486,0.9972859967090251,0.5421686746987951,0.5117647058823529,1.0,0.3002136752136752,3.773294387434426e-08,1.3482021480418064e-08,3.773294387434426e-08,1.3482021480418064e-08,2.2992033944488378e-08,2.2992033944488378e-08,0.01934738665896618,0.050374284456186684,0.0,0.09479905883572042
svg/g/g_34/line_46,0.375,1.0,1.0,0.0,0.0,0.0,0.07362500097172486,0.9972859967090251,0.5421686746987951,0.5117647058823529,1.0,0.2689636752136752,3.773294387434426e-08,1.332624042394491e-08,3.773294387434426e-08,1.332624042394491e-08,2.286188939603367e-08,2.286188939603367e-08,0.019491770141495817,0.050374284456186684,0.0,0.09490532902787001
svg/g/g_33/line_45,0.375,1.0,1.0,0.0,0.0,0.0,0.07362500097172486,0.9972859967090251,0.5421686746987951,0.5117647058823529,1.0,0.2980769230769231,1.5297739244702758e-08,6.188251380140717e-09,1.5297739244702758e-08,6.188251380140717e-09,9.918297719317513e-09,9.918297719317513e-09,0.01934738665896618,0.050374284456186684,0.0,0.09479905883572042
svg/g/g_33/line_44,0.375,1.0,1.0,0.0,0.0,0.0,0.07362500097172486,0.9972859967090251,0.5421686746987951,0.5117647058823529,1.0,0.2668269230769231,1.5297739244702758e-08,6.11674783453964e-09,1.5297739244702758e-08,6.11674783453964e-09,9.86215599730908e-09,9.86215599730908e-09,0.019491770141495817,0.050374284456186684,0.0,0.09490532902787001
svg/g/g_32/line_43,0.375,1.0,1.0,0.0,0.0,0.0,0.07362500097172486,0.9972859967090251,0.5421686746987951,0.5117647058823529,1.0,0.29594017094017094,4.94405109917885e-09,2.2733637337074024e-09,4.94405109917885e-09,2.2733637337074024e-09,3.417554735393263e-09,3.417554735393263e-09,0.01934738665896618,0.050374284456186705,0.0,0.09479905883572042
svg/g/g_32/line_42,0.375,1.0,1.0,0.0,0.0,0.0,0.07362500097172486,0.9972859967090251,0.5421686746987951,0.5117647058823529,1.0,0.26469017094017094,4.94405109917885e-09,2.247095639957584e-09,4.94405109917885e-09,2.247095639957584e-09,3.3982099432391257e-09,3.3982099432391257e-09,0.019491770141495817,0.050374284456186705,0.0,0.09490532902787002
svg/g/g_31/line_41,0.375,1.0,1.0,0.0,0.0,0.0,0.07362500097172486,0.9972859967090251,0.5421686746987951,0.5117647058823529,1.0,0.2938034188034188,0.8929490262069708,0.6872681234934539,0.8929490262069708,0.6872681234934539,0.7984616969352449,0.7984616969352449,0.019347386658966265,0.05002201673271692,0.0,0.09468360661569619
svg/g/g_31/line_40,0.375,1.0,1.0,0.0,0.0,0.0,0.07362500097172486,0.9972859967090251,0.5421686746987951,0.5117647058823529,1.0,0.2625534188034188,0.8929490262069708,0.6864754735259394,0.8929490262069708,0.6864754735259394,0.7981084557947177,0.7981084557947177,0.019491770141495817,0.05002201673271692,0.0,0.09479088496382124
svg/g/g_30/line_39,0.375,1.0,1.0,0.0,0.0,0.0,0.07362500097172486,0.9972859967090251,0.5421686746987951,0.5117647058823529,1.0,0.2916666666666667,0.94935897884544,0.83186860172689,0.94935897884544,0.83186860172689,0.905903916265706,0.905903916265706,0.019347386658966265,0.05037428445618674,0.0,0.09479905883572048
svg/g/g_30/line_38,0.375,1.0,1.0,0.0,0.0,0.0,0.07362500097172486,0.9972859967090251,0.5421686746987951,0.5117647058823529,1.0,0.2604166666666667,0.94935897884544,0.8309091790538531,0.94935897884544,0.8309091790538531,0.9055031424605028,0.9055031424605028,0.019491770141495817,0.05037428445618674,0.0,0.09490532902787002
svg/g/g_29/line_37,0.375,1.0,1.0,0.0,0.0,0.0,0.07362500097172486,0.9972859967090251,0.5421686746987951,0.5117647058823529,1.0,0.2895299145299145,0.21450241514718868,0.38873057629555635,0.21450241514718868,0.38873057629555635,0.29440040064258405,0.29440040064258405,0.019491770141495817,0.05037428445618674,0.0,0.09490532902787002
svg/g/g_29/line_36,0.375,1.0,1.0,0.0,0.0,0.0,0.07362500097172486,0.9972859967090251,0.5421686746987951,0.5117647058823529,1.0,0.2582799145299145,0.2151309683387832,0.38873057629555635,0.2151309683387832,0.38873057629555635,0.29479177148535884,0.29479177148535884,0.019347386658966265,0.05037428445618674,0.0,0.09479905883572048
svg/g/g_28/line_35,0.375,1.0,1.0,0.0,0.0,0.0,0.07362500097172486,0.9972859967090251,0.5421686746987951,0.5117647058823529,1.0,0.28739316239316237,0.00018168488342726558,0.000404930228401793,0.00018168488342726558,0.000404930228401793,0.00027649390483257735,0.00027649390483257735,0.019491770141495817,0.05002201673271692,0.0,0.09479088496382124
svg/g/g_28/line_34,0.375,1.0,1.0,0.0,0.0,0.0,0.07362500097172486,0.9972859967090251,0.5421686746987951,0.5117647058823529,1.0,0.25614316239316237,0.00018168488342726558,0.000404930228401793,0.00018168488342726558,0.000404930228401793,0.00027649390483257735,0.00027649390483257735,0.019491770141495817,0.05002201673271692,0.0,0.09479088496382124
svg/g/g_27/line_33,0.375,1.0,1.0,0.0,0.0,0.0,0.07362500097172486,0.9972859967090251,0.5421686746987951,0.5117647058823529,1.0,0.28525641025641024,0.0002328902416534444,0.0005877400608166434,0.0002328902416534444,0.0005877400608166434,0.0003771952759597969,0.0003771952759597969,0.019491770141495817,0.05037428445618674,0.0,0.09490532902787002
svg/g/g_27/line_32,0.375,1.0,1.0,0.0,0.0,0.0,0.07362500097172486,0.9972859967090251,0.5421686746987951,0.5117647058823529,1.0,0.25400641025641024,0.0002328902416534444,0.0005877400608166434,0.0002328902416534444,0.0005877400608166434,0.0003771952759597969,0.0003771952759597969,0.019491770141495817,0.05037428445618674,0.0,0.09490532902787002
svg/g/g_26/line_31,0.375,1.0,1.0,0.0,0.0,0.0,0.07362500097172486,0.9972859967090251,0.5421686746987951,0.5117647058823529,1.0,0.2831196581196581,0.00024534239774644256,0.0007044545227349662,0.00024534239774644256,0.0007044545227349662,0.0004237881892315541,0.0004237881892315541,0.019491770141495817,0.05002201673271683,0.0,0.09479088496382121
svg/g/g_26/line_30,0.375,1.0,1.0,0.0,0.0,0.0,0.07362500097172486,0.9972859967090251,0.5421686746987951,0.5117647058823529,1.0,0.2518696581196581,0.00024534239774644256,0.0007044545227349662,0.00024534239774644256,0.0007044545227349662,0.0004237881892315541,0.0004237881892315541,0.019491770141495817,0.05002201673271683,0.0,0.09479088496382121
svg/g/g_25/line_29,0.375,1.0,1.0,0.0,0.0,0.0,0.07362500097172486,0.9972859967090251,0.5421686746987951,0.5117647058823529,1.0,0.280982905982906,0.00021318210994953227,0.0006923670795252544,0.00021318210994953227,0.0006923670795252544,0.0003916891445932665,0.0003916891445932665,0.019491770141495817,0.05037428445618665,0.0,0.09490532902786998
svg/g/g_25/line_28,0.375,1.0,1.0,0.0,0.0,0.0,0.07362500097172486,0.9972859967090251,0.5421686746987951,0.5117647058823529,1.0,0.24973290598290598,0.00021318210994953227,0.0006923670795252544,0.00021318210994953227,0.0006923670795252544,0.0003916891445932665,0.0003916891445932665,0.019491770141495817,0.05037428445618665,0.0,0.09490532902786998
svg/g/g_24/line_27,0.375,1.0,1.0,0.0,0.0,0.0,0.07362500097172486,0.9972859967090251,0.5421686746987951,0.5117647058823529,1.0,0.27884615384615385,0.00015370186380358694,0.0005648364819124849,0.00015370186380358694,0.0005648364819124849,0.0003003992810908783,0.0003003992810908783,0.019491770141495817,0.050374284456186684,0.0,0.09490532902787001
svg/g/g_24/line_26,0.375,1.0,1.0,0.0,0.0,0.0,0.07362500097172486,0.9972859967090251,0.5421686746987951,0.5117647058823529,1.0,0.24759615384615385,0.00015370186380358694,0.0005648364819124849,0.00015370186380358694,0.0005648364819124849,0.0003003992810908783,0.0003003992810908783,0.019491770141495817,0.050374284456186684,0.0,0.09490532902787001
svg/g/g_23/line_25,0.375,1.0,1.0,0.0,0.0,0.0,0.07362500097172486,0.9972859967090251,0.5421686746987951,0.5117647058823529,1.0,0.2767094017094017,0.012083809487667794,0.03533399380035513,0.012083809487667794,0.03533399380035513,0.021060852758278462,0.021060852758278462,0.01934738665896618,0.05002201673271688,0.0,0.0946836066156961
svg/g/g_23/line_24,0.375,1.0,1.0,0.0,0.0,0.0,0.07362500097172486,0.9972859967090251,0.5421686746987951,0.5117647058823529,1.0,0.24545940170940173,0.012083809487667794,0.03547923152183866,0.012083809487667794,0.03547923152183866,0.02110693158628002,0.02110693158628002,0.019491770141495817,0.05002201673271688,0.0,0.09479088496382124
svg/g/g_22/line_23,0.375,1.0,1.0,0.0,0.0,0.0,0.07362500097172486,0.9972859967090251,0.5421686746987951,0.5117647058823529,1.0,0.2745726495726496,0.024484346567188085,0.06350873768252979,0.024484346567188085,0.06350873768252979,0.04019763840407799,0.04019763840407799,0.01934738665896618,0.05037428445618674,0.0,0.09479905883572042
svg/g/g_22/line_22,0.375,1.0,1.0,0.0,0.0,0.0,0.07362500097172486,0.9972859967090251,0.5421686746987951,0.5117647058823529,1.0,0.24332264957264957,0.024484346567188085,0.06376978556767467,0.024484346567188085,0.06376978556767467,0.04028558641299053,0.04028558641299053,0.019491770141495817,0.05037428445618674,0.0,0.09490532902787002
svg/g/g_21/line_21,0.375,1.0,1.0,0.0,0.0,0.0,0.07362500097172486,0.9972859967090251,0.5421686746987951,0.5117647058823529,1.0,0.27243589743589747,0.004712589278960305,0.01573099543630809,0.004712589278960305,0.01573099543630809,0.008777027069381911,0.008777027069381911,0.01934738665896618,0.050374284456186684,0.0,0.09479905883572042
svg/g/g_21/line_20,0.375,1.0,1.0,0.0,0.0,0.0,0.07362500097172486,0.9972859967090251,0.5421686746987951,0.5117647058823529,1.0,0.24118589743589744,0.004712589278960305,0.01579565650877972,0.004712589278960305,0.01579565650877972,0.00879623023866177,0.00879623023866177,0.019491770141495817,0.050374284456186684,0.0,0.09490532902787001
svg/g/g_20/line_19,0.375,1.0,1.0,0.0,0.0,0.0,0.07362500097172486,0.9972859967090251,0.5421686746987951,0.5117647058823529,1.0,0.2702991452991453,0.001523261862486064,0.005776543524885349,0.001523261862486064,0.005776543524885349,0.0030238542147047356,0.0030238542147047356,0.01934738665896618,0.050374284456186705,0.0,0.09479905883572042
svg/g/g_20/line_18,0.375,1.0,1.0,0.0,0.0,0.0,0.07362500097172486,0.9972859967090251,0.5421686746987951,0.5117647058823529,1.0,0.23904914529914528,0.001523261862486064,0.005800287572171519,0.001523261862486064,0.005800287572171519,0.0030304700749389066,0.0030304700749389066,0.019491770141495817,0.050374284456186705,0.0,0.09490532902787002
svg/g/g_19/line_17,0.375,1.0,1.0,0.0,0.0,0.0,0.07362500097172486,0.9972859967090251,0.5421686746987951,0.5117647058823529,1.0,0.26816239316239315,0.005987158931747744,0.01342491753500531,0.005987158931747744,0.01342491753500531,0.00913914876075382,0.00913914876075382,0.019347386658966226,0.05037428445618674,0.0,0.09479905883572047
svg/g/g_19/line_16,0.375,1.0,1.0,0.0,0.0,0.0,0.07362500097172486,0.9972859967090251,0.5421686746987951,0.5117647058823529,1.0,0.23691239316239315,0.005987158931747744,0.013503791498209392,0.005987158931747744,0.013503791498209392,0.009167189472412225,0.009167189472412225,0.019491770141495817,0.05037428445618674,0.0,0.09490532902787002
svg/g/g_18/line_15,0.375,1.0,1.0,0.0,0.0,0.0,0.07362500097172486,0.9972859967090251,0.5421686746987951,0.5117647058823529,1.0,0.266025641025641,0.005206118131517993,0.013246614332853754,0.005206118131517993,0.013246614332853754,0.008465429458518267,0.008465429458518267,0.019347386658966226,0.05037428445618674,0.0,0.09479905883572047
svg/g/g_18/line_14,0.375,1.0,1.0,0.0,0.0,0.0,0.07362500097172486,0.9972859967090251,0.5421686746987951,0.5117647058823529,1.0,0.23477564102564102,0.005206118131517993,0.013324440730576047,0.005206118131517993,0.013324440730576047,0.008491403066424753,0.008491403066424753,0.019491770141495817,0.05037428445618674,0.0,0.09490532902787002
svg/g/g_17/line_13,0.375,1.0,1.0,0.0,0.0,0.0,0.07362500097172486,0.9972859967090251,0.5421686746987951,0.5117647058823529,1.0,0.2638888888888889,0.0036944141795557336,0.010691291138077059,0.0036944141795557336,0.010691291138077059,0.006406597044889197,0.006406597044889197,0.019347386658966226,0.05037428445618674,0.0,0.09479905883572047
svg/g/g_17/line_12,0.375,1.0,1.0,0.0,0.0,0.0,0.07362500097172486,0.9972859967090251,0.5421686746987951,0.5117647058823529,1.0,0.2326388888888889,0.0036944141795557336,0.010754104522340324,0.0036944141795557336,0.010754104522340324,0.006426253748719074,0.006426253748719074,0.019491770141495817,0.05037428445618674,0.0,0.09490532902787002
svg/g/g_16/line_11,0.375,1.0,1.0,0.0,0.0,0.0,0.07362500097172486,0.9972859967090251,0.5421686746987951,0.5117647058823529,1.0,0.26175213675213677,0.0021968356800575596,0.007193497534336124,0.0021968356800575596,0.007193497534336124,0.004052363324060601,0.004052363324060601,0.019347386658966226,0.050374284456186684,0.0,0.09479905883572046
svg/g/g_16/line_10,0.375,1.0,1.0,0.0,0.0,0.0,0.07362500097172486,0.9972859967090251,0.5421686746987951,0.5117647058823529,1.0,0.23050213675213677,0.0021968356800575596,0.007235760710877248,0.0021968356800575596,0.007235760710877248,0.004064796774317264,0.004064796774317264,0.019491770141495817,0.050374284456186684,0.0,0.09490532902787001
svg/g/g_15/line_9,0.375,1.0,1.0,0.0,0.0,0.0,0.07362500097172486,0.9972859967090251,0.5421686746987951,0.5117647058823529,1.0,0.2596153846153846,0.001056091149878788,0.0039286269872729224,0.001056091149878788,0.0039286269872729224,0.0020763981785021568,0.0020763981785021568,0.019347386658966226,0.050374284456186684,0.0,0.09479905883572046
svg/g/g_15/line_8,0.375,1.0,1.0,0.0,0.0,0.0,0.07362500097172486,0.9972859967090251,0.5421686746987951,0.5117647058823529,1.0,0.2283653846153846,0.001056091149878788,0.003951708423686126,0.001056091149878788,0.003951708423686126,0.002082768977811327,0.002082768977811327,0.019491770141495817,0.050374284456186684,0.0,0.09490532902787001
svg/g/g_14/line_7,0.375,1.0,1.0,0.0,0.0,0.0,0.07362500097172486,0.9972859967090251,0.5421686746987951,0.5117647058823529,1.0,0.25747863247863245,0.0004317394480240193,0.0018089417354343524,0.0004317394480240193,0.0018089417354343524,0.0009007428184264088,0.0009007428184264088,0.019347386658966226,0.05002201673271685,0.0,0.09468360661569612
svg/g/g_14/line_6,0.375,1.0,1.0,0.0,0.0,0.0,0.07362500097172486,0.9972859967090251,0.5421686746987951,0.5117647058823529,1.0,0.22622863247863248,0.0004317394480240193,0.0018195696147868285,0.0004317394480240193,0.0018195696147868285,0.0009035064751203827,0.0009035064751203827,0.019491770141495817,0.05002201673271685,0.0,0.09479088496382122
svg/g/g_13/line_5,0.375,1.0,1.0,0.0,0.0,0.0,0.07362500097172486,0.9972859967090251,0.5421686746987951,0.5117647058823529,1.0,0.2553418803418803,3.715998668746106e-08,1.925881663131734e-07,3.715998668746106e-08,1.925881663131734e-07,8.624829656077288e-08,8.624829656077288e-08,0.019491770141495817,0.05037428445618665,0.0,0.09490532902786998
svg/g/g_13/line_4,0.375,1.0,1.0,0.0,0.0,0.0,0.07362500097172486,0.9972859967090251,0.5421686746987951,0.5117647058823529,1.0,0.22409188034188032,3.7595432076796036e-08,1.925881663131734e-07,3.7595432076796036e-08,1.925881663131734e-07,8.674049158205731e-08,8.674049158205731e-08,0.019347386658966226,0.05037428445618665,0.0,0.09479905883572042
svg/g/g_12/line_3,0.375,1.0,1.0,0.0,0.0,0.0,0.07362500097172486,0.9972859967090251,0.5421686746987951,0.5117647058823529,1.0,0.2532051282051282,2.6639765836074383e-08,1.5684884261748775e-07,2.6639765836074383e-08,1.5684884261748775e-07,6.590279185912298e-08,6.590279185912298e-08,0.019491770141495817,0.050374284456186684,0.0,0.09490532902787001
svg/g/g_12/line_2,0.375,1.0,1.0,0.0,0.0,0.0,0.07362500097172486,0.9972859967090251,0.5421686746987951,0.5117647058823529,1.0,0.2219551282051282,2.6951933956688817e-08,1.5684884261748775e-07,2.6951933956688817e-08,1.5684884261748775e-07,6.627888074824033e-08,6.627888074824033e-08,0.019347386658966226,0.050374284456186684,0.0,0.09479905883572046
svg/g/g_11/line_1,0.375,1.0,1.0,0.0,0.0,0.0,0.07362500097172486,0.9972859967090251,0.5421686746987951,0.5117647058823529,1.0,0.25106837606837606,1.5697320919079734e-08,1.049360960357467e-07,1.5697320919079734e-08,1.049360960357467e-07,4.137835035210692e-08,4.137835035210692e-08,0.019491770141495817,0.050374284456186684,0.0,0.09490532902787001
svg/g/g_11/line,0.375,1.0,1.0,0.0,0.0,0.0,0.07362500097172486,0.9972859967090251,0.5421686746987951,0.5117647058823529,1.0,0.21981837606837606,1.5881264096363792e-08,1.049360960357467e-07,1.5881264096363792e-08,1.049360960357467e-07,4.1614485079914644e-08,4.1614485079914644e-08,0.019347386658966226,0.050374284456186684,0.0,0.09479905883572046
svg/g/circle_58,0.125,1.0,1.0,0.0,0.0,0.0,0.9781476007338056,0.2079116908177594,0.8798283261802574,0.5431372549019607,1.0,0.12393162393162394,3.2608260592769085e-09,1.177413946491965e-08,3.2608260592769085e-09,1.177413946491965e-08,6.277294375360601e-09,6.277294375360601e-09,0.01645971700837425,0.04015852047556134,0.38029492728981446,0.11533898533984578
svg/g/circle_57,0.125,1.0,1.0,0.0,0.0,0.0,0.9781476007338056,0.2079116908177594,0.8798283261802574,0.5431372549019607,1.0,0.1217948717948718,3.5002243123913528e-09,1.3965863849936285e-08,3.5002243123913528e-09,1.3965863849936285e-08,7.083141724633109e-09,7.083141724633109e-09,0.01645971700837425,0.04015852047556134,0.38029492728981446,0.11533898533984578
svg/g/circle_56,0.125,1.0,1.0,0.0,0.0,0.0,0.9781476007338056,0.2079116908177594,0.8798283261802574,0.5431372549019607,1.0,0.11965811965811965,3.1013253602750654e-09,1.3673813162540958e-08,3.1013253602750654e-09,1.3673813162540958e-08,6.597244459370343e-09,6.597244459370343e-09,0.01645971700837425,0.04015852047556134,0.38029492728981446,0.11533898533984578
svg/g/circle_55,0.125,1.0,1.0,0.0,0.0,1.0,0.9781476007338056,0.2079116908177594,0.8798283261802574,0.5431372549019607,1.0,0.11752136752136752,3.5583194532334466e-07,1.4230070546916216e-06,3.5583194532334466e-07,1.4230070546916216e-06,7.208917992943359e-07,7.208917992943359e-07,0.01645971700837425,0.04015852047556145,0.38029492728981446,0.11533898533984578
svg/g/circle_54,0.125,1.0,1.0,0.0,0.0,1.0,0.9781476007338056,0.2079116908177594,0.8798283261802574,0.5431372549019607,1.0,0.11538461538461539,4.873212495925217e-07,1.7644327960291491e-06,4.873212495925217e-07,1.7644327960291491e-06,9.394081560034495e-07,9.394081560034495e-07,0.01645971700837425,0.04015852047556134,0.38029492728981446,0.11533898533984578
svg/g/circle_53,0.125,1.0,1.0,0.0,0.0,1.0,0.9781476007338056,0.2079116908177594,0.8798283261802574,0.5431372549019607,1.0,0.11324786324786323,5.518589872139497e-07,1.8090290714083114e-06,5.518589872139497e-07,1.8090290714083114e-06,1.0122340073700825e-06,1.0122340073700825e-06,0.01645971700837425,0.04015852047556134,0.38029492728981446,0.11533898533984578
svg/g/circle_52,0.125,1.0,1.0,0.0,0.0,1.0,0.9781476007338056,0.2079116908177594,0.8798283261802574,0.5431372549019607,1.0,0.1111111111111111,5.14042041903287e-07,1.5207486959507373e-06,5.14042041903287e-07,1.5207486959507373e-06,8.957197237239689e-07,8.957197237239689e-07,0.01645971700837425,0.04015852047556134,0.38029492728981446,0.11533898533984578
svg/g/circle_51,0.125,1.0,1.0,0.0,0.0,1.0,0.9781476007338056,0.2079116908177594,0.8798283261802574,0.5431372549019607,1.0,0.10897435897435898,3.968844005122096e-07,1.064012114554657e-06,3.968844005122096e-07,1.064012114554657e-06,6.583387099829119e-07,6.583387099829119e-07,0.01645971700837425,0.04015852047556134,0.38029492728981446,0.11533898533984578
svg/g/circle_50,0.125,1.0,1.0,0.0,0.0,1.0,0.9781476007338056,0.2079116908177594,0.8798283261802574,0.5431372549019607,1.0,0.10683760683760685,2.4857821778201254e-07,6.0143264797053e-07,2.4857821778201254e-07,6.0143264797053e-07,3.9171402899636915e-07,3.9171402899636915e-07,0.01645971700837425,0.04015852047556134,0.38029492728981446,0.11533898533984578
svg/g/circle_49,0.125,1.0,1.0,0.0,0.0,1.0,0.9781476007338056,0.2079116908177594,0.8798283261802574,0.5431372549019607,1.0,0.10470085470085469,3.888796332751018e-05,9.464847605819721e-05,3.888796332751018e-05,9.464847605819721e-05,6.146225685336909e-05,6.146225685336909e-05,0.01645971700837421,0.04015852047556134,0.38029492728981446,0.11533898533984578
svg/g/circle_48,0.125,1.0,1.0,0.0,0.0,1.0,0.9781476007338056,0.2079116908177594,0.8798283261802574,0.5431372549019607,1.0,0.10256410256410256,2.980182927558971e-05,6.543117171998013e-05,2.980182927558971e-05,6.543117171998013e-05,4.4736077397951614e-05,4.4736077397951614e-05,0.01645971700837421,0.04015852047556134,0.38029492728981446,0.11533898533984578
svg/g/circle_47,0.125,1.0,1.0,0.0,0.0,1.0,0.9781476007338056,0.2079116908177594,0.8798283261802574,0.5431372549019607,1.0,0.10042735042735043,1.880744452288501e-05,3.731702947366242e-05,1.880744452288501e-05,3.731702947366242e-05,2.6838764438593656e-05,2.6838764438593656e-05,0.01645971700837421,0.04015852047556134,0.38029492728981446,0.11533898533984578
svg/g/circle_46,0.125,1.0,1.0,0.0,0.0,1.0,0.9781476007338056,0.2079116908177594,0.8798283261802574,0.5431372549019607,1.0,0.0982905982905983,0.0014436808495598512,0.00317979585354244,0.0014436808495598512,0.00317979585354244,0.0021705975487479262,0.0021705975487479262,0.01645971700837421,0.04015852047556134,0.38029492728981446,0.11533898533984578
svg/g/circle_45,0.125,1.0,1.0,0.0,0.0,1.0,0.9781476007338056,0.2079116908177594,0.8798283261802574,0.5431372549019607,1.0,0.09615384615384615,0.001271706243665014,0.0030923536430076865,0.001271706243665014,0.0030923536430076865,0.0020090098680300107,0.0020090098680300107,0.01645971700837421,0.04015852047556134,0.38029492728981446,0.11533898533984578
svg/g/circle_44,0.125,1.0,1.0,0.0,0.0,1.0,0.9781476007338056,0.2079116908177594,0.8798283261802574,0.5431372549019607,1.0,0.09401709401709402,0.0013496003313032425,0.002682715419325978,0.0013496003313032425,0.002682715419325978,0.00192767574064714,0.00192767574064714,0.01645971700837421,0.04015852047556134,0.38029492728981446,0.11533898533984578
svg/g/circle_43,0.125,1.0,1.0,0.0,0.0,1.0,0.9781476007338056,0.2079116908177594,0.8798283261802574,0.5431372549019607,1.0,0.09188034188034189,0.008803171002166283,0.021464941959912224,0.008803171002166283,0.021464941959912224,0.013926068254442547,0.013926068254442547,0.01645971700837421,0.04015852047556145,0.38029492728981446,0.11533898533984578
svg/g/circle_42,0.125,1.0,1.0,0.0,0.0,1.0,0.9781476007338056,0.2079116908177594,0.8798283261802574,0.5431372549019607,1.0,0.08974358974358973,0.004372764849565449,0.011771207386857324,0.004372764849565449,0.011771207386857324,0.0072682968835,0.0072682968835,0.01645971700837421,0.04015852047556145,0.38029492728981446,0.11533898533984578
svg/g/circle_41,0.125,1.0,1.0,0.0,0.0,1.0,0.9781476007338056,0.2079116908177594,0.8798283261802574,0.5431372549019607,1.0,0.0876068376068376,0.014905413926571803,0.03280016342122601,0.014905413926571803,0.03280016342122601,0.022400314472921023,0.022400314472921023,0.01645971700837421,0.04015852047556145,0.38029492728981446,0.11533898533984578
svg/g/circle_40,0.125,1.0,1.0,0.0,0.0,1.0,0.9781476007338056,0.2079116908177594,0.8798283261802574,0.5431372549019607,1.0,0.08547008547008547,0.03171267672812611,0.07023238277304426,0.03171267672812611,0.07023238277304426,0.047811155825221184,0.047811155825221184,0.01645971700837421,0.04015852047556145,0.38029492728981446,0.11533898533984578
svg/g/circle_39,0.125,1.0,1.0,0.0,0.0,1.0,0.9781476007338056,0.2079116908177594,0.8798283261802574,0.5431372549019607,1.0,0.08333333333333334,0.013039516762640702,0.031867079863472314,0.013039516762640702,0.031867079863472314,0.02065123239418648,0.02065123239418648,0.01645971700837421,0.04015852047556145,0.38029492728981446,0.11533898533984578
svg/g/circle_38,0.125,1.0,1.0,0.0,0.0,1.0,0.9781476007338056,0.2079116908177594,0.8798283261802574,0.5431372549019607,1.0,0.08119658119658119,0.06563394377573634,0.1312418753856527,0.06563394377573634,0.1312418753856527,0.09402526264752062,0.09402526264752062,0.01645971700837421,0.04015852047556145,0.38029492728981446,0.11533898533984578
svg/g/circle_37,0.125,1.0,1.0,0.0,0.0,1.0,0.9781476007338056,0.2079116908177594,0.8798283261802574,0.5431372549019607,1.0,0.07905982905982906,0.11090794109867945,0.20032909670176152,0.11090794109867945,0.20032909670176152,0.1510071214664253,0.1510071214664253,0.01645971700837421,0.04015852047556145,0.38029492728981446,0.11533898533984578
svg/g/circle_36,0.125,1.0,1.0,0.0,0.0,1.0,0.9781476007338056,0.2079116908177594,0.8798283261802574,0.5431372549019607,1.0,0.07692307692307693,0.15360617131402352,0.2506268044241161,0.15360617131402352,0.2506268044241161,0.1987751920057287,0.1987751920057287,0.01645971700837421,0.04015852047556134,0.38029492728981446,0.11533898533984578
svg/g/circle_35,0.125,1.0,1.0,0.0,0.0,1.0,0.9781476007338056,0.2079116908177594,0.8798283261802574,0.5431372549019607,1.0,0.0747863247863248,0.17425243047189484,0.2574099622343273,0.17425243047189484,0.2574099622343273,0.21455872942208995,0.21455872942208995,0.01645971700837421,0.04015852047556134,0.38029492728981446,0.11533898533984578
svg/g/circle_34,0.125,1.0,1.0,0.0,0.0,1.0,0.9781476007338056,0.2079116908177594,0.8798283261802574,0.5431372549019607,1.0,0.07264957264957264,0.1630921694479345,0.21782772492388464,0.1630921694479345,0.21782772492388464,0.19094892763938506,0.19094892763938506,0.01645971700837421,0.04015852047556134,0.38029492728981446,0.11533898533984578
svg/g/circle_33,0.125,1.0,1.0,0.0,0.0,1.0,0.9781476007338056,0.2079116908177594,0.8798283261802574,0.5431372549019607,1.0,0.07051282051282051,0.12473955425914163,0.15035768132175506,0.12473955425914163,0.15035768132175506,0.13874233359520619,0.13874233359520619,0.01645971700837421,0.04015852047556134,0.38029492728981446,0.11533898533984578
svg/g/circle_32,0.125,1.0,1.0,0.0,0.0,1.0,0.9781476007338056,0.2079116908177594,0.8798283261802574,0.5431372549019607,1.0,0.06837606837606838,0.530110776903859,0.7106094610945699,0.530110776903859,0.7106094610945699,0.621788807767563,0.621788807767563,0.01645971700837421,0.04015852047556134,0.38029492728981446,0.11533898533984578
svg/g/circle_31,0.125,1.0,1.0,0.0,0.0,1.0,0.9781476007338056,0.2079116908177594,0.8798283261802574,0.5431372549019607,1.0,0.06623931623931623,0.6013631516535863,0.7298419455333723,0.6013631516535863,0.7298419455333723,0.6711613014547588,0.6711613014547588,0.01645971700837421,0.04015852047556134,0.38029492728981446,0.11533898533984578
svg/g/circle_30,0.125,1.0,1.0,0.0,0.0,1.0,0.9781476007338056,0.2079116908177594,0.8798283261802574,0.5431372549019607,1.0,0.0641025641025641,0.5628479371198759,0.6176132779384529,0.5628479371198759,0.6176132779384529,0.5973074650983915,0.5973074650983915,0.01645971700837421,0.04015852047556134,0.38029492728981446,0.11533898533984578
svg/g/circle_29,0.125,1.0,1.0,0.0,0.0,1.0,0.9781476007338056,0.2079116908177594,0.8798283261802574,0.5431372549019607,1.0,0.06196581196581197,0.4304890972366661,0.4263135028234053,0.4304890972366661,0.4263135028234053,0.4339999842161718,0.4339999842161718,0.01645971700837421,0.04015852047556134,0.38029492728981446,0.11533898533984578
svg/g/circle_28,0.125,1.0,1.0,0.0,0.0,1.0,0.9781476007338056,0.2079116908177594,0.8798283261802574,0.5431372549019607,1.0,0.05982905982905984,0.2688986378790226,0.2403238761901178,0.2688986378790226,0.2403238761901178,0.25753535141572276,0.25753535141572276,0.01645971700837421,0.04015852047556134,0.38029492728981446,0.11533898533984578
svg/g/circle_27,0.125,1.0,1.0,0.0,0.0,1.0,0.9781476007338056,0.2079116908177594,0.8798283261802574,0.5431372549019607,1.0,0.05769230769230768,0.9264309338586314,0.8313879206053183,0.9264309338586314,0.8313879206053183,0.8891038076722977,0.8891038076722977,0.01645971700837421,0.04015852047556134,0.38029492728981446,0.11533898533984578
svg/g/circle_26,0.125,1.0,1.0,0.0,0.0,1.0,0.9781476007338056,0.2079116908177594,0.8798283261802574,0.5431372549019607,1.0,0.05555555555555555,0.7085722271803994,0.5738735051509702,0.7085722271803994,0.5738735051509702,0.6460174383267632,0.6460174383267632,0.01645971700837421,0.04015852047556134,0.38029492728981446,0.11533898533984578
svg/g/circle_25,0.125,1.0,1.0,0.0,0.0,1.0,0.9781476007338056,0.2079116908177594,0.8798283261802574,0.5431372549019607,1.0,0.05341880341880342,0.44259914583380605,0.32350724123748986,0.44259914583380605,0.32350724123748986,0.3833463918222155,0.3833463918222155,0.01645971700837421,0.04015852047556134,0.38029492728981446,0.11533898533984578
svg/g/circle_24,0.125,1.0,1.0,0.0,0.0,1.0,0.9781476007338056,0.2079116908177594,0.8798283261802574,0.5431372549019607,1.0,0.051282051282051294,0.23364245990571447,0.15482709803354813,0.23364245990571447,0.15482709803354813,0.19268302817691735,0.19268302817691735,0.01645971700837421,0.04015852047556134,0.38029492728981446,0.11533898533984578
svg/g/circle_23,0.125,1.0,1.0,0.0,0.0,1.0,0.9781476007338056,0.2079116908177594,0.8798283261802574,0.5431372549019607,1.0,0.04914529914529914,0.7004657687709438,0.5140941900194256,0.7004657687709438,0.5140941900194256,0.6079374496034895,0.6079374496034895,0.01645971700837421,0.04015852047556134,0.38029492728981446,0.11533898533984578
svg/g/circle_22,0.125,1.0,1.0,0.0,0.0,1.0,0.9781476007338056,0.2079116908177594,0.8798283261802574,0.5431372549019607,1.0,0.04700854700854701,0.535744837204881,0.35485845715607034,0.535744837204881,0.35485845715607034,0.44172366653557943,0.44172366653557943,0.01645971700837421,0.04015852047556134,0.38029492728981446,0.11533898533984578
svg/g/circle_21,0.125,1.0,1.0,0.0,0.0,1.0,0.9781476007338056,0.2079116908177594,0.8798283261802574,0.5431372549019607,1.0,0.04487179487179488,0.334645076727488,0.20004283082236357,0.334645076727488,0.20004283082236357,0.26211858024681245,0.26211858024681245,0.01645971700837421,0.04015852047556134,0.38029492728981446,0.11533898533984578
svg/g/circle_20,0.125,1.0,1.0,0.0,0.0,1.0,0.9781476007338056,0.2079116908177594,0.8798283261802574,0.5431372549019607,1.0,0.04273504273504272,0.003344079596539681,0.0014909962157715552,0.003344079596539681,0.0014909962157715552,0.0022621461752493017,0.0022621461752493017,0.01645971700837438,0.04015852047556134,0.38029492728981446,0.11533898533984578
svg/g/circle_19,0.125,1.0,1.0,0.0,0.0,1.0,0.9781476007338056,0.2079116908177594,0.8798283261802574,0.5431372549019607,1.0,0.04059829059829059,0.003106522699932443,0.0012500168081354096,0.003106522699932443,0.0012500168081354096,0.0019963619472194724,0.0019963619472194724,0.01645971700837438,0.04015852047556134,0.38029492728981446,0.11533898533984578
svg/g/circle_18,0.125,1.0,1.0,0.0,0.0,1.0,0.9781476007338056,0.2079116908177594,0.8798283261802574,0.5431372549019607,1.0,0.038461538461538464,0.0023528726778780677,0.0008540496042591149,0.0023528726778780677,0.0008540496042591149,0.0014361005624453733,0.0014361005624453733,0.01645971700837438,0.04015852047556134,0.38029492728981446,0.11533898533984578
svg/g/circle_17,0.125,1.0,1.0,0.0,0.0,1.0,0.9781476007338056,0.2079116908177594,0.8798283261802574,0.5431372549019607,1.0,0.036324786324786335,0.00010385724133827921,4.205819593554631e-05,0.00010385724133827921,4.205819593554631e-05,6.695573816732669e-05,6.695573816732669e-05,0.01645971700837438,0.04015852047556134,0.38029492728981446,0.11533898533984578
svg/g/circle_16,0.125,1.0,1.0,0.0,0.0,1.0,0.9781476007338056,0.2079116908177594,0.8798283261802574,0.5431372549019607,1.0,0.03418803418803418,0.000118363248929804,4.323884481313795e-05,0.000118363248929804,4.323884481313795e-05,7.247522481102659e-05,7.247522481102659e-05,0.01645971700837438,0.04015852047556134,0.38029492728981446,0.11533898533984578
svg/g/circle_15,0.125,1.0,1.0,0.0,0.0,1.0,0.9781476007338056,0.2079116908177594,0.8798283261802574,0.5431372549019607,1.0,0.03205128205128205,0.00011005395843122567,3.628308942676775e-05,0.00011005395843122567,3.628308942676775e-05,6.401755078073862e-05,6.401755078073862e-05,0.01645971700837438,0.04015852047556134,0.38029492728981446,0.11533898533984578
svg/g/circle_14,0.125,1.0,1.0,0.0,0.0,1.0,0.9781476007338056,0.2079116908177594,0.8798283261802574,0.5431372549019607,1.0,0.02991452991452992,7.139229588134794e-07,2.908303349408625e-07,7.139229588134794e-07,2.908303349408625e-07,4.616253150701019e-07,4.616253150701019e-07,0.01645971700837438,0.04015852047556145,0.38029492728981446,0.11533898533984578
svg/g/circle_13,0.125,1.0,1.0,0.0,0.0,1.0,0.9781476007338056,0.2079116908177594,0.8798283261802574,0.5431372549019607,1.0,0.02777777777777779,1.2231931514221363e-06,4.494969442126229e-07,1.2231931514221363e-06,4.494969442126229e-07,7.511989692058353e-07,7.511989692058353e-07,0.01645971700837438,0.04015852047556145,0.38029492728981446,0.11533898533984578
svg/g/circle_12,0.125,1.0,1.0,0.0,0.0,1.0,0.9781476007338056,0.2079116908177594,0.8798283261802574,0.5431372549019607,1.0,0.025641025641025633,1.706726616657759e-06,5.660268728990872e-07,1.706726616657759e-06,5.660268728990872e-07,9.957368896780147e-07,9.957368896780147e-07,0.01645971700837438,0.04015852047556134,0.38029492728981446,0.11533898533984578
svg/g/circle_11,0.125,1.0,1.0,0.0,0.0,1.0,0.9781476007338056,0.2079116908177594,0.8798283261802574,0.5431372549019607,1.0,0.023504273504273504,8.482436093458863e-05,2.53421185587077e-05,8.482436093458863e-05,2.53421185587077e-05,4.697057194192458e-05,4.697057194192458e-05,0.01645971700837438,0.04015852047556134,0.38029492728981446,0.11533898533984578
svg/g/circle_10,0.125,1.0,1.0,0.0,0.0,1.0,0.9781476007338056,0.2079116908177594,0.8798283261802574,0.5431372549019607,1.0,0.021367521367521375,1.0752842612524017e-09,4.386375013306564e-10,1.0752842612524017e-09,4.386375013306564e-10,6.957586511989168e-10,6.957586511989168e-10,0.01645971700837438,0.04015852047556145,0.38029492728981446,0.11533898533984578
svg/g/circle_9,0.125,1.0,1.0,0.0,0.0,1.0,0.9781476007338056,0.2079116908177594,0.8798283261802574,0.5431372549019607,1.0,0.019230769230769218,2.7321737989428426e-09,1.00584758646981e-09,2.7321737989428426e-09,1.00584758646981e-09,1.6794394141820231e-09,1.6794394141820231e-09,0.01645971700837438,0.04015852047556145,0.38029492728981446,0.11533898533984578
svg/g/circle_8,0.125,1.0,1.0,0.0,0.0,1.0,0.9781476007338056,0.2079116908177594,0.8798283261802574,0.5431372549019607,1.0,0.01709401709401709,5.6695517359354024e-09,1.8837096594318668e-09,5.6695517359354024e-09,1.8837096594318668e-09,3.310742735796981e-09,3.310742735796981e-09,0.01645971700837438,0.04015852047556145,0.38029492728981446,0.11533898533984578
svg/g/circle_7,0.125,1.0,1.0,0.0,0.0,1.0,0.9781476007338056,0.2079116908177594,0.8798283261802574,0.5431372549019607,1.0,0.01495726495726496,9.444287446426887e-09,2.8435323248975073e-09,9.444287446426887e-09,2.8435323248975073e-09,5.249981515270192e-09,5.249981515270192e-09,0.01645971700837438,0.04015852047556145,0.38029492728981446,0.11533898533984578
svg/g/circle_6,0.125,1.0,1.0,0.0,0.0,1.0,0.9781476007338056,0.2079116908177594,0.8798283261802574,0.5431372549019607,1.0,0.01282051282051283,0.1766548798341012,0.09573835460426579,0.1766548798341012,0.09573835460426579,0.1317497773836181,0.1317497773836181,0.01645971700837421,0.04015852047556134,0.38029492728981446,0.11533898533984578
svg/g/circle_5,0.125,1.0,1.0,0.0,0.0,1.0,0.9781476007338056,0.2079116908177594,0.8798283261802574,0.5431372549019607,1.0,0.010683760683760674,0.019401385823754638,0.0077890390681199665,0.019401385823754638,0.0077890390681199665,0.012453814950899299,0.012453814950899299,0.01645971700837421,0.04015852047556134,0.38029492728981446,0.11533898533984578
svg/g/circle_4,0.125,1.0,1.0,0.0,0.0,1.0,0.9781476007338056,0.2079116908177594,0.8798283261802574,0.5431372549019607,1.0,0.008547008547008544,0.010241744820592143,0.003727750608530099,0.010241744820592143,0.003727750608530099,0.006259714003535278,0.006259714003535278,0.01645971700837421,0.04015852047556134,0.38029492728981446,0.11533898533984578
svg/g/circle_3,0.125,1.0,1.0,0.0,0.0,1.0,0.9781476007338056,0.2079116908177594,0.8798283261802574,0.5431372549019607,1.0,0.006410256410256415,0.07718167031851127,0.03790515041582417,0.07718167031851127,0.03790515041582417,0.05479618078013759,0.05479618078013759,0.01645971700837421,0.04015852047556134,0.38029492728981446,0.11533898533984578
svg/g/circle_2,0.125,1.0,1.0,0.0,0.0,1.0,0.9781476007338056,0.2079116908177594,0.8798283261802574,0.5431372549019607,1.0,0.004273504273504286,0.06257012937749085,0.02780870212329949,0.06257012937749085,0.02780870212329949,0.04225887951395354,0.04225887951395354,0.01645971700837421,0.04015852047556134,0.38029492728981446,0.11533898533984578
svg/g/circle_1,0.125,1.0,1.0,0.0,0.0,1.0,0.9781476007338056,0.2079116908177594,0.8798283261802574,0.5431372549019607,1.0,0.002136752136752129,0.027337298023894497,0.011010143648380079,0.027337298023894497,0.011010143648380079,0.017575932554862728,0.017575932554862728,0.01645971700837421,0.04015852047556134,0.38029492728981446,0.11533898533984578
svg/g/circle,0.125,1.0,1.0,0.0,0.0,1.0,0.9781476007338056,0.2079116908177594,0.8798283261802574,0.5431372549019607,1.0,0.0,1.3022693152000965e-07,2.852675625143227e-07,1.3022693152000965e-07,2.852675625143227e-07,1.9526332958216413e-07,1.9526332958216413e-07,0.01645971700837425,0.04015852047556134,0.38029492728981446,0.11533898533984578
