tag_name,tag,opacity,fill_h_cos,fill_h_sin,fill_s_n,fill_l_n,stroke_h_cos,stroke_h_sin,stroke_s_n,stroke_l_n,stroke_width,layer_sal,bbox_min_left_n,bbox_max_right_n,bbox_min_top_n,bbox_max_bottom_n,bbox_center_x_n,bbox_center_y_n,bbox_width_n,bbox_height_n,bbox_fill_area,bbox_stroke_area
svg/g/circle_649,0.7506489999999999,1.0,-0.5735764363510464,-0.8191520442889916,1.0,0.58,1.0,0.0,0.0,0.0,1.0,0.25,-1.0,-0.971052250687509,0.5833333333333331,0.6533613445378149,-0.9855261253437545,0.618347338935574,0.014473874656245478,0.0350140056022409,0.3589275840108562,0.08559254052155013
svg/g/circle_648,0.7506480000000001,1.0,-0.5735764363510464,-0.8191520442889916,1.0,0.58,1.0,0.0,0.0,0.0,1.0,0.24964739069111425,-1.0,-0.971052250687509,0.6701680672268906,0.7401960784313724,-0.9855261253437545,0.7051820728291315,0.014473874656245478,0.0350140056022409,0.3589275840108562,0.08559254052155013
svg/g/circle_647,0.7506470000000001,1.0,0.8290375725550417,0.5591929034707469,0.9700000000000004,0.59,1.0,0.0,0.0,0.0,1.0,0.2492947813822285,-1.0,-0.971052250687509,0.7570028011204479,0.8270308123249297,-0.9855261253437545,0.7920168067226888,0.014473874656245478,0.0350140056022409,0.3589275840108562,0.08559254052155013
svg/g/circle_646,0.750646,1.0,0.15643446504023026,0.9876883405951378,0.5800000000000004,0.54,1.0,0.0,0.0,0.0,1.0,0.24894217207334274,-1.0,-0.971052250687509,0.8431372549019606,0.9131652661064423,-0.9855261253437545,0.8781512605042014,0.014473874656245478,0.0350140056022409,0.3589275840108562,0.08559254052155013
svg/g/circle_645,0.750645,1.0,0.8480480961564258,0.529919264233205,0.35,0.47,1.0,0.0,0.0,0.0,1.0,0.24858956276445698,-1.0,-0.971052250687509,0.9299719887955182,1.0,-0.9855261253437545,0.9649859943977591,0.014473874656245478,0.0350140056022409,0.3589275840108562,0.08559254052155013
svg/g/circle_644,0.7506440000000001,1.0,-0.5735764363510464,-0.8191520442889916,1.0,0.58,1.0,0.0,0.0,0.0,1.0,0.24823695345557123,-0.9641047908525113,-0.9351570415400203,0.5833333333333331,0.6533613445378149,-0.9496309161962658,0.618347338935574,0.014473874656245478,0.0350140056022409,0.3589275840108562,0.08559254052155013
svg/g/circle_643,0.7506430000000001,1.0,-0.5735764363510464,-0.8191520442889916,1.0,0.58,1.0,0.0,0.0,0.0,1.0,0.24788434414668548,-0.9641047908525113,-0.9351570415400203,0.6701680672268906,0.7401960784313724,-0.9496309161962658,0.7051820728291315,0.014473874656245478,0.0350140056022409,0.3589275840108562,0.08559254052155013
svg/g/circle_642,0.750642,1.0,0.8290375725550417,0.5591929034707469,0.9700000000000004,0.59,1.0,0.0,0.0,0.0,1.0,0.24753173483779972,-0.9641047908525113,-0.9351570415400203,0.7570028011204479,0.8270308123249297,-0.9496309161962658,0.7920168067226888,0.014473874656245478,0.0350140056022409,0.3589275840108562,0.08559254052155013
svg/g/circle_641,0.750641,1.0,0.15643446504023026,0.9876883405951378,0.5800000000000004,0.54,1.0,0.0,0.0,0.0,1.0,0.24717912552891397,-0.9641047908525113,-0.9351570415400203,0.8431372549019606,0.9131652661064423,-0.9496309161962658,0.8781512605042014,0.014473874656245478,0.0350140056022409,0.3589275840108562,0.08559254052155013
svg/g/circle_640,0.75064,1.0,0.8480480961564258,0.529919264233205,0.35,0.47,1.0,0.0,0.0,0.0,1.0,0.2468265162200282,-0.9641047908525113,-0.9351570415400203,0.9299719887955182,1.0,-0.9496309161962658,0.9649859943977591,0.014473874656245478,0.0350140056022409,0.3589275840108562,0.08559254052155013
svg/g/circle_639,0.7506390000000001,1.0,-0.5735764363510464,-0.8191520442889916,1.0,0.58,1.0,0.0,0.0,0.0,1.0,0.24647390691114246,-0.9279201042118976,-0.8989723548994066,0.5833333333333331,0.6533613445378149,-0.9134462295556521,0.618347338935574,0.014473874656245478,0.0350140056022409,0.3589275840108562,0.08559254052155013
svg/g/circle_638,0.750638,1.0,-0.5735764363510464,-0.8191520442889916,1.0,0.58,1.0,0.0,0.0,0.0,1.0,0.2461212976022567,-0.9279201042118976,-0.8989723548994066,0.6701680672268906,0.7401960784313724,-0.9134462295556521,0.7051820728291315,0.014473874656245478,0.0350140056022409,0.3589275840108562,0.08559254052155013
svg/g/circle_637,0.750637,1.0,0.8290375725550417,0.5591929034707469,0.9700000000000004,0.59,1.0,0.0,0.0,0.0,1.0,0.24576868829337095,-0.9279201042118976,-0.8989723548994066,0.7570028011204479,0.8270308123249297,-0.9134462295556521,0.7920168067226888,0.014473874656245478,0.0350140056022409,0.3589275840108562,0.08559254052155013
svg/g/circle_636,0.750636,1.0,0.15643446504023026,0.9876883405951378,0.5800000000000004,0.54,1.0,0.0,0.0,0.0,1.0,0.2454160789844852,-0.9279201042118976,-0.8989723548994066,0.8431372549019606,0.9131652661064423,-0.9134462295556521,0.8781512605042014,0.014473874656245478,0.0350140056022409,0.3589275840108562,0.08559254052155013
svg/g/circle_635,0.750635,1.0,0.8480480961564258,0.529919264233205,0.35,0.47,1.0,0.0,0.0,0.0,1.0,0.24506346967559944,-0.9279201042118976,-0.8989723548994066,0.9299719887955182,1.0,-0.9134462295556521,0.9649859943977591,0.014473874656245478,0.0350140056022409,0.3589275840108562,0.08559254052155013
svg/g/circle_634,0.750634,1.0,-0.5735764363510464,-0.8191520442889916,1.0,0.58,1.0,0.0,0.0,0.0,1.0,0.2447108603667137,-0.8923143725575337,-0.8633666232450428,0.5833333333333331,0.6533613445378149,-0.8778404979012882,0.618347338935574,0.014473874656245478,0.0350140056022409,0.3589275840108562,0.08559254052155013
svg/g/circle_633,0.750633,1.0,-0.5735764363510464,-0.8191520442889916,1.0,0.58,1.0,0.0,0.0,0.0,1.0,0.24435825105782794,-0.8923143725575337,-0.8633666232450428,0.6701680672268906,0.7401960784313724,-0.8778404979012882,0.7051820728291315,0.014473874656245478,0.0350140056022409,0.3589275840108562,0.08559254052155013
svg/g/circle_632,0.750632,1.0,0.8290375725550417,0.5591929034707469,0.9700000000000004,0.59,1.0,0.0,0.0,0.0,1.0,0.24400564174894218,-0.8923143725575337,-0.8633666232450428,0.7570028011204479,0.8270308123249297,-0.8778404979012882,0.7920168067226888,0.014473874656245478,0.0350140056022409,0.3589275840108562,0.08559254052155013
svg/g/circle_631,0.750631,1.0,0.15643446504023026,0.9876883405951378,0.5800000000000004,0.54,1.0,0.0,0.0,0.0,1.0,0.24365303244005643,-0.8923143725575337,-0.8633666232450428,0.8431372549019606,0.9131652661064423,-0.8778404979012882,0.8781512605042014,0.014473874656245478,0.0350140056022409,0.3589275840108562,0.08559254052155013
svg/g/circle_630,0.75063,1.0,0.8480480961564258,0.529919264233205,0.35,0.47,1.0,0.0,0.0,0.0,1.0,0.24330042313117067,-0.8923143725575337,-0.8633666232450428,0.9299719887955182,1.0,-0.8778404979012882,0.9649859943977591,0.014473874656245478,0.0350140056022409,0.3589275840108562,0.08559254052155013
svg/g/circle_629,0.750629,1.0,-0.5735764363510464,-0.8191520442889916,1.0,0.58,1.0,0.0,0.0,0.0,1.0,0.24294781382228492,-0.856419163410045,-0.827471414097554,0.5833333333333331,0.6533613445378149,-0.8419452887537995,0.618347338935574,0.014473874656245478,0.0350140056022409,0.3589275840108562,0.08559254052155013
svg/g/circle_628,0.750628,1.0,-0.5735764363510464,-0.8191520442889916,1.0,0.58,1.0,0.0,0.0,0.0,1.0,0.24259520451339917,-0.856419163410045,-0.827471414097554,0.6701680672268906,0.7401960784313724,-0.8419452887537995,0.7051820728291315,0.014473874656245478,0.0350140056022409,0.3589275840108562,0.08559254052155013
svg/g/circle_627,0.750627,1.0,0.8290375725550417,0.5591929034707469,0.9700000000000004,0.59,1.0,0.0,0.0,0.0,1.0,0.2422425952045134,-0.856419163410045,-0.827471414097554,0.7570028011204479,0.8270308123249297,-0.8419452887537995,0.7920168067226888,0.014473874656245478,0.0350140056022409,0.3589275840108562,0.08559254052155013
svg/g/circle_626,0.750626,1.0,0.15643446504023026,0.9876883405951378,0.5800000000000004,0.54,1.0,0.0,0.0,0.0,1.0,0.24188998589562766,-0.856419163410045,-0.827471414097554,0.8431372549019606,0.9131652661064423,-0.8419452887537995,0.8781512605042014,0.014473874656245478,0.0350140056022409,0.3589275840108562,0.08559254052155013
svg/g/circle_625,0.750625,1.0,0.8480480961564258,0.529919264233205,0.35,0.47,1.0,0.0,0.0,0.0,1.0,0.2415373765867419,-0.856419163410045,-0.827471414097554,0.9299719887955182,1.0,-0.8419452887537995,0.9649859943977591,0.014473874656245478,0.0350140056022409,0.3589275840108562,0.08559254052155013
svg/g/circle_624,0.750624,1.0,-0.5735764363510464,-0.8191520442889916,1.0,0.58,1.0,0.0,0.0,0.0,1.0,0.24118476727785615,-0.8205239542625561,-0.7915762049500651,0.5833333333333331,0.6533613445378149,-0.8060500796063106,0.618347338935574,0.014473874656245478,0.0350140056022409,0.3589275840108562,0.08559254052155013
svg/g/circle_623,0.7506229999999999,1.0,-0.5735764363510464,-0.8191520442889916,1.0,0.58,1.0,0.0,0.0,0.0,1.0,0.2408321579689704,-0.8205239542625561,-0.7915762049500651,0.6701680672268906,0.7401960784313724,-0.8060500796063106,0.7051820728291315,0.014473874656245478,0.0350140056022409,0.3589275840108562,0.08559254052155013
svg/g/circle_622,0.750622,1.0,0.8290375725550417,0.5591929034707469,0.9700000000000004,0.59,1.0,0.0,0.0,0.0,1.0,0.2404795486600846,-0.8205239542625561,-0.7915762049500651,0.7570028011204479,0.8270308123249297,-0.8060500796063106,0.7920168067226888,0.014473874656245478,0.0350140056022409,0.3589275840108562,0.08559254052155013
svg/g/circle_621,0.750621,1.0,0.8480480961564258,0.529919264233205,0.35,0.47,1.0,0.0,0.0,0.0,1.0,0.24012693935119886,-0.8205239542625561,-0.7915762049500651,0.8431372549019606,0.9131652661064423,-0.8060500796063106,0.8781512605042014,0.014473874656245478,0.0350140056022409,0.3589275840108562,0.08559254052155013
svg/g/circle_620,0.75062,1.0,0.8480480961564258,0.529919264233205,0.35,0.47,1.0,0.0,0.0,0.0,1.0,0.2397743300423131,-0.8205239542625561,-0.7915762049500651,0.9299719887955182,1.0,-0.8060500796063106,0.9649859943977591,0.014473874656245478,0.0350140056022409,0.3589275840108562,0.08559254052155013
svg/g/circle_619,0.7506189999999999,1.0,-0.5735764363510464,-0.8191520442889916,1.0,0.58,1.0,0.0,0.0,0.0,1.0,0.23942172073342735,-0.7852077001013171,-0.7562599507888262,0.5833333333333331,0.6533613445378149,-0.7707338254450716,0.618347338935574,0.014473874656245478,0.0350140056022409,0.3589275840108562,0.08559254052155013
svg/g/circle_618,0.750618,1.0,-0.5735764363510464,-0.8191520442889916,1.0,0.58,1.0,0.0,0.0,0.0,1.0,0.2390691114245416,-0.7852077001013171,-0.7562599507888262,0.6701680672268906,0.7401960784313724,-0.7707338254450716,0.7051820728291315,0.014473874656245478,0.0350140056022409,0.3589275840108562,0.08559254052155013
svg/g/circle_617,0.750617,1.0,0.8290375725550417,0.5591929034707469,0.9700000000000004,0.59,1.0,0.0,0.0,0.0,1.0,0.23871650211565584,-0.7852077001013171,-0.7562599507888262,0.7570028011204479,0.8270308123249297,-0.7707338254450716,0.7920168067226888,0.014473874656245478,0.0350140056022409,0.3589275840108562,0.08559254052155013
svg/g/circle_616,0.750616,1.0,0.8480480961564258,0.529919264233205,0.35,0.47,1.0,0.0,0.0,0.0,1.0,0.2383638928067701,-0.7852077001013171,-0.7562599507888262,0.8431372549019606,0.9131652661064423,-0.7707338254450716,0.8781512605042014,0.014473874656245478,0.0350140056022409,0.3589275840108562,0.08559254052155013
svg/g/circle_615,0.7506149999999999,1.0,0.8480480961564258,0.529919264233205,0.35,0.47,1.0,0.0,0.0,0.0,1.0,0.23801128349788434,-0.7852077001013171,-0.7562599507888262,0.9299719887955182,1.0,-0.7707338254450716,0.9649859943977591,0.014473874656245478,0.0350140056022409,0.3589275840108562,0.08559254052155013
svg/g/circle_614,0.7506140000000001,1.0,-0.5735764363510464,-0.8191520442889916,1.0,0.58,1.0,0.0,0.0,0.0,1.0,0.23765867418899858,-0.7493124909538285,-0.7203647416413373,0.5833333333333331,0.6533613445378149,-0.7348386162975828,0.618347338935574,0.014473874656245478,0.0350140056022409,0.3589275840108562,0.08559254052155013
svg/g/circle_613,0.750613,1.0,-0.5735764363510464,-0.8191520442889916,1.0,0.58,1.0,0.0,0.0,0.0,1.0,0.23730606488011283,-0.7493124909538285,-0.7203647416413373,0.6701680672268906,0.7401960784313724,-0.7348386162975828,0.7051820728291315,0.014473874656245478,0.0350140056022409,0.3589275840108562,0.08559254052155013
svg/g/circle_612,0.750612,1.0,0.8290375725550417,0.5591929034707469,0.9700000000000004,0.59,1.0,0.0,0.0,0.0,1.0,0.23695345557122707,-0.7493124909538285,-0.7203647416413373,0.7570028011204479,0.8270308123249297,-0.7348386162975828,0.7920168067226888,0.014473874656245478,0.0350140056022409,0.3589275840108562,0.08559254052155013
svg/g/circle_611,0.7506109999999999,1.0,0.8480480961564258,0.529919264233205,0.35,0.47,1.0,0.0,0.0,0.0,1.0,0.23660084626234132,-0.7493124909538285,-0.7203647416413373,0.8431372549019606,0.9131652661064423,-0.7348386162975828,0.8781512605042014,0.014473874656245478,0.0350140056022409,0.3589275840108562,0.08559254052155013
svg/g/circle_610,0.7506100000000001,1.0,0.8480480961564258,0.529919264233205,0.35,0.47,1.0,0.0,0.0,0.0,1.0,0.23624823695345556,-0.7493124909538285,-0.7203647416413373,0.9299719887955182,1.0,-0.7348386162975828,0.9649859943977591,0.014473874656245478,0.0350140056022409,0.3589275840108562,0.08559254052155013
svg/g/circle_609,0.7506090000000001,1.0,-0.5735764363510464,-0.8191520442889916,1.0,0.58,1.0,0.0,0.0,0.0,1.0,0.2358956276445698,-0.7134172818063396,-0.6844695324938486,0.5833333333333331,0.6533613445378149,-0.6989434071500941,0.618347338935574,0.014473874656245478,0.0350140056022409,0.3589275840108562,0.08559254052155013
svg/g/circle_608,0.750608,1.0,-0.5735764363510464,-0.8191520442889916,1.0,0.58,1.0,0.0,0.0,0.0,1.0,0.23554301833568406,-0.7134172818063396,-0.6844695324938486,0.6701680672268906,0.7401960784313724,-0.6989434071500941,0.7051820728291315,0.014473874656245478,0.0350140056022409,0.3589275840108562,0.08559254052155013
svg/g/circle_607,0.750607,1.0,0.8290375725550417,0.5591929034707469,0.9700000000000004,0.59,1.0,0.0,0.0,0.0,1.0,0.2351904090267983,-0.7134172818063396,-0.6844695324938486,0.7570028011204479,0.8270308123249297,-0.6989434071500941,0.7920168067226888,0.014473874656245478,0.0350140056022409,0.3589275840108562,0.08559254052155013
svg/g/circle_606,0.7506059999999999,1.0,0.8480480961564258,0.529919264233205,0.35,0.47,1.0,0.0,0.0,0.0,1.0,0.23483779971791255,-0.7134172818063396,-0.6844695324938486,0.8431372549019606,0.9131652661064423,-0.6989434071500941,0.8781512605042014,0.014473874656245478,0.0350140056022409,0.3589275840108562,0.08559254052155013
svg/g/circle_605,0.7506050000000001,1.0,0.8480480961564258,0.529919264233205,0.35,0.47,1.0,0.0,0.0,0.0,1.0,0.2344851904090268,-0.7134172818063396,-0.6844695324938486,0.9299719887955182,1.0,-0.6989434071500941,0.9649859943977591,0.014473874656245478,0.0350140056022409,0.3589275840108562,0.08559254052155013
svg/g/circle_604,0.750604,1.0,-0.5735764363510464,-0.8191520442889916,1.0,0.58,1.0,0.0,0.0,0.0,1.0,0.23413258110014104,-0.6778115501519757,-0.6488638008394847,0.5833333333333331,0.6533613445378149,-0.6633376754957302,0.618347338935574,0.014473874656245478,0.0350140056022409,0.3589275840108562,0.08559254052155013
svg/g/circle_603,0.750603,1.0,0.9902680687415704,0.13917310096006538,0.88,0.64,1.0,0.0,0.0,0.0,1.0,0.2337799717912553,-0.6778115501519757,-0.6488638008394847,0.6701680672268906,0.7401960784313724,-0.6633376754957302,0.7051820728291315,0.014473874656245478,0.0350140056022409,0.3589275840108562,0.08559254052155013
svg/g/circle_602,0.750602,1.0,0.15643446504023026,0.9876883405951378,0.5800000000000004,0.54,1.0,0.0,0.0,0.0,1.0,0.23342736248236953,-0.6778115501519757,-0.6488638008394847,0.7570028011204479,0.8270308123249297,-0.6633376754957302,0.7920168067226888,0.014473874656245478,0.0350140056022409,0.3589275840108562,0.08559254052155013
svg/g/circle_601,0.7506010000000001,1.0,0.8480480961564258,0.529919264233205,0.35,0.47,1.0,0.0,0.0,0.0,1.0,0.23307475317348378,-0.6778115501519757,-0.6488638008394847,0.8431372549019606,0.9131652661064423,-0.6633376754957302,0.8781512605042014,0.014473874656245478,0.0350140056022409,0.3589275840108562,0.08559254052155013
svg/g/circle_600,0.7506,1.0,0.8480480961564258,0.529919264233205,0.35,0.47,1.0,0.0,0.0,0.0,1.0,0.23272214386459802,-0.6778115501519757,-0.6488638008394847,0.9299719887955182,1.0,-0.6633376754957302,0.9649859943977591,0.014473874656245478,0.0350140056022409,0.3589275840108562,0.08559254052155013
svg/g/circle_599,0.750599,1.0,-0.5735764363510464,-0.8191520442889916,1.0,0.58,1.0,0.0,0.0,0.0,1.0,0.23236953455571227,-0.641626863511362,-0.612679114198871,0.5833333333333331,0.6533613445378149,-0.6271529888551165,0.618347338935574,0.014473874656245478,0.0350140056022409,0.3589275840108562,0.08559254052155013
svg/g/circle_598,0.750598,1.0,0.9902680687415704,0.13917310096006538,0.88,0.64,1.0,0.0,0.0,0.0,1.0,0.23201692524682652,-0.641626863511362,-0.612679114198871,0.6701680672268906,0.7401960784313724,-0.6271529888551165,0.7051820728291315,0.014473874656245478,0.0350140056022409,0.3589275840108562,0.08559254052155013
svg/g/circle_597,0.7505970000000001,1.0,0.15643446504023026,0.9876883405951378,0.5800000000000004,0.54,1.0,0.0,0.0,0.0,1.0,0.23166431593794076,-0.641626863511362,-0.612679114198871,0.7570028011204479,0.8270308123249297,-0.6271529888551165,0.7920168067226888,0.014473874656245478,0.0350140056022409,0.3589275840108562,0.08559254052155013
svg/g/circle_596,0.750596,1.0,0.8480480961564258,0.529919264233205,0.35,0.47,1.0,0.0,0.0,0.0,1.0,0.231311706629055,-0.641626863511362,-0.612679114198871,0.8431372549019606,0.9131652661064423,-0.6271529888551165,0.8781512605042014,0.014473874656245478,0.0350140056022409,0.3589275840108562,0.08559254052155013
svg/g/circle_595,0.750595,1.0,0.8480480961564258,0.529919264233205,0.35,0.47,1.0,0.0,0.0,0.0,1.0,0.23095909732016925,-0.641626863511362,-0.612679114198871,0.9299719887955182,1.0,-0.6271529888551165,0.9649859943977591,0.014473874656245478,0.0350140056022409,0.3589275840108562,0.08559254052155013
svg/g/circle_594,0.750594,1.0,-0.5735764363510464,-0.8191520442889916,1.0,0.58,1.0,0.0,0.0,0.0,1.0,0.2306064880112835,-0.6057316543638732,-0.5767839050513823,0.5833333333333331,0.6533613445378149,-0.5912577797076277,0.618347338935574,0.014473874656245478,0.0350140056022409,0.3589275840108562,0.08559254052155013
svg/g/circle_593,0.750593,1.0,0.9902680687415704,0.13917310096006538,0.88,0.64,1.0,0.0,0.0,0.0,1.0,0.23025387870239775,-0.6057316543638732,-0.5767839050513823,0.6701680672268906,0.7401960784313724,-0.5912577797076277,0.7051820728291315,0.014473874656245478,0.0350140056022409,0.3589275840108562,0.08559254052155013
svg/g/circle_592,0.750592,1.0,0.15643446504023026,0.9876883405951378,0.5800000000000004,0.54,1.0,0.0,0.0,0.0,1.0,0.229901269393512,-0.6057316543638732,-0.5767839050513823,0.7570028011204479,0.8270308123249297,-0.5912577797076277,0.7920168067226888,0.014473874656245478,0.0350140056022409,0.3589275840108562,0.08559254052155013
svg/g/circle_591,0.750591,1.0,0.8480480961564258,0.529919264233205,0.35,0.47,1.0,0.0,0.0,0.0,1.0,0.22954866008462624,-0.6057316543638732,-0.5767839050513823,0.8431372549019606,0.9131652661064423,-0.5912577797076277,0.8781512605042014,0.014473874656245478,0.0350140056022409,0.3589275840108562,0.08559254052155013
svg/g/circle_590,0.75059,1.0,0.8480480961564258,0.529919264233205,0.35,0.47,1.0,0.0,0.0,0.0,1.0,0.22919605077574048,-0.6057316543638732,-0.5767839050513823,0.9299719887955182,1.0,-0.5912577797076277,0.9649859943977591,0.014473874656245478,0.0350140056022409,0.3589275840108562,0.08559254052155013
svg/g/circle_589,0.750589,1.0,-0.5735764363510464,-0.8191520442889916,1.0,0.58,1.0,0.0,0.0,0.0,1.0,0.22884344146685473,-0.4743088724851643,-0.44536112317267335,0.5833333333333331,0.6533613445378149,-0.4598349978289188,0.618347338935574,0.014473874656245478,0.0350140056022409,0.3589275840108562,0.08559254052155013
svg/g/circle_588,0.750588,1.0,-0.5735764363510464,-0.8191520442889916,1.0,0.58,1.0,0.0,0.0,0.0,1.0,0.22849083215796898,-0.4743088724851643,-0.44536112317267335,0.6701680672268906,0.7401960784313724,-0.4598349978289188,0.7051820728291315,0.014473874656245478,0.0350140056022409,0.3589275840108562,0.08559254052155013
svg/g/circle_587,0.750587,1.0,-0.5735764363510464,-0.8191520442889916,1.0,0.58,1.0,0.0,0.0,0.0,1.0,0.22813822284908322,-0.4743088724851643,-0.44536112317267335,0.7570028011204479,0.8270308123249297,-0.4598349978289188,0.7920168067226888,0.014473874656245478,0.0350140056022409,0.3589275840108562,0.08559254052155013
svg/g/circle_586,0.750586,1.0,0.9902680687415704,0.13917310096006538,0.88,0.64,1.0,0.0,0.0,0.0,1.0,0.22778561354019747,-0.4743088724851643,-0.44536112317267335,0.8431372549019606,0.9131652661064423,-0.4598349978289188,0.8781512605042014,0.014473874656245478,0.0350140056022409,0.3589275840108562,0.08559254052155013
svg/g/circle_585,0.750585,1.0,0.8290375725550417,0.5591929034707469,0.9700000000000004,0.59,1.0,0.0,0.0,0.0,1.0,0.22743300423131171,-0.4743088724851643,-0.44536112317267335,0.9299719887955182,1.0,-0.4598349978289188,0.9649859943977591,0.014473874656245478,0.0350140056022409,0.3589275840108562,0.08559254052155013
svg/g/circle_584,0.750584,1.0,-0.5735764363510464,-0.8191520442889916,1.0,0.58,1.0,0.0,0.0,0.0,1.0,0.22708039492242596,-0.43841366333767545,-0.4094659140251845,0.5833333333333331,0.6533613445378149,-0.42393978868143,0.618347338935574,0.014473874656245478,0.0350140056022409,0.3589275840108562,0.08559254052155013
svg/g/circle_583,0.750583,1.0,-0.5735764363510464,-0.8191520442889916,1.0,0.58,1.0,0.0,0.0,0.0,1.0,0.2267277856135402,-0.43841366333767545,-0.4094659140251845,0.6701680672268906,0.7401960784313724,-0.42393978868143,0.7051820728291315,0.014473874656245478,0.0350140056022409,0.3589275840108562,0.08559254052155013
svg/g/circle_582,0.750582,1.0,-0.5735764363510464,-0.8191520442889916,1.0,0.58,1.0,0.0,0.0,0.0,1.0,0.22637517630465445,-0.43841366333767545,-0.4094659140251845,0.7570028011204479,0.8270308123249297,-0.42393978868143,0.7920168067226888,0.014473874656245478,0.0350140056022409,0.3589275840108562,0.08559254052155013
svg/g/circle_581,0.7505809999999999,1.0,0.9902680687415704,0.13917310096006538,0.88,0.64,1.0,0.0,0.0,0.0,1.0,0.2260225669957687,-0.43841366333767545,-0.4094659140251845,0.8431372549019606,0.9131652661064423,-0.42393978868143,0.8781512605042014,0.014473874656245478,0.0350140056022409,0.3589275840108562,0.08559254052155013
svg/g/circle_580,0.75058,1.0,0.8290375725550417,0.5591929034707469,0.9700000000000004,0.59,1.0,0.0,0.0,0.0,1.0,0.22566995768688294,-0.43841366333767545,-0.4094659140251845,0.9299719887955182,1.0,-0.42393978868143,0.9649859943977591,0.014473874656245478,0.0350140056022409,0.3589275840108562,0.08559254052155013
svg/g/circle_579,0.750579,1.0,-0.5735764363510464,-0.8191520442889916,1.0,0.58,1.0,0.0,0.0,0.0,1.0,0.2253173483779972,-0.40251845419018667,-0.3735707048776957,0.5833333333333331,0.6533613445378149,-0.3880445795339412,0.618347338935574,0.014473874656245478,0.0350140056022409,0.3589275840108562,0.08559254052155013
svg/g/circle_578,0.750578,1.0,-0.5735764363510464,-0.8191520442889916,1.0,0.58,1.0,0.0,0.0,0.0,1.0,0.22496473906911144,-0.40251845419018667,-0.3735707048776957,0.6701680672268906,0.7401960784313724,-0.3880445795339412,0.7051820728291315,0.014473874656245478,0.0350140056022409,0.3589275840108562,0.08559254052155013
svg/g/circle_577,0.7505769999999999,1.0,-0.5735764363510464,-0.8191520442889916,1.0,0.58,1.0,0.0,0.0,0.0,1.0,0.22461212976022568,-0.40251845419018667,-0.3735707048776957,0.7570028011204479,0.8270308123249297,-0.3880445795339412,0.7920168067226888,0.014473874656245478,0.0350140056022409,0.3589275840108562,0.08559254052155013
svg/g/circle_576,0.7505759999999999,1.0,0.9902680687415704,0.13917310096006538,0.88,0.64,1.0,0.0,0.0,0.0,1.0,0.2242595204513399,-0.40251845419018667,-0.3735707048776957,0.8431372549019606,0.9131652661064423,-0.3880445795339412,0.8781512605042014,0.014473874656245478,0.0350140056022409,0.3589275840108562,0.08559254052155013
svg/g/circle_575,0.750575,1.0,0.8290375725550417,0.5591929034707469,0.9700000000000004,0.59,1.0,0.0,0.0,0.0,1.0,0.22390691114245415,-0.40251845419018667,-0.3735707048776957,0.9299719887955182,1.0,-0.3880445795339412,0.9649859943977591,0.014473874656245478,0.0350140056022409,0.3589275840108562,0.08559254052155013
svg/g/circle_574,0.750574,1.0,-0.5735764363510464,-0.8191520442889916,1.0,0.58,1.0,0.0,0.0,0.0,1.0,0.2235543018335684,-0.36691272253582286,-0.3379649732233319,0.5833333333333331,0.6533613445378149,-0.35243884787957735,0.618347338935574,0.014473874656245478,0.0350140056022409,0.3589275840108562,0.08559254052155013
svg/g/circle_573,0.7505729999999999,1.0,-0.5735764363510464,-0.8191520442889916,1.0,0.58,1.0,0.0,0.0,0.0,1.0,0.22320169252468264,-0.36691272253582286,-0.3379649732233319,0.6701680672268906,0.7401960784313724,-0.35243884787957735,0.7051820728291315,0.014473874656245478,0.0350140056022409,0.3589275840108562,0.08559254052155013
svg/g/circle_572,0.7505719999999999,1.0,-0.5735764363510464,-0.8191520442889916,1.0,0.58,1.0,0.0,0.0,0.0,1.0,0.22284908321579688,-0.36691272253582286,-0.3379649732233319,0.7570028011204479,0.8270308123249297,-0.35243884787957735,0.7920168067226888,0.014473874656245478,0.0350140056022409,0.3589275840108562,0.08559254052155013
svg/g/circle_571,0.7505710000000001,1.0,0.9902680687415704,0.13917310096006538,0.88,0.64,1.0,0.0,0.0,0.0,1.0,0.22249647390691113,-0.36691272253582286,-0.3379649732233319,0.8431372549019606,0.9131652661064423,-0.35243884787957735,0.8781512605042014,0.014473874656245478,0.0350140056022409,0.3589275840108562,0.08559254052155013
svg/g/circle_570,0.7505700000000001,1.0,0.8290375725550417,0.5591929034707469,0.9700000000000004,0.59,1.0,0.0,0.0,0.0,1.0,0.22214386459802538,-0.36691272253582286,-0.3379649732233319,0.9299719887955182,1.0,-0.35243884787957735,0.9649859943977591,0.014473874656245478,0.0350140056022409,0.3589275840108562,0.08559254052155013
svg/g/circle_569,0.750569,1.0,-0.5735764363510464,-0.8191520442889916,1.0,0.58,1.0,0.0,0.0,0.0,1.0,0.22179125528913962,-0.33072803589520916,-0.3017802865827182,0.5833333333333331,0.6533613445378149,-0.31625416123896366,0.618347338935574,0.014473874656245478,0.0350140056022409,0.3589275840108562,0.08559254052155013
svg/g/circle_568,0.7505679999999999,1.0,-0.5735764363510464,-0.8191520442889916,1.0,0.58,1.0,0.0,0.0,0.0,1.0,0.22143864598025387,-0.33072803589520916,-0.3017802865827182,0.6701680672268906,0.7401960784313724,-0.31625416123896366,0.7051820728291315,0.014473874656245478,0.0350140056022409,0.3589275840108562,0.08559254052155013
svg/g/circle_567,0.7505670000000001,1.0,-0.5735764363510464,-0.8191520442889916,1.0,0.58,1.0,0.0,0.0,0.0,1.0,0.2210860366713681,-0.33072803589520916,-0.3017802865827182,0.7570028011204479,0.8270308123249297,-0.31625416123896366,0.7920168067226888,0.014473874656245478,0.0350140056022409,0.3589275840108562,0.08559254052155013
svg/g/circle_566,0.7505660000000001,1.0,0.9902680687415704,0.13917310096006538,0.88,0.64,1.0,0.0,0.0,0.0,1.0,0.22073342736248236,-0.33072803589520916,-0.3017802865827182,0.8431372549019606,0.9131652661064423,-0.31625416123896366,0.8781512605042014,0.014473874656245478,0.0350140056022409,0.3589275840108562,0.08559254052155013
svg/g/circle_565,0.750565,1.0,0.15643446504023026,0.9876883405951378,0.5800000000000004,0.54,1.0,0.0,0.0,0.0,1.0,0.2203808180535966,-0.33072803589520916,-0.3017802865827182,0.9299719887955182,1.0,-0.31625416123896366,0.9649859943977591,0.014473874656245478,0.0350140056022409,0.3589275840108562,0.08559254052155013
svg/g/circle_564,0.750564,1.0,-0.5735764363510464,-0.8191520442889916,1.0,0.58,1.0,0.0,0.0,0.0,1.0,0.22002820874471085,-0.29483282674772027,-0.2658850774352293,0.5833333333333331,0.6533613445378149,-0.2803589520914748,0.618347338935574,0.014473874656245478,0.0350140056022409,0.3589275840108562,0.08559254052155013
svg/g/circle_563,0.750563,1.0,-0.5735764363510464,-0.8191520442889916,1.0,0.58,1.0,0.0,0.0,0.0,1.0,0.2196755994358251,-0.29483282674772027,-0.2658850774352293,0.6701680672268906,0.7401960784313724,-0.2803589520914748,0.7051820728291315,0.014473874656245478,0.0350140056022409,0.3589275840108562,0.08559254052155013
svg/g/circle_562,0.7505620000000001,1.0,-0.5735764363510464,-0.8191520442889916,1.0,0.58,1.0,0.0,0.0,0.0,1.0,0.21932299012693934,-0.29483282674772027,-0.2658850774352293,0.7570028011204479,0.8270308123249297,-0.2803589520914748,0.7920168067226888,0.014473874656245478,0.0350140056022409,0.3589275840108562,0.08559254052155013
svg/g/circle_561,0.750561,1.0,0.9902680687415704,0.13917310096006538,0.88,0.64,1.0,0.0,0.0,0.0,1.0,0.2189703808180536,-0.29483282674772027,-0.2658850774352293,0.8431372549019606,0.9131652661064423,-0.2803589520914748,0.8781512605042014,0.014473874656245478,0.0350140056022409,0.3589275840108562,0.08559254052155013
svg/g/circle_560,0.75056,1.0,0.15643446504023026,0.9876883405951378,0.5800000000000004,0.54,1.0,0.0,0.0,0.0,1.0,0.21861777150916784,-0.29483282674772027,-0.2658850774352293,0.9299719887955182,1.0,-0.2803589520914748,0.9649859943977591,0.014473874656245478,0.0350140056022409,0.3589275840108562,0.08559254052155013
svg/g/circle_559,0.750559,1.0,-0.5735764363510464,-0.8191520442889916,1.0,0.58,1.0,0.0,0.0,0.0,1.0,0.21826516220028208,-0.25980605007960633,-0.23085830076711536,0.5833333333333331,0.6533613445378149,-0.24533217542336083,0.618347338935574,0.014473874656245478,0.0350140056022409,0.3589275840108562,0.08559254052155013
svg/g/circle_558,0.7505580000000001,1.0,-0.5735764363510464,-0.8191520442889916,1.0,0.58,1.0,0.0,0.0,0.0,1.0,0.21791255289139633,-0.25980605007960633,-0.23085830076711536,0.6701680672268906,0.7401960784313724,-0.24533217542336083,0.7051820728291315,0.014473874656245478,0.0350140056022409,0.3589275840108562,0.08559254052155013
svg/g/circle_557,0.750557,1.0,-0.5735764363510464,-0.8191520442889916,1.0,0.58,1.0,0.0,0.0,0.0,1.0,0.21755994358251057,-0.25980605007960633,-0.23085830076711536,0.7570028011204479,0.8270308123249297,-0.24533217542336083,0.7920168067226888,0.014473874656245478,0.0350140056022409,0.3589275840108562,0.08559254052155013
svg/g/circle_556,0.750556,1.0,0.9902680687415704,0.13917310096006538,0.88,0.64,1.0,0.0,0.0,0.0,1.0,0.21720733427362482,-0.25980605007960633,-0.23085830076711536,0.8431372549019606,0.9131652661064423,-0.24533217542336083,0.8781512605042014,0.014473874656245478,0.0350140056022409,0.3589275840108562,0.08559254052155013
svg/g/circle_555,0.750555,1.0,0.15643446504023026,0.9876883405951378,0.5800000000000004,0.54,1.0,0.0,0.0,0.0,1.0,0.21685472496473907,-0.25980605007960633,-0.23085830076711536,0.9299719887955182,1.0,-0.24533217542336083,0.9649859943977591,0.014473874656245478,0.0350140056022409,0.3589275840108562,0.08559254052155013
svg/g/circle_554,0.750554,1.0,-0.5735764363510464,-0.8191520442889916,1.0,0.58,1.0,0.0,0.0,0.0,1.0,0.2165021156558533,-0.22362136343899264,-0.19467361412650167,0.5833333333333331,0.6533613445378149,-0.20914748878274714,0.618347338935574,0.014473874656245478,0.0350140056022409,0.3589275840108562,0.08559254052155013
svg/g/circle_553,0.750553,1.0,-0.5735764363510464,-0.8191520442889916,1.0,0.58,1.0,0.0,0.0,0.0,1.0,0.21614950634696756,-0.22362136343899264,-0.19467361412650167,0.6701680672268906,0.7401960784313724,-0.20914748878274714,0.7051820728291315,0.014473874656245478,0.0350140056022409,0.3589275840108562,0.08559254052155013
svg/g/circle_552,0.750552,1.0,-0.5735764363510464,-0.8191520442889916,1.0,0.58,1.0,0.0,0.0,0.0,1.0,0.2157968970380818,-0.22362136343899264,-0.19467361412650167,0.7570028011204479,0.8270308123249297,-0.20914748878274714,0.7920168067226888,0.014473874656245478,0.0350140056022409,0.3589275840108562,0.08559254052155013
svg/g/circle_551,0.750551,1.0,0.9902680687415704,0.13917310096006538,0.88,0.64,1.0,0.0,0.0,0.0,1.0,0.21544428772919605,-0.22362136343899264,-0.19467361412650167,0.8431372549019606,0.9131652661064423,-0.20914748878274714,0.8781512605042014,0.014473874656245478,0.0350140056022409,0.3589275840108562,0.08559254052155013
svg/g/circle_550,0.75055,1.0,0.15643446504023026,0.9876883405951378,0.5800000000000004,0.54,1.0,0.0,0.0,0.0,1.0,0.2150916784203103,-0.22362136343899264,-0.19467361412650167,0.9299719887955182,1.0,-0.20914748878274714,0.9649859943977591,0.014473874656245478,0.0350140056022409,0.3589275840108562,0.08559254052155013
svg/g/circle_549,0.750549,1.0,-0.5735764363510464,-0.8191520442889916,1.0,0.58,1.0,0.0,0.0,0.0,1.0,0.21473906911142454,-0.18772615429150374,-0.1587784049790128,0.5833333333333331,0.6533613445378149,-0.17325227963525827,0.618347338935574,0.014473874656245478,0.0350140056022409,0.3589275840108562,0.08559254052155013
svg/g/circle_548,0.750548,1.0,-0.5735764363510464,-0.8191520442889916,1.0,0.58,1.0,0.0,0.0,0.0,1.0,0.2143864598025388,-0.18772615429150374,-0.1587784049790128,0.6701680672268906,0.7401960784313724,-0.17325227963525827,0.7051820728291315,0.014473874656245478,0.0350140056022409,0.3589275840108562,0.08559254052155013
svg/g/circle_547,0.750547,1.0,-0.5735764363510464,-0.8191520442889916,1.0,0.58,1.0,0.0,0.0,0.0,1.0,0.21403385049365303,-0.18772615429150374,-0.1587784049790128,0.7570028011204479,0.8270308123249297,-0.17325227963525827,0.7920168067226888,0.014473874656245478,0.0350140056022409,0.3589275840108562,0.08559254052155013
svg/g/circle_546,0.7505459999999999,1.0,0.9902680687415704,0.13917310096006538,0.88,0.64,1.0,0.0,0.0,0.0,1.0,0.21368124118476728,-0.18772615429150374,-0.1587784049790128,0.8431372549019606,0.9131652661064423,-0.17325227963525827,0.8781512605042014,0.014473874656245478,0.0350140056022409,0.3589275840108562,0.08559254052155013
svg/g/circle_545,0.750545,1.0,0.8480480961564258,0.529919264233205,0.35,0.47,1.0,0.0,0.0,0.0,1.0,0.21332863187588152,-0.18772615429150374,-0.1587784049790128,0.9299719887955182,1.0,-0.17325227963525827,0.9649859943977591,0.014473874656245478,0.0350140056022409,0.3589275840108562,0.08559254052155013
svg/g/circle_544,0.750544,1.0,-0.5735764363510464,-0.8191520442889916,1.0,0.58,1.0,0.0,0.0,0.0,1.0,0.21297602256699577,-0.15212042263714,-0.12317267332464904,0.5833333333333331,0.6533613445378149,-0.1376465479808945,0.618347338935574,0.014473874656245478,0.0350140056022409,0.3589275840108562,0.08559254052155013
svg/g/circle_543,0.750543,1.0,-0.5735764363510464,-0.8191520442889916,1.0,0.58,1.0,0.0,0.0,0.0,1.0,0.21262341325811002,-0.15212042263714,-0.12317267332464904,0.6701680672268906,0.7401960784313724,-0.1376465479808945,0.7051820728291315,0.014473874656245478,0.0350140056022409,0.3589275840108562,0.08559254052155013
svg/g/circle_542,0.7505419999999999,1.0,-0.5735764363510464,-0.8191520442889916,1.0,0.58,1.0,0.0,0.0,0.0,1.0,0.21227080394922426,-0.15212042263714,-0.12317267332464904,0.7570028011204479,0.8270308123249297,-0.1376465479808945,0.7920168067226888,0.014473874656245478,0.0350140056022409,0.3589275840108562,0.08559254052155013
svg/g/circle_541,0.750541,1.0,0.9902680687415704,0.13917310096006538,0.88,0.64,1.0,0.0,0.0,0.0,1.0,0.2119181946403385,-0.15212042263714,-0.12317267332464904,0.8431372549019606,0.9131652661064423,-0.1376465479808945,0.8781512605042014,0.014473874656245478,0.0350140056022409,0.3589275840108562,0.08559254052155013
svg/g/circle_540,0.75054,1.0,0.8480480961564258,0.529919264233205,0.35,0.47,1.0,0.0,0.0,0.0,1.0,0.21156558533145275,-0.15212042263714,-0.12317267332464904,0.9299719887955182,1.0,-0.1376465479808945,0.9649859943977591,0.014473874656245478,0.0350140056022409,0.3589275840108562,0.08559254052155013
svg/g/circle_539,0.750539,1.0,-0.5735764363510464,-0.8191520442889916,1.0,0.58,1.0,0.0,0.0,0.0,1.0,0.211212976022567,-0.11622521348965112,-0.08727746417716016,0.5833333333333331,0.6533613445378149,-0.10175133883340565,0.618347338935574,0.014473874656245478,0.0350140056022409,0.3589275840108562,0.08559254052155013
svg/g/circle_538,0.7505379999999999,1.0,-0.5735764363510464,-0.8191520442889916,1.0,0.58,1.0,0.0,0.0,0.0,1.0,0.21086036671368125,-0.11622521348965112,-0.08727746417716016,0.6701680672268906,0.7401960784313724,-0.10175133883340565,0.7051820728291315,0.014473874656245478,0.0350140056022409,0.3589275840108562,0.08559254052155013
svg/g/circle_537,0.750537,1.0,-0.5735764363510464,-0.8191520442889916,1.0,0.58,1.0,0.0,0.0,0.0,1.0,0.2105077574047955,-0.11622521348965112,-0.08727746417716016,0.7570028011204479,0.8270308123249297,-0.10175133883340565,0.7920168067226888,0.014473874656245478,0.0350140056022409,0.3589275840108562,0.08559254052155013
svg/g/circle_536,0.750536,1.0,0.9902680687415704,0.13917310096006538,0.88,0.64,1.0,0.0,0.0,0.0,1.0,0.21015514809590974,-0.11622521348965112,-0.08727746417716016,0.8431372549019606,0.9131652661064423,-0.10175133883340565,0.8781512605042014,0.014473874656245478,0.0350140056022409,0.3589275840108562,0.08559254052155013
svg/g/circle_535,0.750535,1.0,0.8480480961564258,0.529919264233205,0.35,0.47,1.0,0.0,0.0,0.0,1.0,0.20980253878702398,-0.11622521348965112,-0.08727746417716016,0.9299719887955182,1.0,-0.10175133883340565,0.9649859943977591,0.014473874656245478,0.0350140056022409,0.3589275840108562,0.08559254052155013
svg/g/circle_534,0.7505339999999999,1.0,-0.5735764363510464,-0.8191520442889916,1.0,0.58,1.0,0.0,0.0,0.0,1.0,0.20944992947813823,-0.08004052684903742,-0.051092777536546466,0.5833333333333331,0.6533613445378149,-0.06556665219279195,0.618347338935574,0.014473874656245478,0.0350140056022409,0.3589275840108562,0.08559254052155013
svg/g/circle_533,0.7505329999999999,1.0,-0.5735764363510464,-0.8191520442889916,1.0,0.58,1.0,0.0,0.0,0.0,1.0,0.20909732016925248,-0.08004052684903742,-0.051092777536546466,0.6701680672268906,0.7401960784313724,-0.06556665219279195,0.7051820728291315,0.014473874656245478,0.0350140056022409,0.3589275840108562,0.08559254052155013
svg/g/circle_532,0.7505320000000001,1.0,0.9902680687415704,0.13917310096006538,0.88,0.64,1.0,0.0,0.0,0.0,1.0,0.20874471086036672,-0.08004052684903742,-0.051092777536546466,0.7570028011204479,0.8270308123249297,-0.06556665219279195,0.7920168067226888,0.014473874656245478,0.0350140056022409,0.3589275840108562,0.08559254052155013
svg/g/circle_531,0.7505310000000001,1.0,0.9902680687415704,0.13917310096006538,0.88,0.64,1.0,0.0,0.0,0.0,1.0,0.20839210155148097,-0.08004052684903742,-0.051092777536546466,0.8431372549019606,0.9131652661064423,-0.06556665219279195,0.8781512605042014,0.014473874656245478,0.0350140056022409,0.3589275840108562,0.08559254052155013
svg/g/circle_530,0.7505299999999999,1.0,-0.5735764363510464,-0.8191520442889916,1.0,0.58,1.0,0.0,0.0,0.0,1.0,0.20803949224259521,0.05109277753654663,0.08004052684903759,0.5833333333333331,0.6533613445378149,0.0655666521927921,0.618347338935574,0.014473874656245478,0.0350140056022409,0.3589275840108562,0.08559254052155013
svg/g/circle_529,0.7505289999999999,1.0,-0.5735764363510464,-0.8191520442889916,1.0,0.58,1.0,0.0,0.0,0.0,1.0,0.20768688293370946,0.05109277753654663,0.08004052684903759,0.6701680672268906,0.7401960784313724,0.0655666521927921,0.7051820728291315,0.014473874656245478,0.0350140056022409,0.3589275840108562,0.08559254052155013
svg/g/circle_528,0.7505280000000001,1.0,-0.5735764363510464,-0.8191520442889916,1.0,0.58,1.0,0.0,0.0,0.0,1.0,0.2073342736248237,0.05109277753654663,0.08004052684903759,0.7570028011204479,0.8270308123249297,0.0655666521927921,0.7920168067226888,0.014473874656245478,0.0350140056022409,0.3589275840108562,0.08559254052155013
svg/g/circle_527,0.750527,1.0,0.8290375725550417,0.5591929034707469,0.9700000000000004,0.59,1.0,0.0,0.0,0.0,1.0,0.20698166431593795,0.05109277753654663,0.08004052684903759,0.8431372549019606,0.9131652661064423,0.0655666521927921,0.8781512605042014,0.014473874656245478,0.0350140056022409,0.3589275840108562,0.08559254052155013
svg/g/circle_526,0.750526,1.0,0.15643446504023026,0.9876883405951378,0.5800000000000004,0.54,1.0,0.0,0.0,0.0,1.0,0.2066290550070522,0.05109277753654663,0.08004052684903759,0.9299719887955182,1.0,0.0655666521927921,0.9649859943977591,0.014473874656245478,0.0350140056022409,0.3589275840108562,0.08559254052155013
svg/g/circle_525,0.750525,1.0,-0.5735764363510464,-0.8191520442889916,1.0,0.58,1.0,0.0,0.0,0.0,1.0,0.20627644569816644,0.08727746417716033,0.11622521348965129,0.5833333333333331,0.6533613445378149,0.1017513388334058,0.618347338935574,0.014473874656245478,0.0350140056022409,0.3589275840108562,0.08559254052155013
svg/g/circle_524,0.7505240000000001,1.0,-0.5735764363510464,-0.8191520442889916,1.0,0.58,1.0,0.0,0.0,0.0,1.0,0.2059238363892807,0.08727746417716033,0.11622521348965129,0.6701680672268906,0.7401960784313724,0.1017513388334058,0.7051820728291315,0.014473874656245478,0.0350140056022409,0.3589275840108562,0.08559254052155013
svg/g/circle_523,0.750523,1.0,-0.5735764363510464,-0.8191520442889916,1.0,0.58,1.0,0.0,0.0,0.0,1.0,0.20557122708039494,0.08727746417716033,0.11622521348965129,0.7570028011204479,0.8270308123249297,0.1017513388334058,0.7920168067226888,0.014473874656245478,0.0350140056022409,0.3589275840108562,0.08559254052155013
svg/g/circle_522,0.750522,1.0,0.8290375725550417,0.5591929034707469,0.9700000000000004,0.59,1.0,0.0,0.0,0.0,1.0,0.20521861777150918,0.08727746417716033,0.11622521348965129,0.8431372549019606,0.9131652661064423,0.1017513388334058,0.8781512605042014,0.014473874656245478,0.0350140056022409,0.3589275840108562,0.08559254052155013
svg/g/circle_521,0.750521,1.0,0.15643446504023026,0.9876883405951378,0.5800000000000004,0.54,1.0,0.0,0.0,0.0,1.0,0.20486600846262343,0.08727746417716033,0.11622521348965129,0.9299719887955182,1.0,0.1017513388334058,0.9649859943977591,0.014473874656245478,0.0350140056022409,0.3589275840108562,0.08559254052155013
svg/g/circle_520,0.7505200000000001,1.0,-0.5735764363510464,-0.8191520442889916,1.0,0.58,1.0,0.0,0.0,0.0,1.0,0.20451339915373767,0.12317267332464904,0.15212042263714,0.5833333333333331,0.6533613445378149,0.1376465479808945,0.618347338935574,0.014473874656245478,0.0350140056022409,0.3589275840108562,0.08559254052155013
svg/g/circle_519,0.750519,1.0,-0.5735764363510464,-0.8191520442889916,1.0,0.58,1.0,0.0,0.0,0.0,1.0,0.20416078984485192,0.12317267332464904,0.15212042263714,0.6701680672268906,0.7401960784313724,0.1376465479808945,0.7051820728291315,0.014473874656245478,0.0350140056022409,0.3589275840108562,0.08559254052155013
svg/g/circle_518,0.750518,1.0,-0.5735764363510464,-0.8191520442889916,1.0,0.58,1.0,0.0,0.0,0.0,1.0,0.20380818053596617,0.12317267332464904,0.15212042263714,0.7570028011204479,0.8270308123249297,0.1376465479808945,0.7920168067226888,0.014473874656245478,0.0350140056022409,0.3589275840108562,0.08559254052155013
svg/g/circle_517,0.750517,1.0,0.8290375725550417,0.5591929034707469,0.9700000000000004,0.59,1.0,0.0,0.0,0.0,1.0,0.2034555712270804,0.12317267332464904,0.15212042263714,0.8431372549019606,0.9131652661064423,0.1376465479808945,0.8781512605042014,0.014473874656245478,0.0350140056022409,0.3589275840108562,0.08559254052155013
svg/g/circle_516,0.750516,1.0,0.15643446504023026,0.9876883405951378,0.5800000000000004,0.54,1.0,0.0,0.0,0.0,1.0,0.20310296191819463,0.12317267332464904,0.15212042263714,0.9299719887955182,1.0,0.1376465479808945,0.9649859943977591,0.014473874656245478,0.0350140056022409,0.3589275840108562,0.08559254052155013
svg/g/circle_515,0.750515,1.0,-0.5735764363510464,-0.8191520442889916,1.0,0.58,1.0,0.0,0.0,0.0,1.0,0.20275035260930888,0.15877840497901297,0.1877261542915039,0.5833333333333331,0.6533613445378149,0.17325227963525844,0.618347338935574,0.014473874656245478,0.0350140056022409,0.3589275840108562,0.08559254052155013
svg/g/circle_514,0.750514,1.0,-0.5735764363510464,-0.8191520442889916,1.0,0.58,1.0,0.0,0.0,0.0,1.0,0.20239774330042312,0.15877840497901297,0.1877261542915039,0.6701680672268906,0.7401960784313724,0.17325227963525844,0.7051820728291315,0.014473874656245478,0.0350140056022409,0.3589275840108562,0.08559254052155013
svg/g/circle_513,0.750513,1.0,-0.5735764363510464,-0.8191520442889916,1.0,0.58,1.0,0.0,0.0,0.0,1.0,0.20204513399153737,0.15877840497901297,0.1877261542915039,0.7570028011204479,0.8270308123249297,0.17325227963525844,0.7920168067226888,0.014473874656245478,0.0350140056022409,0.3589275840108562,0.08559254052155013
svg/g/circle_512,0.750512,1.0,0.8290375725550417,0.5591929034707469,0.9700000000000004,0.59,1.0,0.0,0.0,0.0,1.0,0.2016925246826516,0.15877840497901297,0.1877261542915039,0.8431372549019606,0.9131652661064423,0.17325227963525844,0.8781512605042014,0.014473874656245478,0.0350140056022409,0.3589275840108562,0.08559254052155013
svg/g/circle_511,0.750511,1.0,0.15643446504023026,0.9876883405951378,0.5800000000000004,0.54,1.0,0.0,0.0,0.0,1.0,0.20133991537376586,0.15877840497901297,0.1877261542915039,0.9299719887955182,1.0,0.17325227963525844,0.9649859943977591,0.014473874656245478,0.0350140056022409,0.3589275840108562,0.08559254052155013
svg/g/circle_510,0.75051,1.0,-0.5735764363510464,-0.8191520442889916,1.0,0.58,1.0,0.0,0.0,0.0,1.0,0.2009873060648801,0.19467361412650167,0.22362136343899264,0.5833333333333331,0.6533613445378149,0.20914748878274714,0.618347338935574,0.014473874656245478,0.0350140056022409,0.3589275840108562,0.08559254052155013
svg/g/circle_509,0.750509,1.0,-0.5735764363510464,-0.8191520442889916,1.0,0.58,1.0,0.0,0.0,0.0,1.0,0.20063469675599435,0.19467361412650167,0.22362136343899264,0.6701680672268906,0.7401960784313724,0.20914748878274714,0.7051820728291315,0.014473874656245478,0.0350140056022409,0.3589275840108562,0.08559254052155013
svg/g/circle_508,0.750508,1.0,-0.5735764363510464,-0.8191520442889916,1.0,0.58,1.0,0.0,0.0,0.0,1.0,0.2002820874471086,0.19467361412650167,0.22362136343899264,0.7570028011204479,0.8270308123249297,0.20914748878274714,0.7920168067226888,0.014473874656245478,0.0350140056022409,0.3589275840108562,0.08559254052155013
svg/g/circle_507,0.750507,1.0,0.8290375725550417,0.5591929034707469,0.9700000000000004,0.59,1.0,0.0,0.0,0.0,1.0,0.19992947813822284,0.19467361412650167,0.22362136343899264,0.8431372549019606,0.9131652661064423,0.20914748878274714,0.8781512605042014,0.014473874656245478,0.0350140056022409,0.3589275840108562,0.08559254052155013
svg/g/circle_506,0.750506,1.0,0.15643446504023026,0.9876883405951378,0.5800000000000004,0.54,1.0,0.0,0.0,0.0,1.0,0.1995768688293371,0.19467361412650167,0.22362136343899264,0.9299719887955182,1.0,0.20914748878274714,0.9649859943977591,0.014473874656245478,0.0350140056022409,0.3589275840108562,0.08559254052155013
svg/g/circle_505,0.750505,1.0,-0.5735764363510464,-0.8191520442889916,1.0,0.58,1.0,0.0,0.0,0.0,1.0,0.19922425952045134,0.23085830076711536,0.25980605007960633,0.5833333333333331,0.6533613445378149,0.24533217542336083,0.618347338935574,0.014473874656245478,0.0350140056022409,0.3589275840108562,0.08559254052155013
svg/g/circle_504,0.750504,1.0,-0.5735764363510464,-0.8191520442889916,1.0,0.58,1.0,0.0,0.0,0.0,1.0,0.19887165021156558,0.23085830076711536,0.25980605007960633,0.6701680672268906,0.7401960784313724,0.24533217542336083,0.7051820728291315,0.014473874656245478,0.0350140056022409,0.3589275840108562,0.08559254052155013
svg/g/circle_503,0.7505029999999999,1.0,-0.5735764363510464,-0.8191520442889916,1.0,0.58,1.0,0.0,0.0,0.0,1.0,0.19851904090267983,0.23085830076711536,0.25980605007960633,0.7570028011204479,0.8270308123249297,0.24533217542336083,0.7920168067226888,0.014473874656245478,0.0350140056022409,0.3589275840108562,0.08559254052155013
svg/g/circle_502,0.750502,1.0,0.8290375725550417,0.5591929034707469,0.9700000000000004,0.59,1.0,0.0,0.0,0.0,1.0,0.19816643159379407,0.23085830076711536,0.25980605007960633,0.8431372549019606,0.9131652661064423,0.24533217542336083,0.8781512605042014,0.014473874656245478,0.0350140056022409,0.3589275840108562,0.08559254052155013
svg/g/circle_501,0.750501,1.0,0.15643446504023026,0.9876883405951378,0.5800000000000004,0.54,1.0,0.0,0.0,0.0,1.0,0.19781382228490832,0.23085830076711536,0.25980605007960633,0.9299719887955182,1.0,0.24533217542336083,0.9649859943977591,0.014473874656245478,0.0350140056022409,0.3589275840108562,0.08559254052155013
svg/g/circle_500,0.7505,1.0,-0.5735764363510464,-0.8191520442889916,1.0,0.58,1.0,0.0,0.0,0.0,1.0,0.19746121297602257,0.2658850774352295,0.29483282674772043,0.5833333333333331,0.6533613445378149,0.280358952091475,0.618347338935574,0.014473874656245478,0.0350140056022409,0.3589275840108562,0.08559254052155013
svg/g/circle_499,0.7504989999999999,1.0,-0.5735764363510464,-0.8191520442889916,1.0,0.58,1.0,0.0,0.0,0.0,1.0,0.1971086036671368,0.2658850774352295,0.29483282674772043,0.6701680672268906,0.7401960784313724,0.280358952091475,0.7051820728291315,0.014473874656245478,0.0350140056022409,0.3589275840108562,0.08559254052155013
svg/g/circle_498,0.750498,1.0,-0.5735764363510464,-0.8191520442889916,1.0,0.58,1.0,0.0,0.0,0.0,1.0,0.19675599435825106,0.2658850774352295,0.29483282674772043,0.7570028011204479,0.8270308123249297,0.280358952091475,0.7920168067226888,0.014473874656245478,0.0350140056022409,0.3589275840108562,0.08559254052155013
svg/g/circle_497,0.750497,1.0,0.8290375725550417,0.5591929034707469,0.9700000000000004,0.59,1.0,0.0,0.0,0.0,1.0,0.1964033850493653,0.2658850774352295,0.29483282674772043,0.8431372549019606,0.9131652661064423,0.280358952091475,0.8781512605042014,0.014473874656245478,0.0350140056022409,0.3589275840108562,0.08559254052155013
svg/g/circle_496,0.7504959999999999,1.0,0.15643446504023026,0.9876883405951378,0.5800000000000004,0.54,1.0,0.0,0.0,0.0,1.0,0.19605077574047955,0.2658850774352295,0.29483282674772043,0.9299719887955182,1.0,0.280358952091475,0.9649859943977591,0.014473874656245478,0.0350140056022409,0.3589275840108562,0.08559254052155013
svg/g/circle_495,0.7504949999999999,1.0,-0.5735764363510464,-0.8191520442889916,1.0,0.58,1.0,0.0,0.0,0.0,1.0,0.1956981664315938,0.3017802865827182,0.33072803589520916,0.5833333333333331,0.6533613445378149,0.31625416123896366,0.618347338935574,0.014473874656245478,0.0350140056022409,0.3589275840108562,0.08559254052155013
svg/g/circle_494,0.7504940000000001,1.0,-0.5735764363510464,-0.8191520442889916,1.0,0.58,1.0,0.0,0.0,0.0,1.0,0.19534555712270804,0.3017802865827182,0.33072803589520916,0.6701680672268906,0.7401960784313724,0.31625416123896366,0.7051820728291315,0.014473874656245478,0.0350140056022409,0.3589275840108562,0.08559254052155013
svg/g/circle_493,0.7504930000000001,1.0,0.9902680687415704,0.13917310096006538,0.88,0.64,1.0,0.0,0.0,0.0,1.0,0.1949929478138223,0.3017802865827182,0.33072803589520916,0.7570028011204479,0.8270308123249297,0.31625416123896366,0.7920168067226888,0.014473874656245478,0.0350140056022409,0.3589275840108562,0.08559254052155013
svg/g/circle_492,0.7504919999999999,1.0,0.8290375725550417,0.5591929034707469,0.9700000000000004,0.59,1.0,0.0,0.0,0.0,1.0,0.19464033850493653,0.3017802865827182,0.33072803589520916,0.8431372549019606,0.9131652661064423,0.31625416123896366,0.8781512605042014,0.014473874656245478,0.0350140056022409,0.3589275840108562,0.08559254052155013
svg/g/circle_491,0.7504909999999999,1.0,0.15643446504023026,0.9876883405951378,0.5800000000000004,0.54,1.0,0.0,0.0,0.0,1.0,0.19428772919605078,0.3017802865827182,0.33072803589520916,0.9299719887955182,1.0,0.31625416123896366,0.9649859943977591,0.014473874656245478,0.0350140056022409,0.3589275840108562,0.08559254052155013
svg/g/circle_490,0.7504900000000001,1.0,-0.5735764363510464,-0.8191520442889916,1.0,0.58,1.0,0.0,0.0,0.0,1.0,0.19393511988716503,0.3379649732233319,0.36691272253582286,0.5833333333333331,0.6533613445378149,0.35243884787957735,0.618347338935574,0.014473874656245478,0.0350140056022409,0.3589275840108562,0.08559254052155013
svg/g/circle_489,0.7504890000000001,1.0,-0.5735764363510464,-0.8191520442889916,1.0,0.58,1.0,0.0,0.0,0.0,1.0,0.19358251057827927,0.3379649732233319,0.36691272253582286,0.6701680672268906,0.7401960784313724,0.35243884787957735,0.7051820728291315,0.014473874656245478,0.0350140056022409,0.3589275840108562,0.08559254052155013
svg/g/circle_488,0.750488,1.0,0.9902680687415704,0.13917310096006538,0.88,0.64,1.0,0.0,0.0,0.0,1.0,0.19322990126939352,0.3379649732233319,0.36691272253582286,0.7570028011204479,0.8270308123249297,0.35243884787957735,0.7920168067226888,0.014473874656245478,0.0350140056022409,0.3589275840108562,0.08559254052155013
svg/g/circle_487,0.750487,1.0,0.8290375725550417,0.5591929034707469,0.9700000000000004,0.59,1.0,0.0,0.0,0.0,1.0,0.19287729196050776,0.3379649732233319,0.36691272253582286,0.8431372549019606,0.9131652661064423,0.35243884787957735,0.8781512605042014,0.014473874656245478,0.0350140056022409,0.3589275840108562,0.08559254052155013
svg/g/circle_486,0.750486,1.0,0.15643446504023026,0.9876883405951378,0.5800000000000004,0.54,1.0,0.0,0.0,0.0,1.0,0.192524682651622,0.3379649732233319,0.36691272253582286,0.9299719887955182,1.0,0.35243884787957735,0.9649859943977591,0.014473874656245478,0.0350140056022409,0.3589275840108562,0.08559254052155013
svg/g/circle_485,0.7504850000000001,1.0,-0.5735764363510464,-0.8191520442889916,1.0,0.58,1.0,0.0,0.0,0.0,1.0,0.19217207334273625,0.3732812273845708,0.40222897669706176,0.5833333333333331,0.6533613445378149,0.3877551020408163,0.618347338935574,0.014473874656245478,0.0350140056022409,0.3589275840108562,0.08559254052155013
svg/g/circle_484,0.750484,1.0,-0.5735764363510464,-0.8191520442889916,1.0,0.58,1.0,0.0,0.0,0.0,1.0,0.1918194640338505,0.3732812273845708,0.40222897669706176,0.6701680672268906,0.7401960784313724,0.3877551020408163,0.7051820728291315,0.014473874656245478,0.0350140056022409,0.3589275840108562,0.08559254052155013
svg/g/circle_483,0.750483,1.0,0.9902680687415704,0.13917310096006538,0.88,0.64,1.0,0.0,0.0,0.0,1.0,0.19146685472496475,0.3732812273845708,0.40222897669706176,0.7570028011204479,0.8270308123249297,0.3877551020408163,0.7920168067226888,0.014473874656245478,0.0350140056022409,0.3589275840108562,0.08559254052155013
svg/g/circle_482,0.750482,1.0,0.8290375725550417,0.5591929034707469,0.9700000000000004,0.59,1.0,0.0,0.0,0.0,1.0,0.191114245416079,0.3732812273845708,0.40222897669706176,0.8431372549019606,0.9131652661064423,0.3877551020408163,0.8781512605042014,0.014473874656245478,0.0350140056022409,0.3589275840108562,0.08559254052155013
svg/g/circle_481,0.7504810000000001,1.0,0.15643446504023026,0.9876883405951378,0.5800000000000004,0.54,1.0,0.0,0.0,0.0,1.0,0.19076163610719324,0.3732812273845708,0.40222897669706176,0.9299719887955182,1.0,0.3877551020408163,0.9649859943977591,0.014473874656245478,0.0350140056022409,0.3589275840108562,0.08559254052155013
svg/g/circle_480,0.75048,1.0,-0.5735764363510464,-0.8191520442889916,1.0,0.58,1.0,0.0,0.0,0.0,1.0,0.19040902679830748,0.4094659140251845,0.43841366333767545,0.5833333333333331,0.6533613445378149,0.42393978868143,0.618347338935574,0.014473874656245478,0.0350140056022409,0.3589275840108562,0.08559254052155013
svg/g/circle_479,0.750479,1.0,-0.5735764363510464,-0.8191520442889916,1.0,0.58,1.0,0.0,0.0,0.0,1.0,0.19005641748942173,0.4094659140251845,0.43841366333767545,0.6701680672268906,0.7401960784313724,0.42393978868143,0.7051820728291315,0.014473874656245478,0.0350140056022409,0.3589275840108562,0.08559254052155013
svg/g/circle_478,0.750478,1.0,0.8290375725550417,0.5591929034707469,0.9700000000000004,0.59,1.0,0.0,0.0,0.0,1.0,0.18970380818053595,0.4094659140251845,0.43841366333767545,0.7570028011204479,0.8270308123249297,0.42393978868143,0.7920168067226888,0.014473874656245478,0.0350140056022409,0.3589275840108562,0.08559254052155013
svg/g/circle_477,0.7504770000000001,1.0,0.8290375725550417,0.5591929034707469,0.9700000000000004,0.59,1.0,0.0,0.0,0.0,1.0,0.1893511988716502,0.4094659140251845,0.43841366333767545,0.8431372549019606,0.9131652661064423,0.42393978868143,0.8781512605042014,0.014473874656245478,0.0350140056022409,0.3589275840108562,0.08559254052155013
svg/g/circle_476,0.750476,1.0,-0.5735764363510464,-0.8191520442889916,1.0,0.58,1.0,0.0,0.0,0.0,1.0,0.18899858956276444,0.44536112317267323,0.4743088724851642,0.5833333333333331,0.6533613445378149,0.45983499782891873,0.618347338935574,0.014473874656245478,0.0350140056022409,0.3589275840108562,0.08559254052155013
svg/g/circle_475,0.750475,1.0,-0.5735764363510464,-0.8191520442889916,1.0,0.58,1.0,0.0,0.0,0.0,1.0,0.1886459802538787,0.44536112317267323,0.4743088724851642,0.6701680672268906,0.7401960784313724,0.45983499782891873,0.7051820728291315,0.014473874656245478,0.0350140056022409,0.3589275840108562,0.08559254052155013
svg/g/circle_474,0.750474,1.0,0.8290375725550417,0.5591929034707469,0.9700000000000004,0.59,1.0,0.0,0.0,0.0,1.0,0.18829337094499293,0.44536112317267323,0.4743088724851642,0.7570028011204479,0.8270308123249297,0.45983499782891873,0.7920168067226888,0.014473874656245478,0.0350140056022409,0.3589275840108562,0.08559254052155013
svg/g/circle_473,0.7504730000000001,1.0,0.8290375725550417,0.5591929034707469,0.9700000000000004,0.59,1.0,0.0,0.0,0.0,1.0,0.18794076163610718,0.44536112317267323,0.4743088724851642,0.8431372549019606,0.9131652661064423,0.45983499782891873,0.8781512605042014,0.014473874656245478,0.0350140056022409,0.3589275840108562,0.08559254052155013
svg/g/circle_472,0.750472,1.0,-0.5735764363510464,-0.8191520442889916,1.0,0.58,1.0,0.0,0.0,0.0,1.0,0.18758815232722142,0.5767839050513824,0.6057316543638734,0.5833333333333331,0.6533613445378149,0.5912577797076279,0.618347338935574,0.014473874656245478,0.0350140056022409,0.3589275840108562,0.08559254052155013
svg/g/circle_471,0.750471,1.0,0.9902680687415704,0.13917310096006538,0.88,0.64,1.0,0.0,0.0,0.0,1.0,0.18723554301833567,0.5767839050513824,0.6057316543638734,0.6701680672268906,0.7401960784313724,0.5912577797076279,0.7051820728291315,0.014473874656245478,0.0350140056022409,0.3589275840108562,0.08559254052155013
svg/g/circle_470,0.75047,1.0,0.9902680687415704,0.13917310096006538,0.88,0.64,1.0,0.0,0.0,0.0,1.0,0.18688293370944992,0.5767839050513824,0.6057316543638734,0.7570028011204479,0.8270308123249297,0.5912577797076279,0.7920168067226888,0.014473874656245478,0.0350140056022409,0.3589275840108562,0.08559254052155013
svg/g/circle_469,0.7504689999999999,1.0,0.8290375725550417,0.5591929034707469,0.9700000000000004,0.59,1.0,0.0,0.0,0.0,1.0,0.18653032440056416,0.5767839050513824,0.6057316543638734,0.8431372549019606,0.9131652661064423,0.5912577797076279,0.8781512605042014,0.014473874656245478,0.0350140056022409,0.3589275840108562,0.08559254052155013
svg/g/circle_468,0.750468,1.0,0.15643446504023026,0.9876883405951378,0.5800000000000004,0.54,1.0,0.0,0.0,0.0,1.0,0.1861777150916784,0.5767839050513824,0.6057316543638734,0.9299719887955182,1.0,0.5912577797076279,0.9649859943977591,0.014473874656245478,0.0350140056022409,0.3589275840108562,0.08559254052155013
svg/g/circle_467,0.750467,1.0,-0.5735764363510464,-0.8191520442889916,1.0,0.58,1.0,0.0,0.0,0.0,1.0,0.18582510578279265,0.6126791141988711,0.6416268635113621,0.5833333333333331,0.6533613445378149,0.6271529888551166,0.618347338935574,0.014473874656245478,0.0350140056022409,0.3589275840108562,0.08559254052155013
svg/g/circle_466,0.750466,1.0,0.9902680687415704,0.13917310096006538,0.88,0.64,1.0,0.0,0.0,0.0,1.0,0.1854724964739069,0.6126791141988711,0.6416268635113621,0.6701680672268906,0.7401960784313724,0.6271529888551166,0.7051820728291315,0.014473874656245478,0.0350140056022409,0.3589275840108562,0.08559254052155013
svg/g/circle_465,0.7504649999999999,1.0,0.9902680687415704,0.13917310096006538,0.88,0.64,1.0,0.0,0.0,0.0,1.0,0.18511988716502115,0.6126791141988711,0.6416268635113621,0.7570028011204479,0.8270308123249297,0.6271529888551166,0.7920168067226888,0.014473874656245478,0.0350140056022409,0.3589275840108562,0.08559254052155013
svg/g/circle_464,0.750464,1.0,0.8290375725550417,0.5591929034707469,0.9700000000000004,0.59,1.0,0.0,0.0,0.0,1.0,0.1847672778561354,0.6126791141988711,0.6416268635113621,0.8431372549019606,0.9131652661064423,0.6271529888551166,0.8781512605042014,0.014473874656245478,0.0350140056022409,0.3589275840108562,0.08559254052155013
svg/g/circle_463,0.750463,1.0,0.15643446504023026,0.9876883405951378,0.5800000000000004,0.54,1.0,0.0,0.0,0.0,1.0,0.18441466854724964,0.6126791141988711,0.6416268635113621,0.9299719887955182,1.0,0.6271529888551166,0.9649859943977591,0.014473874656245478,0.0350140056022409,0.3589275840108562,0.08559254052155013
svg/g/circle_462,0.750462,1.0,-0.5735764363510464,-0.8191520442889916,1.0,0.58,1.0,0.0,0.0,0.0,1.0,0.18406205923836388,0.6485743233463599,0.6775220726588508,0.5833333333333331,0.6533613445378149,0.6630481980026054,0.618347338935574,0.014473874656245478,0.0350140056022409,0.3589275840108562,0.08559254052155013
svg/g/circle_461,0.7504609999999999,1.0,0.9902680687415704,0.13917310096006538,0.88,0.64,1.0,0.0,0.0,0.0,1.0,0.18370944992947813,0.6485743233463599,0.6775220726588508,0.6701680672268906,0.7401960784313724,0.6630481980026054,0.7051820728291315,0.014473874656245478,0.0350140056022409,0.3589275840108562,0.08559254052155013
svg/g/circle_460,0.75046,1.0,0.9902680687415704,0.13917310096006538,0.88,0.64,1.0,0.0,0.0,0.0,1.0,0.18335684062059238,0.6485743233463599,0.6775220726588508,0.7570028011204479,0.8270308123249297,0.6630481980026054,0.7920168067226888,0.014473874656245478,0.0350140056022409,0.3589275840108562,0.08559254052155013
svg/g/circle_459,0.750459,1.0,0.8290375725550417,0.5591929034707469,0.9700000000000004,0.59,1.0,0.0,0.0,0.0,1.0,0.18300423131170662,0.6485743233463599,0.6775220726588508,0.8431372549019606,0.9131652661064423,0.6630481980026054,0.8781512605042014,0.014473874656245478,0.0350140056022409,0.3589275840108562,0.08559254052155013
svg/g/circle_458,0.750458,1.0,0.15643446504023026,0.9876883405951378,0.5800000000000004,0.54,1.0,0.0,0.0,0.0,1.0,0.18265162200282087,0.6485743233463599,0.6775220726588508,0.9299719887955182,1.0,0.6630481980026054,0.9649859943977591,0.014473874656245478,0.0350140056022409,0.3589275840108562,0.08559254052155013
svg/g/circle_457,0.7504569999999999,1.0,-0.5735764363510464,-0.8191520442889916,1.0,0.58,1.0,0.0,0.0,0.0,1.0,0.18229901269393511,0.6841800550007237,0.7131278043132145,0.5833333333333331,0.6533613445378149,0.698653929656969,0.618347338935574,0.014473874656245478,0.0350140056022409,0.3589275840108562,0.08559254052155013
svg/g/circle_456,0.7504559999999999,1.0,0.9902680687415704,0.13917310096006538,0.88,0.64,1.0,0.0,0.0,0.0,1.0,0.18194640338504936,0.6841800550007237,0.7131278043132145,0.6701680672268906,0.7401960784313724,0.698653929656969,0.7051820728291315,0.014473874656245478,0.0350140056022409,0.3589275840108562,0.08559254052155013
svg/g/circle_455,0.7504550000000001,1.0,0.9902680687415704,0.13917310096006538,0.88,0.64,1.0,0.0,0.0,0.0,1.0,0.1815937940761636,0.6841800550007237,0.7131278043132145,0.7570028011204479,0.8270308123249297,0.698653929656969,0.7920168067226888,0.014473874656245478,0.0350140056022409,0.3589275840108562,0.08559254052155013
svg/g/circle_454,0.750454,1.0,0.8290375725550417,0.5591929034707469,0.9700000000000004,0.59,1.0,0.0,0.0,0.0,1.0,0.18124118476727785,0.6841800550007237,0.7131278043132145,0.8431372549019606,0.9131652661064423,0.698653929656969,0.8781512605042014,0.014473874656245478,0.0350140056022409,0.3589275840108562,0.08559254052155013
svg/g/circle_453,0.7504529999999999,1.0,0.15643446504023026,0.9876883405951378,0.5800000000000004,0.54,1.0,0.0,0.0,0.0,1.0,0.1808885754583921,0.6841800550007237,0.7131278043132145,0.9299719887955182,1.0,0.698653929656969,0.9649859943977591,0.014473874656245478,0.0350140056022409,0.3589275840108562,0.08559254052155013
svg/g/circle_452,0.7504519999999999,1.0,-0.5735764363510464,-0.8191520442889916,1.0,0.58,1.0,0.0,0.0,0.0,1.0,0.18053596614950634,0.7203647416413373,0.7493124909538282,0.5833333333333331,0.6533613445378149,0.7348386162975827,0.618347338935574,0.014473874656245478,0.0350140056022409,0.3589275840108562,0.08559254052155013
svg/g/circle_451,0.7504510000000001,1.0,0.9902680687415704,0.13917310096006538,0.88,0.64,1.0,0.0,0.0,0.0,1.0,0.1801833568406206,0.7203647416413373,0.7493124909538282,0.6701680672268906,0.7401960784313724,0.7348386162975827,0.7051820728291315,0.014473874656245478,0.0350140056022409,0.3589275840108562,0.08559254052155013
svg/g/circle_450,0.7504500000000001,1.0,0.9902680687415704,0.13917310096006538,0.88,0.64,1.0,0.0,0.0,0.0,1.0,0.17983074753173484,0.7203647416413373,0.7493124909538282,0.7570028011204479,0.8270308123249297,0.7348386162975827,0.7920168067226888,0.014473874656245478,0.0350140056022409,0.3589275840108562,0.08559254052155013
svg/g/circle_449,0.750449,1.0,0.8290375725550417,0.5591929034707469,0.9700000000000004,0.59,1.0,0.0,0.0,0.0,1.0,0.17947813822284908,0.7203647416413373,0.7493124909538282,0.8431372549019606,0.9131652661064423,0.7348386162975827,0.8781512605042014,0.014473874656245478,0.0350140056022409,0.3589275840108562,0.08559254052155013
svg/g/circle_448,0.750448,1.0,0.8480480961564258,0.529919264233205,0.35,0.47,1.0,0.0,0.0,0.0,1.0,0.17912552891396333,0.7203647416413373,0.7493124909538282,0.9299719887955182,1.0,0.7348386162975827,0.9649859943977591,0.014473874656245478,0.0350140056022409,0.3589275840108562,0.08559254052155013
svg/g/circle_447,0.7504470000000001,1.0,-0.5735764363510464,-0.8191520442889916,1.0,0.58,1.0,0.0,0.0,0.0,1.0,0.17877291960507757,0.7562599507888264,0.7852077001013174,0.5833333333333331,0.6533613445378149,0.7707338254450719,0.618347338935574,0.014473874656245478,0.0350140056022409,0.3589275840108562,0.08559254052155013
svg/g/circle_446,0.7504460000000001,1.0,0.9902680687415704,0.13917310096006538,0.88,0.64,1.0,0.0,0.0,0.0,1.0,0.17842031029619182,0.7562599507888264,0.7852077001013174,0.6701680672268906,0.7401960784313724,0.7707338254450719,0.7051820728291315,0.014473874656245478,0.0350140056022409,0.3589275840108562,0.08559254052155013
svg/g/circle_445,0.750445,1.0,0.9902680687415704,0.13917310096006538,0.88,0.64,1.0,0.0,0.0,0.0,1.0,0.17806770098730607,0.7562599507888264,0.7852077001013174,0.7570028011204479,0.8270308123249297,0.7707338254450719,0.7920168067226888,0.014473874656245478,0.0350140056022409,0.3589275840108562,0.08559254052155013
svg/g/circle_444,0.750444,1.0,0.8290375725550417,0.5591929034707469,0.9700000000000004,0.59,1.0,0.0,0.0,0.0,1.0,0.1777150916784203,0.7562599507888264,0.7852077001013174,0.8431372549019606,0.9131652661064423,0.7707338254450719,0.8781512605042014,0.014473874656245478,0.0350140056022409,0.3589275840108562,0.08559254052155013
svg/g/circle_443,0.7504430000000001,1.0,0.8480480961564258,0.529919264233205,0.35,0.47,1.0,0.0,0.0,0.0,1.0,0.17736248236953456,0.7562599507888264,0.7852077001013174,0.9299719887955182,1.0,0.7707338254450719,0.9649859943977591,0.014473874656245478,0.0350140056022409,0.3589275840108562,0.08559254052155013
svg/g/circle_442,0.750442,1.0,0.9902680687415704,0.13917310096006538,0.88,0.64,1.0,0.0,0.0,0.0,1.0,0.1770098730606488,0.7912867274569402,0.8202344767694311,0.5833333333333331,0.6533613445378149,0.8057606021131857,0.618347338935574,0.014473874656245478,0.0350140056022409,0.3589275840108562,0.08559254052155013
svg/g/circle_441,0.750441,1.0,0.9902680687415704,0.13917310096006538,0.88,0.64,1.0,0.0,0.0,0.0,1.0,0.17665726375176305,0.7912867274569402,0.8202344767694311,0.6701680672268906,0.7401960784313724,0.8057606021131857,0.7051820728291315,0.014473874656245478,0.0350140056022409,0.3589275840108562,0.08559254052155013
svg/g/circle_440,0.75044,1.0,0.9902680687415704,0.13917310096006538,0.88,0.64,1.0,0.0,0.0,0.0,1.0,0.1763046544428773,0.7912867274569402,0.8202344767694311,0.7570028011204479,0.8270308123249297,0.8057606021131857,0.7920168067226888,0.014473874656245478,0.0350140056022409,0.3589275840108562,0.08559254052155013
svg/g/circle_439,0.750439,1.0,0.8290375725550417,0.5591929034707469,0.9700000000000004,0.59,1.0,0.0,0.0,0.0,1.0,0.17595204513399154,0.7912867274569402,0.8202344767694311,0.8431372549019606,0.9131652661064423,0.8057606021131857,0.8781512605042014,0.014473874656245478,0.0350140056022409,0.3589275840108562,0.08559254052155013
svg/g/circle_438,0.750438,1.0,0.8480480961564258,0.529919264233205,0.35,0.47,1.0,0.0,0.0,0.0,1.0,0.1755994358251058,0.7912867274569402,0.8202344767694311,0.9299719887955182,1.0,0.8057606021131857,0.9649859943977591,0.014473874656245478,0.0350140056022409,0.3589275840108562,0.08559254052155013
svg/g/circle_437,0.750437,1.0,0.9902680687415704,0.13917310096006538,0.88,0.64,1.0,0.0,0.0,0.0,1.0,0.17524682651622003,0.8274714140975539,0.8564191634100448,0.5833333333333331,0.6533613445378149,0.8419452887537994,0.618347338935574,0.014473874656245478,0.0350140056022409,0.3589275840108562,0.08559254052155013
svg/g/circle_436,0.750436,1.0,0.9902680687415704,0.13917310096006538,0.88,0.64,1.0,0.0,0.0,0.0,1.0,0.17489421720733428,0.8274714140975539,0.8564191634100448,0.6701680672268906,0.7401960784313724,0.8419452887537994,0.7051820728291315,0.014473874656245478,0.0350140056022409,0.3589275840108562,0.08559254052155013
svg/g/circle_435,0.750435,1.0,0.9902680687415704,0.13917310096006538,0.88,0.64,1.0,0.0,0.0,0.0,1.0,0.17454160789844853,0.8274714140975539,0.8564191634100448,0.7570028011204479,0.8270308123249297,0.8419452887537994,0.7920168067226888,0.014473874656245478,0.0350140056022409,0.3589275840108562,0.08559254052155013
svg/g/circle_434,0.750434,1.0,0.8290375725550417,0.5591929034707469,0.9700000000000004,0.59,1.0,0.0,0.0,0.0,1.0,0.17418899858956277,0.8274714140975539,0.8564191634100448,0.8431372549019606,0.9131652661064423,0.8419452887537994,0.8781512605042014,0.014473874656245478,0.0350140056022409,0.3589275840108562,0.08559254052155013
svg/g/circle_433,0.750433,1.0,0.8480480961564258,0.529919264233205,0.35,0.47,1.0,0.0,0.0,0.0,1.0,0.17383638928067702,0.8274714140975539,0.8564191634100448,0.9299719887955182,1.0,0.8419452887537994,0.9649859943977591,0.014473874656245478,0.0350140056022409,0.3589275840108562,0.08559254052155013
svg/g/circle_432,0.750432,1.0,0.9902680687415704,0.13917310096006538,0.88,0.64,1.0,0.0,0.0,0.0,1.0,0.17348377997179126,0.8633666232450429,0.8923143725575339,0.5833333333333331,0.6533613445378149,0.8778404979012884,0.618347338935574,0.014473874656245478,0.0350140056022409,0.3589275840108562,0.08559254052155013
svg/g/circle_431,0.750431,1.0,0.9902680687415704,0.13917310096006538,0.88,0.64,1.0,0.0,0.0,0.0,1.0,0.1731311706629055,0.8633666232450429,0.8923143725575339,0.6701680672268906,0.7401960784313724,0.8778404979012884,0.7051820728291315,0.014473874656245478,0.0350140056022409,0.3589275840108562,0.08559254052155013
svg/g/circle_430,0.75043,1.0,0.9902680687415704,0.13917310096006538,0.88,0.64,1.0,0.0,0.0,0.0,1.0,0.17277856135401976,0.8633666232450429,0.8923143725575339,0.7570028011204479,0.8270308123249297,0.8778404979012884,0.7920168067226888,0.014473874656245478,0.0350140056022409,0.3589275840108562,0.08559254052155013
svg/g/circle_429,0.750429,1.0,0.8290375725550417,0.5591929034707469,0.9700000000000004,0.59,1.0,0.0,0.0,0.0,1.0,0.172425952045134,0.8633666232450429,0.8923143725575339,0.8431372549019606,0.9131652661064423,0.8778404979012884,0.8781512605042014,0.014473874656245478,0.0350140056022409,0.3589275840108562,0.08559254052155013
svg/g/circle_428,0.750428,1.0,0.8480480961564258,0.529919264233205,0.35,0.47,1.0,0.0,0.0,0.0,1.0,0.17207334273624825,0.8633666232450429,0.8923143725575339,0.9299719887955182,1.0,0.8778404979012884,0.9649859943977591,0.014473874656245478,0.0350140056022409,0.3589275840108562,0.08559254052155013
svg/g/circle_427,0.750427,1.0,0.9902680687415704,0.13917310096006538,0.88,0.64,1.0,0.0,0.0,0.0,1.0,0.1717207334273625,0.8989723548994066,0.9279201042118976,0.5833333333333331,0.6533613445378149,0.9134462295556521,0.618347338935574,0.014473874656245478,0.0350140056022409,0.3589275840108562,0.08559254052155013
svg/g/circle_426,0.7504259999999999,1.0,0.9902680687415704,0.13917310096006538,0.88,0.64,1.0,0.0,0.0,0.0,1.0,0.17136812411847674,0.8989723548994066,0.9279201042118976,0.6701680672268906,0.7401960784313724,0.9134462295556521,0.7051820728291315,0.014473874656245478,0.0350140056022409,0.3589275840108562,0.08559254052155013
svg/g/circle_425,0.750425,1.0,0.9902680687415704,0.13917310096006538,0.88,0.64,1.0,0.0,0.0,0.0,1.0,0.17101551480959098,0.8989723548994066,0.9279201042118976,0.7570028011204479,0.8270308123249297,0.9134462295556521,0.7920168067226888,0.014473874656245478,0.0350140056022409,0.3589275840108562,0.08559254052155013
svg/g/circle_424,0.750424,1.0,0.8290375725550417,0.5591929034707469,0.9700000000000004,0.59,1.0,0.0,0.0,0.0,1.0,0.17066290550070523,0.8989723548994066,0.9279201042118976,0.8431372549019606,0.9131652661064423,0.9134462295556521,0.8781512605042014,0.014473874656245478,0.0350140056022409,0.3589275840108562,0.08559254052155013
svg/g/circle_423,0.750423,1.0,0.9902680687415704,0.13917310096006538,0.88,0.64,1.0,0.0,0.0,0.0,1.0,0.17031029619181948,0.9348675640468953,0.9638153133593863,0.5833333333333331,0.6533613445378149,0.9493414387031408,0.618347338935574,0.014473874656245478,0.0350140056022409,0.3589275840108562,0.08559254052155013
svg/g/circle_422,0.7504219999999999,1.0,0.9902680687415704,0.13917310096006538,0.88,0.64,1.0,0.0,0.0,0.0,1.0,0.16995768688293372,0.9348675640468953,0.9638153133593863,0.6701680672268906,0.7401960784313724,0.9493414387031408,0.7051820728291315,0.014473874656245478,0.0350140056022409,0.3589275840108562,0.08559254052155013
svg/g/circle_421,0.750421,1.0,0.9902680687415704,0.13917310096006538,0.88,0.64,1.0,0.0,0.0,0.0,1.0,0.16960507757404797,0.9348675640468953,0.9638153133593863,0.7570028011204479,0.8270308123249297,0.9493414387031408,0.7920168067226888,0.014473874656245478,0.0350140056022409,0.3589275840108562,0.08559254052155013
svg/g/circle_420,0.75042,1.0,0.15643446504023026,0.9876883405951378,0.5800000000000004,0.54,1.0,0.0,0.0,0.0,1.0,0.16925246826516221,0.9348675640468953,0.9638153133593863,0.8431372549019606,0.9131652661064423,0.9493414387031408,0.8781512605042014,0.014473874656245478,0.0350140056022409,0.3589275840108562,0.08559254052155013
svg/g/circle_419,0.750419,1.0,0.9902680687415704,0.13917310096006538,0.88,0.64,1.0,0.0,0.0,0.0,1.0,0.16889985895627646,0.971052250687509,1.0,0.5833333333333331,0.6533613445378149,0.9855261253437545,0.618347338935574,0.014473874656245478,0.0350140056022409,0.3589275840108562,0.08559254052155013
svg/g/circle_418,0.7504179999999999,1.0,0.9902680687415704,0.13917310096006538,0.88,0.64,1.0,0.0,0.0,0.0,1.0,0.1685472496473907,0.971052250687509,1.0,0.6701680672268906,0.7401960784313724,0.9855261253437545,0.7051820728291315,0.014473874656245478,0.0350140056022409,0.3589275840108562,0.08559254052155013
svg/g/circle_417,0.7504170000000001,1.0,0.8290375725550417,0.5591929034707469,0.9700000000000004,0.59,1.0,0.0,0.0,0.0,1.0,0.16819464033850495,0.971052250687509,1.0,0.7570028011204479,0.8270308123249297,0.9855261253437545,0.7920168067226888,0.014473874656245478,0.0350140056022409,0.3589275840108562,0.08559254052155013
svg/g/circle_416,0.750416,1.0,0.15643446504023026,0.9876883405951378,0.5800000000000004,0.54,1.0,0.0,0.0,0.0,1.0,0.1678420310296192,0.971052250687509,1.0,0.8431372549019606,0.9131652661064423,0.9855261253437545,0.8781512605042014,0.014473874656245478,0.0350140056022409,0.3589275840108562,0.08559254052155013
svg/g/g_22/path_39,0.900039,1.0,1.0,0.0,0.0,0.36,1.0,0.0,0.0,0.0,1.0,0.29248942172073344,-0.9994210450137502,-0.9719206831668838,0.46428571428571414,0.5280112044817925,-0.985670864090317,0.4961484593837534,0.013750180923433216,0.031862745098039096,0.0,0.11141008866655625
svg/g/g_22/path_38,0.900038,1.0,1.0,0.0,0.0,0.36,1.0,0.0,0.0,0.0,1.0,0.26123942172073344,-0.9693153857287596,-0.942393978868143,0.4635854341736694,0.5259103641456582,-0.9558546822984513,0.49474789915966366,0.013460703430308306,0.031162464985994315,0.0,0.11852425614698621
svg/g/g_22/path_37,0.900037,1.0,1.0,0.0,0.0,0.36,1.0,0.0,0.0,0.0,1.0,0.22998942172073344,-0.938920248950644,-0.9134462295556519,0.46428571428571414,0.5294117647058822,-0.926183239253148,0.4968487394957982,0.012737009697496016,0.03256302521008407,0.0,0.1074757498105486
svg/g/g_22/path_36,0.9000360000000001,1.0,1.0,0.0,0.0,0.36,1.0,0.0,0.0,0.0,1.0,0.19873942172073344,-0.9099724996381531,-0.8830510927775365,0.4649859943977589,0.5287114845938375,-0.8965117962078448,0.4968487394957982,0.0134607034303083,0.0318627450980393,0.0,0.11300005240894812
svg/g/g_21/path_35,0.900035,1.0,1.0,0.0,0.0,0.36,1.0,0.0,0.0,0.0,1.0,0.2921368124118477,-0.4725720075264148,-0.44565060066579815,0.4649859943977589,0.5294117647058822,-0.4591113040961065,0.4971988795518207,0.013460703430308352,0.03221288515406148,0.0,0.11836252514874127
svg/g/g_21/path_34,0.900034,1.0,1.0,0.0,0.0,0.36,1.0,0.0,0.0,0.0,1.0,0.2608868124118477,-0.44188739325517434,-0.4161238963670575,0.46848739495798297,0.5259103641456582,-0.4290056448111159,0.4971988795518207,0.012881748444058441,0.028711484593837492,0.0,0.11157071978555266
svg/g/g_21/path_33,0.900033,1.0,1.0,0.0,0.0,0.36,1.0,0.0,0.0,0.0,1.0,0.2296368124118477,-0.4129396439426834,-0.38659719206831666,0.46428571428571414,0.5287114845938375,-0.39976841800550006,0.4964985994397757,0.01317122593718342,0.03221288515406168,0.0,0.1162889405379135
svg/g/g_21/path_32,0.900032,1.0,1.0,0.0,0.0,0.36,1.0,0.0,0.0,0.0,1.0,0.1983868124118477,-0.38370241713706754,-0.35620205529020116,0.46428571428571414,0.5287114845938375,-0.3699522362136344,0.4964985994397757,0.013750180923433244,0.03221288515406158,0.0,0.11754723127670809
svg/g/g_20/path_31,0.900031,1.0,1.0,0.0,0.0,0.36,1.0,0.0,0.0,0.0,1.0,0.29178420310296194,0.05138225502967145,0.07830366189028806,0.4649859943977589,0.5294117647058822,0.06484295845997984,0.4971988795518207,0.01346070343030831,0.03221288515406148,0.0,0.1183642305674848
svg/g/g_20/path_30,0.90003,1.0,1.0,0.0,0.0,0.36,1.0,0.0,0.0,0.0,1.0,0.26053420310296194,0.08177739180778727,0.10811984368215379,0.4649859943977589,0.5287114845938375,0.09494861774497053,0.4968487394957982,0.01317122593718325,0.0318627450980393,0.0,0.11195748845537
svg/g/g_20/path_29,0.900029,1.0,1.0,0.0,0.0,0.36,1.0,0.0,0.0,0.0,1.0,0.22928420310296194,0.11072514112027823,0.13735707048776954,0.46428571428571414,0.5287114845938375,0.12404110580402397,0.4964985994397757,0.013315964683745823,0.03221288515406168,0.0,0.11630416857767414
svg/g/g_20/path_28,0.9000279999999999,1.0,1.0,0.0,0.0,0.36,1.0,0.0,0.0,0.0,1.0,0.19803420310296194,0.14025184541901864,0.16775220726588505,0.46428571428571414,0.5287114845938375,0.15400202634245186,0.4964985994397757,0.013750180923433204,0.03221288515406158,0.0,0.11757282092188694
svg/g/g_20/path_27,0.900027,1.0,1.0,0.0,0.0,0.36,1.0,0.0,0.0,0.0,1.0,0.16678420310296194,0.16948907222463458,0.19698943407150116,0.4677871148459382,0.5294117647058822,0.18323925314806777,0.49859943977591026,0.013750180923433285,0.030812324929972025,0.0,0.11513624785245646
svg/g/g_19/path_26,0.900026,1.0,1.0,0.0,0.0,0.36,1.0,0.0,0.0,0.0,1.0,0.2914315937940762,0.5767839050513818,0.6016789694601244,0.46428571428571414,0.5231092436974789,0.5892314372557531,0.4936974789915966,0.012447532204371309,0.02941176470588227,0.0,0.10054045422542945
svg/g/g_19/path_25,0.900025,1.0,1.0,0.0,0.0,0.36,1.0,0.0,0.0,0.0,1.0,0.2601815937940762,0.6068895643363733,0.6314951512519903,0.47058823529411753,0.526610644257703,0.6191923577941819,0.49859943977591026,0.012302793457808492,0.028011204481792715,0.0,0.10211272240089973
svg/g/g_19/path_24,0.9000239999999999,1.0,1.0,0.0,0.0,0.36,1.0,0.0,0.0,0.0,1.0,0.22893159379407618,0.6352583586626139,0.6618902880301054,0.46708683473389345,0.5294117647058822,0.6485743233463599,0.49824929971988774,0.01331596468374574,0.031162464985994415,0.0,0.11685421659555188
svg/g/g_19/path_23,0.900023,1.0,1.0,0.0,0.0,0.36,1.0,0.0,0.0,0.0,1.0,0.19768159379407618,0.6639166304819799,0.6914169923288463,0.4677871148459382,0.5294117647058822,0.6776668114054132,0.49859943977591026,0.013750180923433204,0.030812324929972025,0.0,0.1151362478524565
svg/g/circle_415,0.7504149999999999,1.0,-0.5735764363510464,-0.8191520442889916,1.0,0.58,1.0,0.0,0.0,0.0,1.0,0.16607898448519043,-1.0,-0.971052250687509,-0.14705882352941174,-0.07703081232492996,-0.9855261253437545,-0.11204481792717086,0.014473874656245478,0.0350140056022409,0.3589275840108562,0.08559254052155013
svg/g/ellipse_47,0.700047,1.0,-0.5735764363510464,-0.8191520442889916,1.0,0.58,1.0,0.0,0.0,0.0,1.0,0.16572637517630467,-1.0,-0.971052250687509,-0.060224089635854496,0.009803921568627291,-0.9855261253437545,-0.025210084033613602,0.014473874656245478,0.0350140056022409,0.3589275840108562,0.10226501951244514
svg/g/circle_414,0.7504139999999999,1.0,-0.5735764363510464,-0.8191520442889916,1.0,0.58,1.0,0.0,0.0,0.0,1.0,0.16537376586741892,-1.0,-0.971052250687509,0.02661064425770296,0.09663865546218475,-0.9855261253437545,0.061624649859943856,0.014473874656245478,0.0350140056022409,0.3589275840108562,0.08559254052155013
svg/g/circle_413,0.7504130000000001,1.0,0.9902680687415704,0.13917310096006538,0.88,0.64,1.0,0.0,0.0,0.0,1.0,0.16502115655853314,-1.0,-0.971052250687509,0.11274509803921563,0.1827731092436974,-0.9855261253437545,0.14775910364145653,0.014473874656245478,0.0350140056022409,0.3589275840108562,0.08559254052155013
svg/g/circle_412,0.7504120000000001,1.0,0.8290375725550417,0.5591929034707469,0.9700000000000004,0.59,1.0,0.0,0.0,0.0,1.0,0.16466854724964738,-1.0,-0.971052250687509,0.1995798319327731,0.2696078431372549,-0.9855261253437545,0.23459383753501398,0.014473874656245478,0.0350140056022409,0.3589275840108562,0.08559254052155013
svg/g/circle_411,0.750411,1.0,-0.5735764363510464,-0.8191520442889916,1.0,0.58,1.0,0.0,0.0,0.0,1.0,0.16431593794076163,-0.9641047908525113,-0.9351570415400203,-0.14705882352941174,-0.07703081232492996,-0.9496309161962658,-0.11204481792717086,0.014473874656245478,0.0350140056022409,0.3589275840108562,0.08559254052155013
svg/g/ellipse_46,0.700046,1.0,-0.5735764363510464,-0.8191520442889916,1.0,0.58,1.0,0.0,0.0,0.0,1.0,0.16396332863187588,-0.9641047908525113,-0.9351570415400203,-0.060224089635854496,0.009803921568627291,-0.9496309161962658,-0.025210084033613602,0.014473874656245478,0.0350140056022409,0.3589275840108562,0.10226501951244514
svg/g/circle_410,0.75041,1.0,-0.5735764363510464,-0.8191520442889916,1.0,0.58,1.0,0.0,0.0,0.0,1.0,0.16361071932299012,-0.9641047908525113,-0.9351570415400203,0.02661064425770296,0.09663865546218475,-0.9496309161962658,0.061624649859943856,0.014473874656245478,0.0350140056022409,0.3589275840108562,0.08559254052155013
svg/g/circle_409,0.7504089999999999,1.0,0.9902680687415704,0.13917310096006538,0.88,0.64,1.0,0.0,0.0,0.0,1.0,0.16325811001410437,-0.9641047908525113,-0.9351570415400203,0.11274509803921563,0.1827731092436974,-0.9496309161962658,0.14775910364145653,0.014473874656245478,0.0350140056022409,0.3589275840108562,0.08559254052155013
svg/g/circle_408,0.7504080000000001,1.0,0.15643446504023026,0.9876883405951378,0.5800000000000004,0.54,1.0,0.0,0.0,0.0,1.0,0.16290550070521861,-0.9641047908525113,-0.9351570415400203,0.1995798319327731,0.2696078431372549,-0.9496309161962658,0.23459383753501398,0.014473874656245478,0.0350140056022409,0.3589275840108562,0.08559254052155013
svg/g/circle_407,0.750407,1.0,-0.5735764363510464,-0.8191520442889916,1.0,0.58,1.0,0.0,0.0,0.0,1.0,0.16255289139633286,-0.9279201042118976,-0.8989723548994066,-0.14705882352941174,-0.07703081232492996,-0.9134462295556521,-0.11204481792717086,0.014473874656245478,0.0350140056022409,0.3589275840108562,0.08559254052155013
svg/g/ellipse_45,0.7000449999999999,1.0,-0.5735764363510464,-0.8191520442889916,1.0,0.58,1.0,0.0,0.0,0.0,1.0,0.1622002820874471,-0.9279201042118976,-0.8989723548994066,-0.060224089635854496,0.009803921568627291,-0.9134462295556521,-0.025210084033613602,0.014473874656245478,0.0350140056022409,0.3589275840108562,0.10226501951244514
svg/g/circle_406,0.750406,1.0,-0.5735764363510464,-0.8191520442889916,1.0,0.58,1.0,0.0,0.0,0.0,1.0,0.16184767277856135,-0.9279201042118976,-0.8989723548994066,0.02661064425770296,0.09663865546218475,-0.9134462295556521,0.061624649859943856,0.014473874656245478,0.0350140056022409,0.3589275840108562,0.08559254052155013
svg/g/circle_405,0.750405,1.0,0.9902680687415704,0.13917310096006538,0.88,0.64,1.0,0.0,0.0,0.0,1.0,0.1614950634696756,-0.9279201042118976,-0.8989723548994066,0.11274509803921563,0.1827731092436974,-0.9134462295556521,0.14775910364145653,0.014473874656245478,0.0350140056022409,0.3589275840108562,0.08559254052155013
svg/g/circle_404,0.7504040000000001,1.0,0.15643446504023026,0.9876883405951378,0.5800000000000004,0.54,1.0,0.0,0.0,0.0,1.0,0.16114245416078984,-0.9279201042118976,-0.8989723548994066,0.1995798319327731,0.2696078431372549,-0.9134462295556521,0.23459383753501398,0.014473874656245478,0.0350140056022409,0.3589275840108562,0.08559254052155013
svg/g/circle_403,0.750403,1.0,-0.5735764363510464,-0.8191520442889916,1.0,0.58,1.0,0.0,0.0,0.0,1.0,0.1607898448519041,-0.8923143725575337,-0.8633666232450428,-0.14705882352941174,-0.07703081232492996,-0.8778404979012882,-0.11204481792717086,0.014473874656245478,0.0350140056022409,0.3589275840108562,0.08559254052155013
svg/g/ellipse_44,0.700044,1.0,-0.5735764363510464,-0.8191520442889916,1.0,0.58,1.0,0.0,0.0,0.0,1.0,0.16043723554301834,-0.8923143725575337,-0.8633666232450428,-0.060224089635854496,0.009803921568627291,-0.8778404979012882,-0.025210084033613602,0.014473874656245478,0.0350140056022409,0.3589275840108562,0.10226501951244514
svg/g/circle_402,0.750402,1.0,-0.5735764363510464,-0.8191520442889916,1.0,0.58,1.0,0.0,0.0,0.0,1.0,0.16008462623413258,-0.8923143725575337,-0.8633666232450428,0.02661064425770296,0.09663865546218475,-0.8778404979012882,0.061624649859943856,0.014473874656245478,0.0350140056022409,0.3589275840108562,0.08559254052155013
svg/g/circle_401,0.750401,1.0,0.8290375725550417,0.5591929034707469,0.9700000000000004,0.59,1.0,0.0,0.0,0.0,1.0,0.15973201692524683,-0.8923143725575337,-0.8633666232450428,0.11274509803921563,0.1827731092436974,-0.8778404979012882,0.14775910364145653,0.014473874656245478,0.0350140056022409,0.3589275840108562,0.08559254052155013
svg/g/circle_400,0.7504000000000001,1.0,0.15643446504023026,0.9876883405951378,0.5800000000000004,0.54,1.0,0.0,0.0,0.0,1.0,0.15937940761636107,-0.8923143725575337,-0.8633666232450428,0.1995798319327731,0.2696078431372549,-0.8778404979012882,0.23459383753501398,0.014473874656245478,0.0350140056022409,0.3589275840108562,0.08559254052155013
svg/g/circle_399,0.750399,1.0,-0.5735764363510464,-0.8191520442889916,1.0,0.58,1.0,0.0,0.0,0.0,1.0,0.15902679830747532,-0.856419163410045,-0.827471414097554,-0.14705882352941174,-0.07703081232492996,-0.8419452887537995,-0.11204481792717086,0.014473874656245478,0.0350140056022409,0.3589275840108562,0.08559254052155013
svg/g/ellipse_43,0.700043,1.0,-0.5735764363510464,-0.8191520442889916,1.0,0.58,1.0,0.0,0.0,0.0,1.0,0.15867418899858957,-0.856419163410045,-0.827471414097554,-0.060224089635854496,0.009803921568627291,-0.8419452887537995,-0.025210084033613602,0.014473874656245478,0.0350140056022409,0.3589275840108562,0.10226501951244514
svg/g/circle_398,0.750398,1.0,-0.5735764363510464,-0.8191520442889916,1.0,0.58,1.0,0.0,0.0,0.0,1.0,0.1583215796897038,-0.856419163410045,-0.827471414097554,0.02661064425770296,0.09663865546218475,-0.8419452887537995,0.061624649859943856,0.014473874656245478,0.0350140056022409,0.3589275840108562,0.08559254052155013
svg/g/circle_397,0.750397,1.0,0.8290375725550417,0.5591929034707469,0.9700000000000004,0.59,1.0,0.0,0.0,0.0,1.0,0.15796897038081806,-0.856419163410045,-0.827471414097554,0.11274509803921563,0.1827731092436974,-0.8419452887537995,0.14775910364145653,0.014473874656245478,0.0350140056022409,0.3589275840108562,0.08559254052155013
svg/g/circle_396,0.750396,1.0,0.15643446504023026,0.9876883405951378,0.5800000000000004,0.54,1.0,0.0,0.0,0.0,1.0,0.1576163610719323,-0.856419163410045,-0.827471414097554,0.1995798319327731,0.2696078431372549,-0.8419452887537995,0.23459383753501398,0.014473874656245478,0.0350140056022409,0.3589275840108562,0.08559254052155013
svg/g/circle_395,0.750395,1.0,-0.5735764363510464,-0.8191520442889916,1.0,0.58,1.0,0.0,0.0,0.0,1.0,0.15726375176304655,-0.8205239542625561,-0.7915762049500651,-0.14705882352941174,-0.07703081232492996,-0.8060500796063106,-0.11204481792717086,0.014473874656245478,0.0350140056022409,0.3589275840108562,0.08559254052155013
svg/g/ellipse_42,0.7000419999999999,1.0,-0.5735764363510464,-0.8191520442889916,1.0,0.58,1.0,0.0,0.0,0.0,1.0,0.1569111424541608,-0.8205239542625561,-0.7915762049500651,-0.060224089635854496,0.009803921568627291,-0.8060500796063106,-0.025210084033613602,0.014473874656245478,0.0350140056022409,0.3589275840108562,0.10226501951244514
svg/g/circle_394,0.750394,1.0,-0.5735764363510464,-0.8191520442889916,1.0,0.58,1.0,0.0,0.0,0.0,1.0,0.15655853314527504,-0.8205239542625561,-0.7915762049500651,0.02661064425770296,0.09663865546218475,-0.8060500796063106,0.061624649859943856,0.014473874656245478,0.0350140056022409,0.3589275840108562,0.08559254052155013
svg/g/circle_393,0.750393,1.0,0.8290375725550417,0.5591929034707469,0.9700000000000004,0.59,1.0,0.0,0.0,0.0,1.0,0.15620592383638926,-0.8205239542625561,-0.7915762049500651,0.11274509803921563,0.1827731092436974,-0.8060500796063106,0.14775910364145653,0.014473874656245478,0.0350140056022409,0.3589275840108562,0.08559254052155013
svg/g/circle_392,0.750392,1.0,0.15643446504023026,0.9876883405951378,0.5800000000000004,0.54,1.0,0.0,0.0,0.0,1.0,0.1558533145275035,-0.8205239542625561,-0.7915762049500651,0.1995798319327731,0.2696078431372549,-0.8060500796063106,0.23459383753501398,0.014473874656245478,0.0350140056022409,0.3589275840108562,0.08559254052155013
svg/g/circle_391,0.750391,1.0,-0.5735764363510464,-0.8191520442889916,1.0,0.58,1.0,0.0,0.0,0.0,1.0,0.15550070521861775,-0.7852077001013171,-0.7562599507888262,-0.14705882352941174,-0.07703081232492996,-0.7707338254450716,-0.11204481792717086,0.014473874656245478,0.0350140056022409,0.3589275840108562,0.08559254052155013
svg/g/ellipse_41,0.7000409999999999,1.0,-0.5735764363510464,-0.8191520442889916,1.0,0.58,1.0,0.0,0.0,0.0,1.0,0.155148095909732,-0.7852077001013171,-0.7562599507888262,-0.060224089635854496,0.009803921568627291,-0.7707338254450716,-0.025210084033613602,0.014473874656245478,0.0350140056022409,0.3589275840108562,0.10226501951244514
svg/g/circle_390,0.75039,1.0,-0.5735764363510464,-0.8191520442889916,1.0,0.58,1.0,0.0,0.0,0.0,1.0,0.15479548660084624,-0.7852077001013171,-0.7562599507888262,0.02661064425770296,0.09663865546218475,-0.7707338254450716,0.061624649859943856,0.014473874656245478,0.0350140056022409,0.3589275840108562,0.08559254052155013
svg/g/circle_389,0.750389,1.0,0.8290375725550417,0.5591929034707469,0.9700000000000004,0.59,1.0,0.0,0.0,0.0,1.0,0.1544428772919605,-0.7852077001013171,-0.7562599507888262,0.11274509803921563,0.1827731092436974,-0.7707338254450716,0.14775910364145653,0.014473874656245478,0.0350140056022409,0.3589275840108562,0.08559254052155013
svg/g/circle_388,0.7503879999999999,1.0,0.8480480961564258,0.529919264233205,0.35,0.47,1.0,0.0,0.0,0.0,1.0,0.15409026798307474,-0.7852077001013171,-0.7562599507888262,0.1995798319327731,0.2696078431372549,-0.7707338254450716,0.23459383753501398,0.014473874656245478,0.0350140056022409,0.3589275840108562,0.08559254052155013
svg/g/circle_387,0.750387,1.0,-0.5735764363510464,-0.8191520442889916,1.0,0.58,1.0,0.0,0.0,0.0,1.0,0.15373765867418898,-0.7493124909538285,-0.7203647416413373,-0.14705882352941174,-0.07703081232492996,-0.7348386162975828,-0.11204481792717086,0.014473874656245478,0.0350140056022409,0.3589275840108562,0.08559254052155013
svg/g/ellipse_40,0.70004,1.0,-0.5735764363510464,-0.8191520442889916,1.0,0.58,1.0,0.0,0.0,0.0,1.0,0.15338504936530323,-0.7493124909538285,-0.7203647416413373,-0.060224089635854496,0.009803921568627291,-0.7348386162975828,-0.025210084033613602,0.014473874656245478,0.0350140056022409,0.3589275840108562,0.10226501951244514
svg/g/circle_386,0.750386,1.0,0.9902680687415704,0.13917310096006538,0.88,0.64,1.0,0.0,0.0,0.0,1.0,0.15303244005641747,-0.7493124909538285,-0.7203647416413373,0.02661064425770296,0.09663865546218475,-0.7348386162975828,0.061624649859943856,0.014473874656245478,0.0350140056022409,0.3589275840108562,0.08559254052155013
svg/g/circle_385,0.750385,1.0,0.8290375725550417,0.5591929034707469,0.9700000000000004,0.59,1.0,0.0,0.0,0.0,1.0,0.15267983074753172,-0.7493124909538285,-0.7203647416413373,0.11274509803921563,0.1827731092436974,-0.7348386162975828,0.14775910364145653,0.014473874656245478,0.0350140056022409,0.3589275840108562,0.08559254052155013
svg/g/circle_384,0.7503839999999999,1.0,0.8480480961564258,0.529919264233205,0.35,0.47,1.0,0.0,0.0,0.0,1.0,0.15232722143864597,-0.7493124909538285,-0.7203647416413373,0.1995798319327731,0.2696078431372549,-0.7348386162975828,0.23459383753501398,0.014473874656245478,0.0350140056022409,0.3589275840108562,0.08559254052155013
svg/g/circle_383,0.750383,1.0,-0.5735764363510464,-0.8191520442889916,1.0,0.58,1.0,0.0,0.0,0.0,1.0,0.1519746121297602,-0.7134172818063396,-0.6844695324938486,-0.14705882352941174,-0.07703081232492996,-0.6989434071500941,-0.11204481792717086,0.014473874656245478,0.0350140056022409,0.3589275840108562,0.08559254052155013
svg/g/ellipse_39,0.700039,1.0,-0.5735764363510464,-0.8191520442889916,1.0,0.58,1.0,0.0,0.0,0.0,1.0,0.15162200282087446,-0.7134172818063396,-0.6844695324938486,-0.060224089635854496,0.009803921568627291,-0.6989434071500941,-0.025210084033613602,0.014473874656245478,0.0350140056022409,0.3589275840108562,0.10226501951244514
svg/g/circle_382,0.750382,1.0,0.9902680687415704,0.13917310096006538,0.88,0.64,1.0,0.0,0.0,0.0,1.0,0.1512693935119887,-0.7134172818063396,-0.6844695324938486,0.02661064425770296,0.09663865546218475,-0.6989434071500941,0.061624649859943856,0.014473874656245478,0.0350140056022409,0.3589275840108562,0.08559254052155013
svg/g/circle_381,0.750381,1.0,0.8290375725550417,0.5591929034707469,0.9700000000000004,0.59,1.0,0.0,0.0,0.0,1.0,0.15091678420310295,-0.7134172818063396,-0.6844695324938486,0.11274509803921563,0.1827731092436974,-0.6989434071500941,0.14775910364145653,0.014473874656245478,0.0350140056022409,0.3589275840108562,0.08559254052155013
svg/g/circle_380,0.7503799999999999,1.0,0.8480480961564258,0.529919264233205,0.35,0.47,1.0,0.0,0.0,0.0,1.0,0.1505641748942172,-0.7134172818063396,-0.6844695324938486,0.1995798319327731,0.2696078431372549,-0.6989434071500941,0.23459383753501398,0.014473874656245478,0.0350140056022409,0.3589275840108562,0.08559254052155013
svg/g/circle_379,0.7503789999999999,1.0,-0.5735764363510464,-0.8191520442889916,1.0,0.58,1.0,0.0,0.0,0.0,1.0,0.15021156558533144,-0.6778115501519757,-0.6488638008394847,-0.14705882352941174,-0.07703081232492996,-0.6633376754957302,-0.11204481792717086,0.014473874656245478,0.0350140056022409,0.3589275840108562,0.08559254052155013
svg/g/ellipse_38,0.7000379999999999,1.0,-0.5735764363510464,-0.8191520442889916,1.0,0.58,1.0,0.0,0.0,0.0,1.0,0.1498589562764457,-0.6778115501519757,-0.6488638008394847,-0.060224089635854496,0.009803921568627291,-0.6633376754957302,-0.025210084033613602,0.014473874656245478,0.0350140056022409,0.3589275840108562,0.10226501951244514
svg/g/circle_378,0.750378,1.0,0.9902680687415704,0.13917310096006538,0.88,0.64,1.0,0.0,0.0,0.0,1.0,0.14950634696755993,-0.6778115501519757,-0.6488638008394847,0.02661064425770296,0.09663865546218475,-0.6633376754957302,0.061624649859943856,0.014473874656245478,0.0350140056022409,0.3589275840108562,0.08559254052155013
svg/g/circle_377,0.750377,1.0,0.8290375725550417,0.5591929034707469,0.9700000000000004,0.59,1.0,0.0,0.0,0.0,1.0,0.14915373765867418,-0.6778115501519757,-0.6488638008394847,0.11274509803921563,0.1827731092436974,-0.6633376754957302,0.14775910364145653,0.014473874656245478,0.0350140056022409,0.3589275840108562,0.08559254052155013
svg/g/circle_376,0.7503759999999999,1.0,0.8480480961564258,0.529919264233205,0.35,0.47,1.0,0.0,0.0,0.0,1.0,0.14880112834978843,-0.6778115501519757,-0.6488638008394847,0.1995798319327731,0.2696078431372549,-0.6633376754957302,0.23459383753501398,0.014473874656245478,0.0350140056022409,0.3589275840108562,0.08559254052155013
svg/g/circle_375,0.7503749999999999,1.0,-0.5735764363510464,-0.8191520442889916,1.0,0.58,1.0,0.0,0.0,0.0,1.0,0.14844851904090267,-0.641626863511362,-0.612679114198871,-0.14705882352941174,-0.07703081232492996,-0.6271529888551165,-0.11204481792717086,0.014473874656245478,0.0350140056022409,0.3589275840108562,0.08559254052155013
svg/g/ellipse_37,0.7000369999999999,1.0,-0.5735764363510464,-0.8191520442889916,1.0,0.58,1.0,0.0,0.0,0.0,1.0,0.14809590973201692,-0.641626863511362,-0.612679114198871,-0.060224089635854496,0.009803921568627291,-0.6271529888551165,-0.025210084033613602,0.014473874656245478,0.0350140056022409,0.3589275840108562,0.10226501951244514
svg/g/circle_374,0.7503740000000001,1.0,0.9902680687415704,0.13917310096006538,0.88,0.64,1.0,0.0,0.0,0.0,1.0,0.14774330042313116,-0.641626863511362,-0.612679114198871,0.02661064425770296,0.09663865546218475,-0.6271529888551165,0.061624649859943856,0.014473874656245478,0.0350140056022409,0.3589275840108562,0.08559254052155013
svg/g/circle_373,0.7503730000000001,1.0,0.8290375725550417,0.5591929034707469,0.9700000000000004,0.59,1.0,0.0,0.0,0.0,1.0,0.1473906911142454,-0.641626863511362,-0.612679114198871,0.11274509803921563,0.1827731092436974,-0.6271529888551165,0.14775910364145653,0.014473874656245478,0.0350140056022409,0.3589275840108562,0.08559254052155013
svg/g/circle_372,0.750372,1.0,0.8480480961564258,0.529919264233205,0.35,0.47,1.0,0.0,0.0,0.0,1.0,0.14703808180535965,-0.641626863511362,-0.612679114198871,0.1995798319327731,0.2696078431372549,-0.6271529888551165,0.23459383753501398,0.014473874656245478,0.0350140056022409,0.3589275840108562,0.08559254052155013
svg/g/circle_371,0.7503709999999999,1.0,-0.5735764363510464,-0.8191520442889916,1.0,0.58,1.0,0.0,0.0,0.0,1.0,0.1466854724964739,-0.6057316543638732,-0.5767839050513823,-0.14705882352941174,-0.07703081232492996,-0.5912577797076277,-0.11204481792717086,0.014473874656245478,0.0350140056022409,0.3589275840108562,0.08559254052155013
svg/g/ellipse_36,0.7000360000000001,1.0,-0.5735764363510464,-0.8191520442889916,1.0,0.58,1.0,0.0,0.0,0.0,1.0,0.14633286318758815,-0.6057316543638732,-0.5767839050513823,-0.060224089635854496,0.009803921568627291,-0.5912577797076277,-0.025210084033613602,0.014473874656245478,0.0350140056022409,0.3589275840108562,0.10226501951244514
svg/g/circle_370,0.7503700000000001,1.0,0.9902680687415704,0.13917310096006538,0.88,0.64,1.0,0.0,0.0,0.0,1.0,0.1459802538787024,-0.6057316543638732,-0.5767839050513823,0.02661064425770296,0.09663865546218475,-0.5912577797076277,0.061624649859943856,0.014473874656245478,0.0350140056022409,0.3589275840108562,0.08559254052155013
svg/g/circle_369,0.7503690000000001,1.0,0.8290375725550417,0.5591929034707469,0.9700000000000004,0.59,1.0,0.0,0.0,0.0,1.0,0.14562764456981664,-0.6057316543638732,-0.5767839050513823,0.11274509803921563,0.1827731092436974,-0.5912577797076277,0.14775910364145653,0.014473874656245478,0.0350140056022409,0.3589275840108562,0.08559254052155013
svg/g/circle_368,0.750368,1.0,-0.5735764363510464,-0.8191520442889916,1.0,0.58,1.0,0.0,0.0,0.0,1.0,0.14527503526093088,-0.4743088724851643,-0.44536112317267335,-0.14705882352941174,-0.07703081232492996,-0.4598349978289188,-0.11204481792717086,0.014473874656245478,0.0350140056022409,0.3589275840108562,0.08559254052155013
svg/g/ellipse_35,0.7000350000000001,1.0,-0.5735764363510464,-0.8191520442889916,1.0,0.58,1.0,0.0,0.0,0.0,1.0,0.14492242595204513,-0.4743088724851643,-0.44536112317267335,-0.060224089635854496,0.009803921568627291,-0.4598349978289188,-0.025210084033613602,0.014473874656245478,0.0350140056022409,0.3589275840108562,0.10226501951244514
svg/g/circle_367,0.750367,1.0,-0.5735764363510464,-0.8191520442889916,1.0,0.58,1.0,0.0,0.0,0.0,1.0,0.14456981664315938,-0.4743088724851643,-0.44536112317267335,0.02661064425770296,0.09663865546218475,-0.4598349978289188,0.061624649859943856,0.014473874656245478,0.0350140056022409,0.3589275840108562,0.08559254052155013
svg/g/circle_366,0.7503660000000001,1.0,0.8290375725550417,0.5591929034707469,0.9700000000000004,0.59,1.0,0.0,0.0,0.0,1.0,0.14421720733427362,-0.4743088724851643,-0.44536112317267335,0.11274509803921563,0.1827731092436974,-0.4598349978289188,0.14775910364145653,0.014473874656245478,0.0350140056022409,0.3589275840108562,0.08559254052155013
svg/g/circle_365,0.7503650000000001,1.0,0.8290375725550417,0.5591929034707469,0.9700000000000004,0.59,1.0,0.0,0.0,0.0,1.0,0.14386459802538787,-0.4743088724851643,-0.44536112317267335,0.1995798319327731,0.2696078431372549,-0.4598349978289188,0.23459383753501398,0.014473874656245478,0.0350140056022409,0.3589275840108562,0.08559254052155013
svg/g/circle_364,0.750364,1.0,-0.5735764363510464,-0.8191520442889916,1.0,0.58,1.0,0.0,0.0,0.0,1.0,0.14351198871650211,-0.43841366333767545,-0.4094659140251845,-0.14705882352941174,-0.07703081232492996,-0.42393978868143,-0.11204481792717086,0.014473874656245478,0.0350140056022409,0.3589275840108562,0.08559254052155013
svg/g/ellipse_34,0.700034,1.0,-0.5735764363510464,-0.8191520442889916,1.0,0.58,1.0,0.0,0.0,0.0,1.0,0.14315937940761636,-0.43841366333767545,-0.4094659140251845,-0.060224089635854496,0.009803921568627291,-0.42393978868143,-0.025210084033613602,0.014473874656245478,0.0350140056022409,0.3589275840108562,0.10226501951244514
svg/g/circle_363,0.750363,1.0,-0.5735764363510464,-0.8191520442889916,1.0,0.58,1.0,0.0,0.0,0.0,1.0,0.1428067700987306,-0.43841366333767545,-0.4094659140251845,0.02661064425770296,0.09663865546218475,-0.42393978868143,0.061624649859943856,0.014473874656245478,0.0350140056022409,0.3589275840108562,0.08559254052155013
svg/g/circle_362,0.750362,1.0,0.8290375725550417,0.5591929034707469,0.9700000000000004,0.59,1.0,0.0,0.0,0.0,1.0,0.14245416078984485,-0.43841366333767545,-0.4094659140251845,0.11274509803921563,0.1827731092436974,-0.42393978868143,0.14775910364145653,0.014473874656245478,0.0350140056022409,0.3589275840108562,0.08559254052155013
svg/g/circle_361,0.7503610000000001,1.0,0.8290375725550417,0.5591929034707469,0.9700000000000004,0.59,1.0,0.0,0.0,0.0,1.0,0.1421015514809591,-0.43841366333767545,-0.4094659140251845,0.1995798319327731,0.2696078431372549,-0.42393978868143,0.23459383753501398,0.014473874656245478,0.0350140056022409,0.3589275840108562,0.08559254052155013
svg/g/circle_360,0.75036,1.0,-0.5735764363510464,-0.8191520442889916,1.0,0.58,1.0,0.0,0.0,0.0,1.0,0.14174894217207334,-0.40251845419018667,-0.3735707048776957,-0.14705882352941174,-0.07703081232492996,-0.3880445795339412,-0.11204481792717086,0.014473874656245478,0.0350140056022409,0.3589275840108562,0.08559254052155013
svg/g/ellipse_33,0.7000329999999999,1.0,-0.5735764363510464,-0.8191520442889916,1.0,0.58,1.0,0.0,0.0,0.0,1.0,0.1413963328631876,-0.40251845419018667,-0.3735707048776957,-0.060224089635854496,0.009803921568627291,-0.3880445795339412,-0.025210084033613602,0.014473874656245478,0.0350140056022409,0.3589275840108562,0.10226501951244514
svg/g/circle_359,0.750359,1.0,-0.5735764363510464,-0.8191520442889916,1.0,0.58,1.0,0.0,0.0,0.0,1.0,0.14104372355430184,-0.40251845419018667,-0.3735707048776957,0.02661064425770296,0.09663865546218475,-0.3880445795339412,0.061624649859943856,0.014473874656245478,0.0350140056022409,0.3589275840108562,0.08559254052155013
svg/g/circle_358,0.750358,1.0,0.8290375725550417,0.5591929034707469,0.9700000000000004,0.59,1.0,0.0,0.0,0.0,1.0,0.14069111424541608,-0.40251845419018667,-0.3735707048776957,0.11274509803921563,0.1827731092436974,-0.3880445795339412,0.14775910364145653,0.014473874656245478,0.0350140056022409,0.3589275840108562,0.08559254052155013
svg/g/circle_357,0.750357,1.0,0.8290375725550417,0.5591929034707469,0.9700000000000004,0.59,1.0,0.0,0.0,0.0,1.0,0.14033850493653033,-0.40251845419018667,-0.3735707048776957,0.1995798319327731,0.2696078431372549,-0.3880445795339412,0.23459383753501398,0.014473874656245478,0.0350140056022409,0.3589275840108562,0.08559254052155013
svg/g/circle_356,0.750356,1.0,-0.5735764363510464,-0.8191520442889916,1.0,0.58,1.0,0.0,0.0,0.0,1.0,0.13998589562764457,-0.36691272253582286,-0.3379649732233319,-0.14705882352941174,-0.07703081232492996,-0.35243884787957735,-0.11204481792717086,0.014473874656245478,0.0350140056022409,0.3589275840108562,0.08559254052155013
svg/g/ellipse_32,0.7000320000000001,1.0,-0.5735764363510464,-0.8191520442889916,1.0,0.58,1.0,0.0,0.0,0.0,1.0,0.13963328631875882,-0.36691272253582286,-0.3379649732233319,-0.060224089635854496,0.009803921568627291,-0.35243884787957735,-0.025210084033613602,0.014473874656245478,0.0350140056022409,0.3589275840108562,0.10226501951244514
svg/g/circle_355,0.750355,1.0,0.9902680687415704,0.13917310096006538,0.88,0.64,1.0,0.0,0.0,0.0,1.0,0.13928067700987307,-0.36691272253582286,-0.3379649732233319,0.02661064425770296,0.09663865546218475,-0.35243884787957735,0.061624649859943856,0.014473874656245478,0.0350140056022409,0.3589275840108562,0.08559254052155013
svg/g/circle_354,0.750354,1.0,0.8290375725550417,0.5591929034707469,0.9700000000000004,0.59,1.0,0.0,0.0,0.0,1.0,0.1389280677009873,-0.36691272253582286,-0.3379649732233319,0.11274509803921563,0.1827731092436974,-0.35243884787957735,0.14775910364145653,0.014473874656245478,0.0350140056022409,0.3589275840108562,0.08559254052155013
svg/g/circle_353,0.750353,1.0,0.8290375725550417,0.5591929034707469,0.9700000000000004,0.59,1.0,0.0,0.0,0.0,1.0,0.13857545839210156,-0.36691272253582286,-0.3379649732233319,0.1995798319327731,0.2696078431372549,-0.35243884787957735,0.23459383753501398,0.014473874656245478,0.0350140056022409,0.3589275840108562,0.08559254052155013
svg/g/circle_352,0.750352,1.0,-0.5735764363510464,-0.8191520442889916,1.0,0.58,1.0,0.0,0.0,0.0,1.0,0.1382228490832158,-0.33072803589520916,-0.3017802865827182,-0.14705882352941174,-0.07703081232492996,-0.31625416123896366,-0.11204481792717086,0.014473874656245478,0.0350140056022409,0.3589275840108562,0.08559254052155013
svg/g/ellipse_31,0.7000310000000001,1.0,-0.5735764363510464,-0.8191520442889916,1.0,0.58,1.0,0.0,0.0,0.0,1.0,0.13787023977433005,-0.33072803589520916,-0.3017802865827182,-0.060224089635854496,0.009803921568627291,-0.31625416123896366,-0.025210084033613602,0.014473874656245478,0.0350140056022409,0.3589275840108562,0.10226501951244514
svg/g/circle_351,0.750351,1.0,0.9902680687415704,0.13917310096006538,0.88,0.64,1.0,0.0,0.0,0.0,1.0,0.1375176304654443,-0.33072803589520916,-0.3017802865827182,0.02661064425770296,0.09663865546218475,-0.31625416123896366,0.061624649859943856,0.014473874656245478,0.0350140056022409,0.3589275840108562,0.08559254052155013
svg/g/circle_350,0.75035,1.0,0.8290375725550417,0.5591929034707469,0.9700000000000004,0.59,1.0,0.0,0.0,0.0,1.0,0.13716502115655854,-0.33072803589520916,-0.3017802865827182,0.11274509803921563,0.1827731092436974,-0.31625416123896366,0.14775910364145653,0.014473874656245478,0.0350140056022409,0.3589275840108562,0.08559254052155013
svg/g/circle_349,0.7503489999999999,1.0,0.8290375725550417,0.5591929034707469,0.9700000000000004,0.59,1.0,0.0,0.0,0.0,1.0,0.1368124118476728,-0.33072803589520916,-0.3017802865827182,0.1995798319327731,0.2696078431372549,-0.31625416123896366,0.23459383753501398,0.014473874656245478,0.0350140056022409,0.3589275840108562,0.08559254052155013
svg/g/circle_348,0.750348,1.0,-0.5735764363510464,-0.8191520442889916,1.0,0.58,1.0,0.0,0.0,0.0,1.0,0.13645980253878703,-0.29483282674772027,-0.2658850774352293,-0.14705882352941174,-0.07703081232492996,-0.2803589520914748,-0.11204481792717086,0.014473874656245478,0.0350140056022409,0.3589275840108562,0.08559254052155013
svg/g/ellipse_30,0.70003,1.0,-0.5735764363510464,-0.8191520442889916,1.0,0.58,1.0,0.0,0.0,0.0,1.0,0.13610719322990128,-0.29483282674772027,-0.2658850774352293,-0.060224089635854496,0.009803921568627291,-0.2803589520914748,-0.025210084033613602,0.014473874656245478,0.0350140056022409,0.3589275840108562,0.10226501951244514
svg/g/circle_347,0.750347,1.0,0.9902680687415704,0.13917310096006538,0.88,0.64,1.0,0.0,0.0,0.0,1.0,0.13575458392101553,-0.29483282674772027,-0.2658850774352293,0.02661064425770296,0.09663865546218475,-0.2803589520914748,0.061624649859943856,0.014473874656245478,0.0350140056022409,0.3589275840108562,0.08559254052155013
svg/g/circle_346,0.750346,1.0,0.8290375725550417,0.5591929034707469,0.9700000000000004,0.59,1.0,0.0,0.0,0.0,1.0,0.13540197461212977,-0.29483282674772027,-0.2658850774352293,0.11274509803921563,0.1827731092436974,-0.2803589520914748,0.14775910364145653,0.014473874656245478,0.0350140056022409,0.3589275840108562,0.08559254052155013
svg/g/circle_345,0.7503449999999999,1.0,0.8290375725550417,0.5591929034707469,0.9700000000000004,0.59,1.0,0.0,0.0,0.0,1.0,0.13504936530324402,-0.29483282674772027,-0.2658850774352293,0.1995798319327731,0.2696078431372549,-0.2803589520914748,0.23459383753501398,0.014473874656245478,0.0350140056022409,0.3589275840108562,0.08559254052155013
svg/g/circle_344,0.750344,1.0,-0.5735764363510464,-0.8191520442889916,1.0,0.58,1.0,0.0,0.0,0.0,1.0,0.13469675599435826,-0.25980605007960633,-0.23085830076711536,-0.14705882352941174,-0.07703081232492996,-0.24533217542336083,-0.11204481792717086,0.014473874656245478,0.0350140056022409,0.3589275840108562,0.08559254052155013
svg/g/ellipse_29,0.700029,1.0,-0.5735764363510464,-0.8191520442889916,1.0,0.58,1.0,0.0,0.0,0.0,1.0,0.1343441466854725,-0.25980605007960633,-0.23085830076711536,-0.060224089635854496,0.009803921568627291,-0.24533217542336083,-0.025210084033613602,0.014473874656245478,0.0350140056022409,0.3589275840108562,0.10226501951244514
svg/g/circle_343,0.750343,1.0,0.9902680687415704,0.13917310096006538,0.88,0.64,1.0,0.0,0.0,0.0,1.0,0.13399153737658676,-0.25980605007960633,-0.23085830076711536,0.02661064425770296,0.09663865546218475,-0.24533217542336083,0.061624649859943856,0.014473874656245478,0.0350140056022409,0.3589275840108562,0.08559254052155013
svg/g/circle_342,0.750342,1.0,0.8290375725550417,0.5591929034707469,0.9700000000000004,0.59,1.0,0.0,0.0,0.0,1.0,0.133638928067701,-0.25980605007960633,-0.23085830076711536,0.11274509803921563,0.1827731092436974,-0.24533217542336083,0.14775910364145653,0.014473874656245478,0.0350140056022409,0.3589275840108562,0.08559254052155013
svg/g/circle_341,0.7503409999999999,1.0,0.8290375725550417,0.5591929034707469,0.9700000000000004,0.59,1.0,0.0,0.0,0.0,1.0,0.13328631875881525,-0.25980605007960633,-0.23085830076711536,0.1995798319327731,0.2696078431372549,-0.24533217542336083,0.23459383753501398,0.014473874656245478,0.0350140056022409,0.3589275840108562,0.08559254052155013
svg/g/circle_340,0.75034,1.0,-0.5735764363510464,-0.8191520442889916,1.0,0.58,1.0,0.0,0.0,0.0,1.0,0.1329337094499295,-0.22362136343899264,-0.19467361412650167,-0.14705882352941174,-0.07703081232492996,-0.20914748878274714,-0.11204481792717086,0.014473874656245478,0.0350140056022409,0.3589275840108562,0.08559254052155013
svg/g/ellipse_28,0.700028,1.0,-0.5735764363510464,-0.8191520442889916,1.0,0.58,1.0,0.0,0.0,0.0,1.0,0.13258110014104374,-0.22362136343899264,-0.19467361412650167,-0.060224089635854496,0.009803921568627291,-0.20914748878274714,-0.025210084033613602,0.014473874656245478,0.0350140056022409,0.3589275840108562,0.10226501951244514
svg/g/circle_339,0.750339,1.0,0.9902680687415704,0.13917310096006538,0.88,0.64,1.0,0.0,0.0,0.0,1.0,0.13222849083215799,-0.22362136343899264,-0.19467361412650167,0.02661064425770296,0.09663865546218475,-0.20914748878274714,0.061624649859943856,0.014473874656245478,0.0350140056022409,0.3589275840108562,0.08559254052155013
svg/g/circle_338,0.750338,1.0,0.8290375725550417,0.5591929034707469,0.9700000000000004,0.59,1.0,0.0,0.0,0.0,1.0,0.13187588152327223,-0.22362136343899264,-0.19467361412650167,0.11274509803921563,0.1827731092436974,-0.20914748878274714,0.14775910364145653,0.014473874656245478,0.0350140056022409,0.3589275840108562,0.08559254052155013
svg/g/circle_337,0.7503369999999999,1.0,0.15643446504023026,0.9876883405951378,0.5800000000000004,0.54,1.0,0.0,0.0,0.0,1.0,0.13152327221438648,-0.22362136343899264,-0.19467361412650167,0.1995798319327731,0.2696078431372549,-0.20914748878274714,0.23459383753501398,0.014473874656245478,0.0350140056022409,0.3589275840108562,0.08559254052155013
svg/g/circle_336,0.7503360000000001,1.0,-0.5735764363510464,-0.8191520442889916,1.0,0.58,1.0,0.0,0.0,0.0,1.0,0.13117066290550072,-0.18772615429150374,-0.1587784049790128,-0.14705882352941174,-0.07703081232492996,-0.17325227963525827,-0.11204481792717086,0.014473874656245478,0.0350140056022409,0.3589275840108562,0.08559254052155013
svg/g/ellipse_27,0.7000270000000001,1.0,-0.5735764363510464,-0.8191520442889916,1.0,0.58,1.0,0.0,0.0,0.0,1.0,0.13081805359661497,-0.18772615429150374,-0.1587784049790128,-0.060224089635854496,0.009803921568627291,-0.17325227963525827,-0.025210084033613602,0.014473874656245478,0.0350140056022409,0.3589275840108562,0.10226501951244514
svg/g/circle_335,0.7503350000000001,1.0,0.9902680687415704,0.13917310096006538,0.88,0.64,1.0,0.0,0.0,0.0,1.0,0.13046544428772922,-0.18772615429150374,-0.1587784049790128,0.02661064425770296,0.09663865546218475,-0.17325227963525827,0.061624649859943856,0.014473874656245478,0.0350140056022409,0.3589275840108562,0.08559254052155013
svg/g/circle_334,0.7503340000000001,1.0,0.8290375725550417,0.5591929034707469,0.9700000000000004,0.59,1.0,0.0,0.0,0.0,1.0,0.13011283497884346,-0.18772615429150374,-0.1587784049790128,0.11274509803921563,0.1827731092436974,-0.17325227963525827,0.14775910364145653,0.014473874656245478,0.0350140056022409,0.3589275840108562,0.08559254052155013
svg/g/circle_333,0.7503329999999999,1.0,0.15643446504023026,0.9876883405951378,0.5800000000000004,0.54,1.0,0.0,0.0,0.0,1.0,0.1297602256699577,-0.18772615429150374,-0.1587784049790128,0.1995798319327731,0.2696078431372549,-0.17325227963525827,0.23459383753501398,0.014473874656245478,0.0350140056022409,0.3589275840108562,0.08559254052155013
svg/g/circle_332,0.7503319999999999,1.0,-0.5735764363510464,-0.8191520442889916,1.0,0.58,1.0,0.0,0.0,0.0,1.0,0.12940761636107193,-0.15212042263714,-0.12317267332464904,-0.14705882352941174,-0.07703081232492996,-0.1376465479808945,-0.11204481792717086,0.014473874656245478,0.0350140056022409,0.3589275840108562,0.08559254052155013
svg/g/ellipse_26,0.700026,1.0,-0.5735764363510464,-0.8191520442889916,1.0,0.58,1.0,0.0,0.0,0.0,1.0,0.12905500705218617,-0.15212042263714,-0.12317267332464904,-0.060224089635854496,0.009803921568627291,-0.1376465479808945,-0.025210084033613602,0.014473874656245478,0.0350140056022409,0.3589275840108562,0.10226501951244514
svg/g/circle_331,0.7503310000000001,1.0,0.9902680687415704,0.13917310096006538,0.88,0.64,1.0,0.0,0.0,0.0,1.0,0.12870239774330042,-0.15212042263714,-0.12317267332464904,0.02661064425770296,0.09663865546218475,-0.1376465479808945,0.061624649859943856,0.014473874656245478,0.0350140056022409,0.3589275840108562,0.08559254052155013
svg/g/circle_330,0.75033,1.0,0.8290375725550417,0.5591929034707469,0.9700000000000004,0.59,1.0,0.0,0.0,0.0,1.0,0.12834978843441466,-0.15212042263714,-0.12317267332464904,0.11274509803921563,0.1827731092436974,-0.1376465479808945,0.14775910364145653,0.014473874656245478,0.0350140056022409,0.3589275840108562,0.08559254052155013
svg/g/circle_329,0.750329,1.0,0.15643446504023026,0.9876883405951378,0.5800000000000004,0.54,1.0,0.0,0.0,0.0,1.0,0.1279971791255289,-0.15212042263714,-0.12317267332464904,0.1995798319327731,0.2696078431372549,-0.1376465479808945,0.23459383753501398,0.014473874656245478,0.0350140056022409,0.3589275840108562,0.08559254052155013
svg/g/circle_328,0.750328,1.0,-0.5735764363510464,-0.8191520442889916,1.0,0.58,1.0,0.0,0.0,0.0,1.0,0.12764456981664316,-0.11622521348965112,-0.08727746417716016,-0.14705882352941174,-0.07703081232492996,-0.10175133883340565,-0.11204481792717086,0.014473874656245478,0.0350140056022409,0.3589275840108562,0.08559254052155013
svg/g/ellipse_25,0.700025,1.0,-0.5735764363510464,-0.8191520442889916,1.0,0.58,1.0,0.0,0.0,0.0,1.0,0.1272919605077574,-0.11622521348965112,-0.08727746417716016,-0.060224089635854496,0.009803921568627291,-0.10175133883340565,-0.025210084033613602,0.014473874656245478,0.0350140056022409,0.3589275840108562,0.10226501951244514
svg/g/circle_327,0.7503270000000001,1.0,0.9902680687415704,0.13917310096006538,0.88,0.64,1.0,0.0,0.0,0.0,1.0,0.12693935119887165,-0.11622521348965112,-0.08727746417716016,0.02661064425770296,0.09663865546218475,-0.10175133883340565,0.061624649859943856,0.014473874656245478,0.0350140056022409,0.3589275840108562,0.08559254052155013
svg/g/circle_326,0.750326,1.0,0.8290375725550417,0.5591929034707469,0.9700000000000004,0.59,1.0,0.0,0.0,0.0,1.0,0.1265867418899859,-0.11622521348965112,-0.08727746417716016,0.11274509803921563,0.1827731092436974,-0.10175133883340565,0.14775910364145653,0.014473874656245478,0.0350140056022409,0.3589275840108562,0.08559254052155013
svg/g/circle_325,0.750325,1.0,0.15643446504023026,0.9876883405951378,0.5800000000000004,0.54,1.0,0.0,0.0,0.0,1.0,0.12623413258110014,-0.11622521348965112,-0.08727746417716016,0.1995798319327731,0.2696078431372549,-0.10175133883340565,0.23459383753501398,0.014473874656245478,0.0350140056022409,0.3589275840108562,0.08559254052155013
svg/g/circle_324,0.750324,1.0,-0.5735764363510464,-0.8191520442889916,1.0,0.58,1.0,0.0,0.0,0.0,1.0,0.12588152327221439,-0.08004052684903742,-0.051092777536546466,-0.14705882352941174,-0.07703081232492996,-0.06556665219279195,-0.11204481792717086,0.014473874656245478,0.0350140056022409,0.3589275840108562,0.08559254052155013
svg/g/ellipse_24,0.700024,1.0,-0.5735764363510464,-0.8191520442889916,1.0,0.58,1.0,0.0,0.0,0.0,1.0,0.12552891396332863,-0.08004052684903742,-0.051092777536546466,-0.060224089635854496,0.009803921568627291,-0.06556665219279195,-0.025210084033613602,0.014473874656245478,0.0350140056022409,0.3589275840108562,0.10226501951244514
svg/g/circle_323,0.7503230000000001,1.0,0.8290375725550417,0.5591929034707469,0.9700000000000004,0.59,1.0,0.0,0.0,0.0,1.0,0.12517630465444288,-0.08004052684903742,-0.051092777536546466,0.02661064425770296,0.09663865546218475,-0.06556665219279195,0.061624649859943856,0.014473874656245478,0.0350140056022409,0.3589275840108562,0.08559254052155013
svg/g/circle_322,0.750322,1.0,0.8290375725550417,0.5591929034707469,0.9700000000000004,0.59,1.0,0.0,0.0,0.0,1.0,0.12482369534555712,-0.08004052684903742,-0.051092777536546466,0.11274509803921563,0.1827731092436974,-0.06556665219279195,0.14775910364145653,0.014473874656245478,0.0350140056022409,0.3589275840108562,0.08559254052155013
svg/g/circle_321,0.750321,1.0,0.8480480961564258,0.529919264233205,0.35,0.47,1.0,0.0,0.0,0.0,1.0,0.12447108603667137,-0.08004052684903742,-0.051092777536546466,0.1995798319327731,0.2696078431372549,-0.06556665219279195,0.23459383753501398,0.014473874656245478,0.0350140056022409,0.3589275840108562,0.08559254052155013
svg/g/circle_320,0.75032,1.0,-0.5735764363510464,-0.8191520442889916,1.0,0.58,1.0,0.0,0.0,0.0,1.0,0.12411847672778561,0.05109277753654663,0.08004052684903759,-0.14705882352941174,-0.07703081232492996,0.0655666521927921,-0.11204481792717086,0.014473874656245478,0.0350140056022409,0.3589275840108562,0.08559254052155013
svg/g/ellipse_23,0.7000230000000001,1.0,0.8290375725550417,0.5591929034707469,0.9700000000000004,0.59,1.0,0.0,0.0,0.0,1.0,0.12376586741889986,0.05109277753654663,0.08004052684903759,-0.060224089635854496,0.009803921568627291,0.0655666521927921,-0.025210084033613602,0.014473874656245478,0.0350140056022409,0.3589275840108562,0.10226501951244514
svg/g/circle_319,0.750319,1.0,0.8290375725550417,0.5591929034707469,0.9700000000000004,0.59,1.0,0.0,0.0,0.0,1.0,0.1234132581100141,0.05109277753654663,0.08004052684903759,0.02661064425770296,0.09663865546218475,0.0655666521927921,0.061624649859943856,0.014473874656245478,0.0350140056022409,0.3589275840108562,0.08559254052155013
svg/g/circle_318,0.750318,1.0,0.15643446504023026,0.9876883405951378,0.5800000000000004,0.54,1.0,0.0,0.0,0.0,1.0,0.12306064880112835,0.05109277753654663,0.08004052684903759,0.11274509803921563,0.1827731092436974,0.0655666521927921,0.14775910364145653,0.014473874656245478,0.0350140056022409,0.3589275840108562,0.08559254052155013
svg/g/circle_317,0.750317,1.0,0.8480480961564258,0.529919264233205,0.35,0.47,1.0,0.0,0.0,0.0,1.0,0.1227080394922426,0.05109277753654663,0.08004052684903759,0.1995798319327731,0.2696078431372549,0.0655666521927921,0.23459383753501398,0.014473874656245478,0.0350140056022409,0.3589275840108562,0.08559254052155013
svg/g/circle_316,0.750316,1.0,-0.5735764363510464,-0.8191520442889916,1.0,0.58,1.0,0.0,0.0,0.0,1.0,0.12235543018335684,0.08727746417716033,0.11622521348965129,-0.14705882352941174,-0.07703081232492996,0.1017513388334058,-0.11204481792717086,0.014473874656245478,0.0350140056022409,0.3589275840108562,0.08559254052155013
svg/g/ellipse_22,0.700022,1.0,0.8290375725550417,0.5591929034707469,0.9700000000000004,0.59,1.0,0.0,0.0,0.0,1.0,0.12200282087447109,0.08727746417716033,0.11622521348965129,-0.060224089635854496,0.009803921568627291,0.1017513388334058,-0.025210084033613602,0.014473874656245478,0.0350140056022409,0.3589275840108562,0.10226501951244514
svg/g/circle_315,0.750315,1.0,0.8290375725550417,0.5591929034707469,0.9700000000000004,0.59,1.0,0.0,0.0,0.0,1.0,0.12165021156558534,0.08727746417716033,0.11622521348965129,0.02661064425770296,0.09663865546218475,0.1017513388334058,0.061624649859943856,0.014473874656245478,0.0350140056022409,0.3589275840108562,0.08559254052155013
svg/g/circle_314,0.750314,1.0,0.15643446504023026,0.9876883405951378,0.5800000000000004,0.54,1.0,0.0,0.0,0.0,1.0,0.12129760225669958,0.08727746417716033,0.11622521348965129,0.11274509803921563,0.1827731092436974,0.1017513388334058,0.14775910364145653,0.014473874656245478,0.0350140056022409,0.3589275840108562,0.08559254052155013
svg/g/circle_313,0.750313,1.0,0.8480480961564258,0.529919264233205,0.35,0.47,1.0,0.0,0.0,0.0,1.0,0.12094499294781383,0.08727746417716033,0.11622521348965129,0.1995798319327731,0.2696078431372549,0.1017513388334058,0.23459383753501398,0.014473874656245478,0.0350140056022409,0.3589275840108562,0.08559254052155013
svg/g/circle_312,0.750312,1.0,-0.5735764363510464,-0.8191520442889916,1.0,0.58,1.0,0.0,0.0,0.0,1.0,0.12059238363892807,0.12317267332464904,0.15212042263714,-0.14705882352941174,-0.07703081232492996,0.1376465479808945,-0.11204481792717086,0.014473874656245478,0.0350140056022409,0.3589275840108562,0.08559254052155013
svg/g/ellipse_21,0.700021,1.0,0.8290375725550417,0.5591929034707469,0.9700000000000004,0.59,1.0,0.0,0.0,0.0,1.0,0.12023977433004232,0.12317267332464904,0.15212042263714,-0.060224089635854496,0.009803921568627291,0.1376465479808945,-0.025210084033613602,0.014473874656245478,0.0350140056022409,0.3589275840108562,0.10226501951244514
svg/g/circle_311,0.750311,1.0,0.8290375725550417,0.5591929034707469,0.9700000000000004,0.59,1.0,0.0,0.0,0.0,1.0,0.11988716502115657,0.12317267332464904,0.15212042263714,0.02661064425770296,0.09663865546218475,0.1376465479808945,0.061624649859943856,0.014473874656245478,0.0350140056022409,0.3589275840108562,0.08559254052155013
svg/g/circle_310,0.75031,1.0,0.15643446504023026,0.9876883405951378,0.5800000000000004,0.54,1.0,0.0,0.0,0.0,1.0,0.11953455571227081,0.12317267332464904,0.15212042263714,0.11274509803921563,0.1827731092436974,0.1376465479808945,0.14775910364145653,0.014473874656245478,0.0350140056022409,0.3589275840108562,0.08559254052155013
svg/g/circle_309,0.750309,1.0,0.8480480961564258,0.529919264233205,0.35,0.47,1.0,0.0,0.0,0.0,1.0,0.11918194640338506,0.12317267332464904,0.15212042263714,0.1995798319327731,0.2696078431372549,0.1376465479808945,0.23459383753501398,0.014473874656245478,0.0350140056022409,0.3589275840108562,0.08559254052155013
svg/g/circle_308,0.750308,1.0,-0.5735764363510464,-0.8191520442889916,1.0,0.58,1.0,0.0,0.0,0.0,1.0,0.1188293370944993,0.15877840497901297,0.1877261542915039,-0.14705882352941174,-0.07703081232492996,0.17325227963525844,-0.11204481792717086,0.014473874656245478,0.0350140056022409,0.3589275840108562,0.08559254052155013
svg/g/ellipse_20,0.70002,1.0,0.8290375725550417,0.5591929034707469,0.9700000000000004,0.59,1.0,0.0,0.0,0.0,1.0,0.11847672778561355,0.15877840497901297,0.1877261542915039,-0.060224089635854496,0.009803921568627291,0.17325227963525844,-0.025210084033613602,0.014473874656245478,0.0350140056022409,0.3589275840108562,0.10226501951244514
svg/g/circle_307,0.750307,1.0,0.8290375725550417,0.5591929034707469,0.9700000000000004,0.59,1.0,0.0,0.0,0.0,1.0,0.1181241184767278,0.15877840497901297,0.1877261542915039,0.02661064425770296,0.09663865546218475,0.17325227963525844,0.061624649859943856,0.014473874656245478,0.0350140056022409,0.3589275840108562,0.08559254052155013
svg/g/circle_306,0.750306,1.0,0.15643446504023026,0.9876883405951378,0.5800000000000004,0.54,1.0,0.0,0.0,0.0,1.0,0.11777150916784204,0.15877840497901297,0.1877261542915039,0.11274509803921563,0.1827731092436974,0.17325227963525844,0.14775910364145653,0.014473874656245478,0.0350140056022409,0.3589275840108562,0.08559254052155013
svg/g/circle_305,0.750305,1.0,0.8480480961564258,0.529919264233205,0.35,0.47,1.0,0.0,0.0,0.0,1.0,0.11741889985895629,0.15877840497901297,0.1877261542915039,0.1995798319327731,0.2696078431372549,0.17325227963525844,0.23459383753501398,0.014473874656245478,0.0350140056022409,0.3589275840108562,0.08559254052155013
svg/g/circle_304,0.750304,1.0,-0.5735764363510464,-0.8191520442889916,1.0,0.58,1.0,0.0,0.0,0.0,1.0,0.11706629055007053,0.19467361412650167,0.22362136343899264,-0.14705882352941174,-0.07703081232492996,0.20914748878274714,-0.11204481792717086,0.014473874656245478,0.0350140056022409,0.3589275840108562,0.08559254052155013
svg/g/ellipse_19,0.7000190000000001,1.0,0.8290375725550417,0.5591929034707469,0.9700000000000004,0.59,1.0,0.0,0.0,0.0,1.0,0.11671368124118478,0.19467361412650167,0.22362136343899264,-0.060224089635854496,0.009803921568627291,0.20914748878274714,-0.025210084033613602,0.014473874656245478,0.0350140056022409,0.3589275840108562,0.10226501951244514
svg/g/circle_303,0.7503029999999999,1.0,0.8290375725550417,0.5591929034707469,0.9700000000000004,0.59,1.0,0.0,0.0,0.0,1.0,0.11636107193229903,0.19467361412650167,0.22362136343899264,0.02661064425770296,0.09663865546218475,0.20914748878274714,0.061624649859943856,0.014473874656245478,0.0350140056022409,0.3589275840108562,0.08559254052155013
svg/g/circle_302,0.7503019999999999,1.0,0.15643446504023026,0.9876883405951378,0.5800000000000004,0.54,1.0,0.0,0.0,0.0,1.0,0.11600846262341324,0.19467361412650167,0.22362136343899264,0.11274509803921563,0.1827731092436974,0.20914748878274714,0.14775910364145653,0.014473874656245478,0.0350140056022409,0.3589275840108562,0.08559254052155013
svg/g/circle_301,0.750301,1.0,0.8480480961564258,0.529919264233205,0.35,0.47,1.0,0.0,0.0,0.0,1.0,0.11565585331452749,0.19467361412650167,0.22362136343899264,0.1995798319327731,0.2696078431372549,0.20914748878274714,0.23459383753501398,0.014473874656245478,0.0350140056022409,0.3589275840108562,0.08559254052155013
svg/g/circle_300,0.7503,1.0,-0.5735764363510464,-0.8191520442889916,1.0,0.58,1.0,0.0,0.0,0.0,1.0,0.11530324400564174,0.23085830076711536,0.25980605007960633,-0.14705882352941174,-0.07703081232492996,0.24533217542336083,-0.11204481792717086,0.014473874656245478,0.0350140056022409,0.3589275840108562,0.08559254052155013
svg/g/ellipse_18,0.700018,1.0,0.8290375725550417,0.5591929034707469,0.9700000000000004,0.59,1.0,0.0,0.0,0.0,1.0,0.11495063469675598,0.23085830076711536,0.25980605007960633,-0.060224089635854496,0.009803921568627291,0.24533217542336083,-0.025210084033613602,0.014473874656245478,0.0350140056022409,0.3589275840108562,0.10226501951244514
svg/g/circle_299,0.7502989999999999,1.0,0.8290375725550417,0.5591929034707469,0.9700000000000004,0.59,1.0,0.0,0.0,0.0,1.0,0.11459802538787023,0.23085830076711536,0.25980605007960633,0.02661064425770296,0.09663865546218475,0.24533217542336083,0.061624649859943856,0.014473874656245478,0.0350140056022409,0.3589275840108562,0.08559254052155013
svg/g/circle_298,0.7502979999999999,1.0,0.15643446504023026,0.9876883405951378,0.5800000000000004,0.54,1.0,0.0,0.0,0.0,1.0,0.11424541607898447,0.23085830076711536,0.25980605007960633,0.11274509803921563,0.1827731092436974,0.24533217542336083,0.14775910364145653,0.014473874656245478,0.0350140056022409,0.3589275840108562,0.08559254052155013
svg/g/circle_297,0.7502970000000001,1.0,0.8480480961564258,0.529919264233205,0.35,0.47,1.0,0.0,0.0,0.0,1.0,0.11389280677009872,0.23085830076711536,0.25980605007960633,0.1995798319327731,0.2696078431372549,0.24533217542336083,0.23459383753501398,0.014473874656245478,0.0350140056022409,0.3589275840108562,0.08559254052155013
svg/g/circle_296,0.7502960000000001,1.0,-0.5735764363510464,-0.8191520442889916,1.0,0.58,1.0,0.0,0.0,0.0,1.0,0.11354019746121297,0.2658850774352295,0.29483282674772043,-0.14705882352941174,-0.07703081232492996,0.280358952091475,-0.11204481792717086,0.014473874656245478,0.0350140056022409,0.3589275840108562,0.08559254052155013
svg/g/ellipse_17,0.700017,1.0,0.8290375725550417,0.5591929034707469,0.9700000000000004,0.59,1.0,0.0,0.0,0.0,1.0,0.11318758815232721,0.2658850774352295,0.29483282674772043,-0.060224089635854496,0.009803921568627291,0.280358952091475,-0.025210084033613602,0.014473874656245478,0.0350140056022409,0.3589275840108562,0.10226501951244514
svg/g/circle_295,0.7502949999999999,1.0,0.8290375725550417,0.5591929034707469,0.9700000000000004,0.59,1.0,0.0,0.0,0.0,1.0,0.11283497884344146,0.2658850774352295,0.29483282674772043,0.02661064425770296,0.09663865546218475,0.280358952091475,0.061624649859943856,0.014473874656245478,0.0350140056022409,0.3589275840108562,0.08559254052155013
svg/g/circle_294,0.7502939999999999,1.0,0.15643446504023026,0.9876883405951378,0.5800000000000004,0.54,1.0,0.0,0.0,0.0,1.0,0.1124823695345557,0.2658850774352295,0.29483282674772043,0.11274509803921563,0.1827731092436974,0.280358952091475,0.14775910364145653,0.014473874656245478,0.0350140056022409,0.3589275840108562,0.08559254052155013
svg/g/circle_293,0.7502930000000001,1.0,0.8480480961564258,0.529919264233205,0.35,0.47,1.0,0.0,0.0,0.0,1.0,0.11212976022566995,0.2658850774352295,0.29483282674772043,0.1995798319327731,0.2696078431372549,0.280358952091475,0.23459383753501398,0.014473874656245478,0.0350140056022409,0.3589275840108562,0.08559254052155013
svg/g/circle_292,0.7502920000000001,1.0,-0.5735764363510464,-0.8191520442889916,1.0,0.58,1.0,0.0,0.0,0.0,1.0,0.1117771509167842,0.3017802865827182,0.33072803589520916,-0.14705882352941174,-0.07703081232492996,0.31625416123896366,-0.11204481792717086,0.014473874656245478,0.0350140056022409,0.3589275840108562,0.08559254052155013
svg/g/ellipse_16,0.700016,1.0,0.8290375725550417,0.5591929034707469,0.9700000000000004,0.59,1.0,0.0,0.0,0.0,1.0,0.11142454160789844,0.3017802865827182,0.33072803589520916,-0.060224089635854496,0.009803921568627291,0.31625416123896366,-0.025210084033613602,0.014473874656245478,0.0350140056022409,0.3589275840108562,0.10226501951244514
svg/g/circle_291,0.750291,1.0,0.8290375725550417,0.5591929034707469,0.9700000000000004,0.59,1.0,0.0,0.0,0.0,1.0,0.11107193229901269,0.3017802865827182,0.33072803589520916,0.02661064425770296,0.09663865546218475,0.31625416123896366,0.061624649859943856,0.014473874656245478,0.0350140056022409,0.3589275840108562,0.08559254052155013
svg/g/circle_290,0.75029,1.0,0.15643446504023026,0.9876883405951378,0.5800000000000004,0.54,1.0,0.0,0.0,0.0,1.0,0.11071932299012693,0.3017802865827182,0.33072803589520916,0.11274509803921563,0.1827731092436974,0.31625416123896366,0.14775910364145653,0.014473874656245478,0.0350140056022409,0.3589275840108562,0.08559254052155013
svg/g/circle_289,0.750289,1.0,0.8480480961564258,0.529919264233205,0.35,0.47,1.0,0.0,0.0,0.0,1.0,0.11036671368124118,0.3017802865827182,0.33072803589520916,0.1995798319327731,0.2696078431372549,0.31625416123896366,0.23459383753501398,0.014473874656245478,0.0350140056022409,0.3589275840108562,0.08559254052155013
svg/g/circle_288,0.7502880000000001,1.0,0.9902680687415704,0.13917310096006538,0.88,0.64,1.0,0.0,0.0,0.0,1.0,0.11001410437235543,0.3379649732233319,0.36691272253582286,-0.14705882352941174,-0.07703081232492996,0.35243884787957735,-0.11204481792717086,0.014473874656245478,0.0350140056022409,0.3589275840108562,0.08559254052155013
svg/g/ellipse_15,0.7000149999999999,1.0,0.8290375725550417,0.5591929034707469,0.9700000000000004,0.59,1.0,0.0,0.0,0.0,1.0,0.10966149506346967,0.3379649732233319,0.36691272253582286,-0.060224089635854496,0.009803921568627291,0.35243884787957735,-0.025210084033613602,0.014473874656245478,0.0350140056022409,0.3589275840108562,0.10226501951244514
svg/g/circle_287,0.750287,1.0,0.15643446504023026,0.9876883405951378,0.5800000000000004,0.54,1.0,0.0,0.0,0.0,1.0,0.10930888575458392,0.3379649732233319,0.36691272253582286,0.02661064425770296,0.09663865546218475,0.35243884787957735,0.061624649859943856,0.014473874656245478,0.0350140056022409,0.3589275840108562,0.08559254052155013
svg/g/circle_286,0.750286,1.0,0.15643446504023026,0.9876883405951378,0.5800000000000004,0.54,1.0,0.0,0.0,0.0,1.0,0.10895627644569816,0.3379649732233319,0.36691272253582286,0.11274509803921563,0.1827731092436974,0.35243884787957735,0.14775910364145653,0.014473874656245478,0.0350140056022409,0.3589275840108562,0.08559254052155013
svg/g/circle_285,0.750285,1.0,0.8480480961564258,0.529919264233205,0.35,0.47,1.0,0.0,0.0,0.0,1.0,0.10860366713681241,0.3379649732233319,0.36691272253582286,0.1995798319327731,0.2696078431372549,0.35243884787957735,0.23459383753501398,0.014473874656245478,0.0350140056022409,0.3589275840108562,0.08559254052155013
svg/g/circle_284,0.7502840000000001,1.0,0.9902680687415704,0.13917310096006538,0.88,0.64,1.0,0.0,0.0,0.0,1.0,0.10825105782792666,0.3732812273845708,0.40222897669706176,-0.14705882352941174,-0.07703081232492996,0.3877551020408163,-0.11204481792717086,0.014473874656245478,0.0350140056022409,0.3589275840108562,0.08559254052155013
svg/g/ellipse_14,0.700014,1.0,0.8290375725550417,0.5591929034707469,0.9700000000000004,0.59,1.0,0.0,0.0,0.0,1.0,0.1078984485190409,0.3732812273845708,0.40222897669706176,-0.060224089635854496,0.009803921568627291,0.3877551020408163,-0.025210084033613602,0.014473874656245478,0.0350140056022409,0.3589275840108562,0.10226501951244514
svg/g/circle_283,0.750283,1.0,0.15643446504023026,0.9876883405951378,0.5800000000000004,0.54,1.0,0.0,0.0,0.0,1.0,0.10754583921015515,0.3732812273845708,0.40222897669706176,0.02661064425770296,0.09663865546218475,0.3877551020408163,0.061624649859943856,0.014473874656245478,0.0350140056022409,0.3589275840108562,0.08559254052155013
svg/g/circle_282,0.750282,1.0,0.15643446504023026,0.9876883405951378,0.5800000000000004,0.54,1.0,0.0,0.0,0.0,1.0,0.1071932299012694,0.3732812273845708,0.40222897669706176,0.11274509803921563,0.1827731092436974,0.3877551020408163,0.14775910364145653,0.014473874656245478,0.0350140056022409,0.3589275840108562,0.08559254052155013
svg/g/circle_281,0.750281,1.0,0.9902680687415704,0.13917310096006538,0.88,0.64,1.0,0.0,0.0,0.0,1.0,0.10684062059238364,0.4094659140251845,0.43841366333767545,-0.14705882352941174,-0.07703081232492996,0.42393978868143,-0.11204481792717086,0.014473874656245478,0.0350140056022409,0.3589275840108562,0.08559254052155013
svg/g/ellipse_13,0.700013,1.0,0.8290375725550417,0.5591929034707469,0.9700000000000004,0.59,1.0,0.0,0.0,0.0,1.0,0.10648801128349789,0.4094659140251845,0.43841366333767545,-0.060224089635854496,0.009803921568627291,0.42393978868143,-0.025210084033613602,0.014473874656245478,0.0350140056022409,0.3589275840108562,0.10226501951244514
svg/g/circle_280,0.7502800000000001,1.0,0.15643446504023026,0.9876883405951378,0.5800000000000004,0.54,1.0,0.0,0.0,0.0,1.0,0.10613540197461213,0.4094659140251845,0.43841366333767545,0.02661064425770296,0.09663865546218475,0.42393978868143,0.061624649859943856,0.014473874656245478,0.0350140056022409,0.3589275840108562,0.08559254052155013
svg/g/circle_279,0.750279,1.0,0.15643446504023026,0.9876883405951378,0.5800000000000004,0.54,1.0,0.0,0.0,0.0,1.0,0.10578279266572638,0.4094659140251845,0.43841366333767545,0.11274509803921563,0.1827731092436974,0.42393978868143,0.14775910364145653,0.014473874656245478,0.0350140056022409,0.3589275840108562,0.08559254052155013
svg/g/circle_278,0.750278,1.0,0.9902680687415704,0.13917310096006538,0.88,0.64,1.0,0.0,0.0,0.0,1.0,0.10543018335684062,0.44536112317267323,0.4743088724851642,-0.14705882352941174,-0.07703081232492996,0.45983499782891873,-0.11204481792717086,0.014473874656245478,0.0350140056022409,0.3589275840108562,0.08559254052155013
svg/g/ellipse_12,0.700012,1.0,0.8290375725550417,0.5591929034707469,0.9700000000000004,0.59,1.0,0.0,0.0,0.0,1.0,0.10507757404795487,0.44536112317267323,0.4743088724851642,-0.060224089635854496,0.009803921568627291,0.45983499782891873,-0.025210084033613602,0.014473874656245478,0.0350140056022409,0.3589275840108562,0.10226501951244514
svg/g/circle_277,0.750277,1.0,0.15643446504023026,0.9876883405951378,0.5800000000000004,0.54,1.0,0.0,0.0,0.0,1.0,0.10472496473906912,0.44536112317267323,0.4743088724851642,0.02661064425770296,0.09663865546218475,0.45983499782891873,0.061624649859943856,0.014473874656245478,0.0350140056022409,0.3589275840108562,0.08559254052155013
svg/g/circle_276,0.750276,1.0,0.15643446504023026,0.9876883405951378,0.5800000000000004,0.54,1.0,0.0,0.0,0.0,1.0,0.10437235543018336,0.44536112317267323,0.4743088724851642,0.11274509803921563,0.1827731092436974,0.45983499782891873,0.14775910364145653,0.014473874656245478,0.0350140056022409,0.3589275840108562,0.08559254052155013
svg/g/circle_275,0.750275,1.0,-0.5735764363510464,-0.8191520442889916,1.0,0.58,1.0,0.0,0.0,0.0,1.0,0.10401974612129761,0.5767839050513824,0.6057316543638734,-0.14705882352941174,-0.07703081232492996,0.5912577797076279,-0.11204481792717086,0.014473874656245478,0.0350140056022409,0.3589275840108562,0.08559254052155013
svg/g/ellipse_11,0.7000109999999999,1.0,0.9902680687415704,0.13917310096006538,0.88,0.64,1.0,0.0,0.0,0.0,1.0,0.10366713681241185,0.5767839050513824,0.6057316543638734,-0.060224089635854496,0.009803921568627291,0.5912577797076279,-0.025210084033613602,0.014473874656245478,0.0350140056022409,0.3589275840108562,0.10226501951244514
svg/g/circle_274,0.750274,1.0,0.9902680687415704,0.13917310096006538,0.88,0.64,1.0,0.0,0.0,0.0,1.0,0.1033145275035261,0.5767839050513824,0.6057316543638734,0.02661064425770296,0.09663865546218475,0.5912577797076279,0.061624649859943856,0.014473874656245478,0.0350140056022409,0.3589275840108562,0.08559254052155013
svg/g/circle_273,0.750273,1.0,0.8290375725550417,0.5591929034707469,0.9700000000000004,0.59,1.0,0.0,0.0,0.0,1.0,0.10296191819464035,0.5767839050513824,0.6057316543638734,0.11274509803921563,0.1827731092436974,0.5912577797076279,0.14775910364145653,0.014473874656245478,0.0350140056022409,0.3589275840108562,0.08559254052155013
svg/g/circle_272,0.7502719999999999,1.0,0.15643446504023026,0.9876883405951378,0.5800000000000004,0.54,1.0,0.0,0.0,0.0,1.0,0.10260930888575459,0.5767839050513824,0.6057316543638734,0.1995798319327731,0.2696078431372549,0.5912577797076279,0.23459383753501398,0.014473874656245478,0.0350140056022409,0.3589275840108562,0.08559254052155013
svg/g/circle_271,0.750271,1.0,-0.5735764363510464,-0.8191520442889916,1.0,0.58,1.0,0.0,0.0,0.0,1.0,0.10225669957686884,0.6126791141988711,0.6416268635113621,-0.14705882352941174,-0.07703081232492996,0.6271529888551166,-0.11204481792717086,0.014473874656245478,0.0350140056022409,0.3589275840108562,0.08559254052155013
svg/g/ellipse_10,0.70001,1.0,0.9902680687415704,0.13917310096006538,0.88,0.64,1.0,0.0,0.0,0.0,1.0,0.10190409026798308,0.6126791141988711,0.6416268635113621,-0.060224089635854496,0.009803921568627291,0.6271529888551166,-0.025210084033613602,0.014473874656245478,0.0350140056022409,0.3589275840108562,0.10226501951244514
svg/g/circle_270,0.75027,1.0,0.9902680687415704,0.13917310096006538,0.88,0.64,1.0,0.0,0.0,0.0,1.0,0.10155148095909733,0.6126791141988711,0.6416268635113621,0.02661064425770296,0.09663865546218475,0.6271529888551166,0.061624649859943856,0.014473874656245478,0.0350140056022409,0.3589275840108562,0.08559254052155013
svg/g/circle_269,0.750269,1.0,0.8290375725550417,0.5591929034707469,0.9700000000000004,0.59,1.0,0.0,0.0,0.0,1.0,0.10119887165021157,0.6126791141988711,0.6416268635113621,0.11274509803921563,0.1827731092436974,0.6271529888551166,0.14775910364145653,0.014473874656245478,0.0350140056022409,0.3589275840108562,0.08559254052155013
svg/g/circle_268,0.7502679999999999,1.0,0.8480480961564258,0.529919264233205,0.35,0.47,1.0,0.0,0.0,0.0,1.0,0.10084626234132582,0.6126791141988711,0.6416268635113621,0.1995798319327731,0.2696078431372549,0.6271529888551166,0.23459383753501398,0.014473874656245478,0.0350140056022409,0.3589275840108562,0.08559254052155013
svg/g/circle_267,0.750267,1.0,-0.5735764363510464,-0.8191520442889916,1.0,0.58,1.0,0.0,0.0,0.0,1.0,0.10049365303244007,0.6485743233463599,0.6775220726588508,-0.14705882352941174,-0.07703081232492996,0.6630481980026054,-0.11204481792717086,0.014473874656245478,0.0350140056022409,0.3589275840108562,0.08559254052155013
svg/g/ellipse_9,0.700009,1.0,0.9902680687415704,0.13917310096006538,0.88,0.64,1.0,0.0,0.0,0.0,1.0,0.10014104372355431,0.6485743233463599,0.6775220726588508,-0.060224089635854496,0.009803921568627291,0.6630481980026054,-0.025210084033613602,0.014473874656245478,0.0350140056022409,0.3589275840108562,0.10226501951244514
svg/g/circle_266,0.750266,1.0,0.9902680687415704,0.13917310096006538,0.88,0.64,1.0,0.0,0.0,0.0,1.0,0.09978843441466856,0.6485743233463599,0.6775220726588508,0.02661064425770296,0.09663865546218475,0.6630481980026054,0.061624649859943856,0.014473874656245478,0.0350140056022409,0.3589275840108562,0.08559254052155013
svg/g/circle_265,0.750265,1.0,0.8290375725550417,0.5591929034707469,0.9700000000000004,0.59,1.0,0.0,0.0,0.0,1.0,0.0994358251057828,0.6485743233463599,0.6775220726588508,0.11274509803921563,0.1827731092436974,0.6630481980026054,0.14775910364145653,0.014473874656245478,0.0350140056022409,0.3589275840108562,0.08559254052155013
svg/g/circle_264,0.7502639999999999,1.0,0.8480480961564258,0.529919264233205,0.35,0.47,1.0,0.0,0.0,0.0,1.0,0.09908321579689705,0.6485743233463599,0.6775220726588508,0.1995798319327731,0.2696078431372549,0.6630481980026054,0.23459383753501398,0.014473874656245478,0.0350140056022409,0.3589275840108562,0.08559254052155013
svg/g/circle_263,0.750263,1.0,-0.5735764363510464,-0.8191520442889916,1.0,0.58,1.0,0.0,0.0,0.0,1.0,0.0987306064880113,0.6841800550007237,0.7131278043132145,-0.14705882352941174,-0.07703081232492996,0.698653929656969,-0.11204481792717086,0.014473874656245478,0.0350140056022409,0.3589275840108562,0.08559254052155013
svg/g/ellipse_8,0.700008,1.0,0.9902680687415704,0.13917310096006538,0.88,0.64,1.0,0.0,0.0,0.0,1.0,0.09837799717912554,0.6841800550007237,0.7131278043132145,-0.060224089635854496,0.009803921568627291,0.698653929656969,-0.025210084033613602,0.014473874656245478,0.0350140056022409,0.3589275840108562,0.10226501951244514
svg/g/circle_262,0.750262,1.0,0.9902680687415704,0.13917310096006538,0.88,0.64,1.0,0.0,0.0,0.0,1.0,0.09802538787023976,0.6841800550007237,0.7131278043132145,0.02661064425770296,0.09663865546218475,0.698653929656969,0.061624649859943856,0.014473874656245478,0.0350140056022409,0.3589275840108562,0.08559254052155013
svg/g/circle_261,0.750261,1.0,0.15643446504023026,0.9876883405951378,0.5800000000000004,0.54,1.0,0.0,0.0,0.0,1.0,0.097672778561354,0.6841800550007237,0.7131278043132145,0.11274509803921563,0.1827731092436974,0.698653929656969,0.14775910364145653,0.014473874656245478,0.0350140056022409,0.3589275840108562,0.08559254052155013
svg/g/circle_260,0.7502599999999999,1.0,0.8480480961564258,0.529919264233205,0.35,0.47,1.0,0.0,0.0,0.0,1.0,0.09732016925246825,0.6841800550007237,0.7131278043132145,0.1995798319327731,0.2696078431372549,0.698653929656969,0.23459383753501398,0.014473874656245478,0.0350140056022409,0.3589275840108562,0.08559254052155013
svg/g/circle_259,0.7502589999999999,1.0,-0.5735764363510464,-0.8191520442889916,1.0,0.58,1.0,0.0,0.0,0.0,1.0,0.0969675599435825,0.7203647416413373,0.7493124909538282,-0.14705882352941174,-0.07703081232492996,0.7348386162975827,-0.11204481792717086,0.014473874656245478,0.0350140056022409,0.3589275840108562,0.08559254052155013
svg/g/ellipse_7,0.7000069999999999,1.0,0.9902680687415704,0.13917310096006538,0.88,0.64,1.0,0.0,0.0,0.0,1.0,0.09661495063469674,0.7203647416413373,0.7493124909538282,-0.060224089635854496,0.009803921568627291,0.7348386162975827,-0.025210084033613602,0.014473874656245478,0.0350140056022409,0.3589275840108562,0.10226501951244514
svg/g/circle_258,0.7502580000000001,1.0,0.9902680687415704,0.13917310096006538,0.88,0.64,1.0,0.0,0.0,0.0,1.0,0.09626234132581099,0.7203647416413373,0.7493124909538282,0.02661064425770296,0.09663865546218475,0.7348386162975827,0.061624649859943856,0.014473874656245478,0.0350140056022409,0.3589275840108562,0.08559254052155013
svg/g/circle_257,0.750257,1.0,0.15643446504023026,0.9876883405951378,0.5800000000000004,0.54,1.0,0.0,0.0,0.0,1.0,0.09590973201692524,0.7203647416413373,0.7493124909538282,0.11274509803921563,0.1827731092436974,0.7348386162975827,0.14775910364145653,0.014473874656245478,0.0350140056022409,0.3589275840108562,0.08559254052155013
svg/g/circle_256,0.7502559999999999,1.0,0.8480480961564258,0.529919264233205,0.35,0.47,1.0,0.0,0.0,0.0,1.0,0.09555712270803948,0.7203647416413373,0.7493124909538282,0.1995798319327731,0.2696078431372549,0.7348386162975827,0.23459383753501398,0.014473874656245478,0.0350140056022409,0.3589275840108562,0.08559254052155013
svg/g/circle_255,0.7502549999999999,1.0,-0.5735764363510464,-0.8191520442889916,1.0,0.58,1.0,0.0,0.0,0.0,1.0,0.09520451339915373,0.7562599507888264,0.7852077001013174,-0.14705882352941174,-0.07703081232492996,0.7707338254450719,-0.11204481792717086,0.014473874656245478,0.0350140056022409,0.3589275840108562,0.08559254052155013
svg/g/ellipse_6,0.700006,1.0,0.9902680687415704,0.13917310096006538,0.88,0.64,1.0,0.0,0.0,0.0,1.0,0.09485190409026797,0.7562599507888264,0.7852077001013174,-0.060224089635854496,0.009803921568627291,0.7707338254450719,-0.025210084033613602,0.014473874656245478,0.0350140056022409,0.3589275840108562,0.10226501951244514
svg/g/circle_254,0.7502540000000001,1.0,0.9902680687415704,0.13917310096006538,0.88,0.64,1.0,0.0,0.0,0.0,1.0,0.09449929478138222,0.7562599507888264,0.7852077001013174,0.02661064425770296,0.09663865546218475,0.7707338254450719,0.061624649859943856,0.014473874656245478,0.0350140056022409,0.3589275840108562,0.08559254052155013
svg/g/circle_253,0.7502530000000001,1.0,0.15643446504023026,0.9876883405951378,0.5800000000000004,0.54,1.0,0.0,0.0,0.0,1.0,0.09414668547249647,0.7562599507888264,0.7852077001013174,0.11274509803921563,0.1827731092436974,0.7707338254450719,0.14775910364145653,0.014473874656245478,0.0350140056022409,0.3589275840108562,0.08559254052155013
svg/g/circle_252,0.750252,1.0,0.8480480961564258,0.529919264233205,0.35,0.47,1.0,0.0,0.0,0.0,1.0,0.09379407616361071,0.7562599507888264,0.7852077001013174,0.1995798319327731,0.2696078431372549,0.7707338254450719,0.23459383753501398,0.014473874656245478,0.0350140056022409,0.3589275840108562,0.08559254052155013
svg/g/circle_251,0.750251,1.0,-0.5735764363510464,-0.8191520442889916,1.0,0.58,1.0,0.0,0.0,0.0,1.0,0.09344146685472496,0.7912867274569402,0.8202344767694311,-0.14705882352941174,-0.07703081232492996,0.8057606021131857,-0.11204481792717086,0.014473874656245478,0.0350140056022409,0.3589275840108562,0.08559254052155013
svg/g/ellipse_5,0.700005,1.0,0.9902680687415704,0.13917310096006538,0.88,0.64,1.0,0.0,0.0,0.0,1.0,0.0930888575458392,0.7912867274569402,0.8202344767694311,-0.060224089635854496,0.009803921568627291,0.8057606021131857,-0.025210084033613602,0.014473874656245478,0.0350140056022409,0.3589275840108562,0.10226501951244514
svg/g/circle_250,0.7502500000000001,1.0,0.9902680687415704,0.13917310096006538,0.88,0.64,1.0,0.0,0.0,0.0,1.0,0.09273624823695345,0.7912867274569402,0.8202344767694311,0.02661064425770296,0.09663865546218475,0.8057606021131857,0.061624649859943856,0.014473874656245478,0.0350140056022409,0.3589275840108562,0.08559254052155013
svg/g/circle_249,0.750249,1.0,0.15643446504023026,0.9876883405951378,0.5800000000000004,0.54,1.0,0.0,0.0,0.0,1.0,0.0923836389280677,0.7912867274569402,0.8202344767694311,0.11274509803921563,0.1827731092436974,0.8057606021131857,0.14775910364145653,0.014473874656245478,0.0350140056022409,0.3589275840108562,0.08559254052155013
svg/g/circle_248,0.750248,1.0,0.8480480961564258,0.529919264233205,0.35,0.47,1.0,0.0,0.0,0.0,1.0,0.09203102961918194,0.7912867274569402,0.8202344767694311,0.1995798319327731,0.2696078431372549,0.8057606021131857,0.23459383753501398,0.014473874656245478,0.0350140056022409,0.3589275840108562,0.08559254052155013
svg/g/circle_247,0.750247,1.0,-0.5735764363510464,-0.8191520442889916,1.0,0.58,1.0,0.0,0.0,0.0,1.0,0.09167842031029619,0.8274714140975539,0.8564191634100448,-0.14705882352941174,-0.07703081232492996,0.8419452887537994,-0.11204481792717086,0.014473874656245478,0.0350140056022409,0.3589275840108562,0.08559254052155013
svg/g/ellipse_4,0.700004,1.0,0.9902680687415704,0.13917310096006538,0.88,0.64,1.0,0.0,0.0,0.0,1.0,0.09132581100141043,0.8274714140975539,0.8564191634100448,-0.060224089635854496,0.009803921568627291,0.8419452887537994,-0.025210084033613602,0.014473874656245478,0.0350140056022409,0.3589275840108562,0.10226501951244514
svg/g/circle_246,0.7502460000000001,1.0,0.9902680687415704,0.13917310096006538,0.88,0.64,1.0,0.0,0.0,0.0,1.0,0.09097320169252468,0.8274714140975539,0.8564191634100448,0.02661064425770296,0.09663865546218475,0.8419452887537994,0.061624649859943856,0.014473874656245478,0.0350140056022409,0.3589275840108562,0.08559254052155013
svg/g/circle_245,0.750245,1.0,0.15643446504023026,0.9876883405951378,0.5800000000000004,0.54,1.0,0.0,0.0,0.0,1.0,0.09062059238363893,0.8274714140975539,0.8564191634100448,0.11274509803921563,0.1827731092436974,0.8419452887537994,0.14775910364145653,0.014473874656245478,0.0350140056022409,0.3589275840108562,0.08559254052155013
svg/g/circle_244,0.750244,1.0,0.8480480961564258,0.529919264233205,0.35,0.47,1.0,0.0,0.0,0.0,1.0,0.09026798307475317,0.8274714140975539,0.8564191634100448,0.1995798319327731,0.2696078431372549,0.8419452887537994,0.23459383753501398,0.014473874656245478,0.0350140056022409,0.3589275840108562,0.08559254052155013
svg/g/circle_243,0.750243,1.0,-0.5735764363510464,-0.8191520442889916,1.0,0.58,1.0,0.0,0.0,0.0,1.0,0.08991537376586742,0.8633666232450429,0.8923143725575339,-0.14705882352941174,-0.07703081232492996,0.8778404979012884,-0.11204481792717086,0.014473874656245478,0.0350140056022409,0.3589275840108562,0.08559254052155013
svg/g/ellipse_3,0.7000029999999999,1.0,0.9902680687415704,0.13917310096006538,0.88,0.64,1.0,0.0,0.0,0.0,1.0,0.08956276445698166,0.8633666232450429,0.8923143725575339,-0.060224089635854496,0.009803921568627291,0.8778404979012884,-0.025210084033613602,0.014473874656245478,0.0350140056022409,0.3589275840108562,0.10226501951244514
svg/g/circle_242,0.750242,1.0,0.9902680687415704,0.13917310096006538,0.88,0.64,1.0,0.0,0.0,0.0,1.0,0.08921015514809591,0.8633666232450429,0.8923143725575339,0.02661064425770296,0.09663865546218475,0.8778404979012884,0.061624649859943856,0.014473874656245478,0.0350140056022409,0.3589275840108562,0.08559254052155013
svg/g/circle_241,0.750241,1.0,0.15643446504023026,0.9876883405951378,0.5800000000000004,0.54,1.0,0.0,0.0,0.0,1.0,0.08885754583921016,0.8633666232450429,0.8923143725575339,0.11274509803921563,0.1827731092436974,0.8778404979012884,0.14775910364145653,0.014473874656245478,0.0350140056022409,0.3589275840108562,0.08559254052155013
svg/g/circle_240,0.75024,1.0,0.9902680687415704,0.13917310096006538,0.88,0.64,1.0,0.0,0.0,0.0,1.0,0.0885049365303244,0.8989723548994066,0.9279201042118976,-0.14705882352941174,-0.07703081232492996,0.9134462295556521,-0.11204481792717086,0.014473874656245478,0.0350140056022409,0.3589275840108562,0.08559254052155013
svg/g/ellipse_2,0.700002,1.0,0.9902680687415704,0.13917310096006538,0.88,0.64,1.0,0.0,0.0,0.0,1.0,0.08815232722143865,0.8989723548994066,0.9279201042118976,-0.060224089635854496,0.009803921568627291,0.9134462295556521,-0.025210084033613602,0.014473874656245478,0.0350140056022409,0.3589275840108562,0.10226501951244514
svg/g/circle_239,0.750239,1.0,0.9902680687415704,0.13917310096006538,0.88,0.64,1.0,0.0,0.0,0.0,1.0,0.0877997179125529,0.8989723548994066,0.9279201042118976,0.02661064425770296,0.09663865546218475,0.9134462295556521,0.061624649859943856,0.014473874656245478,0.0350140056022409,0.3589275840108562,0.08559254052155013
svg/g/circle_238,0.750238,1.0,0.15643446504023026,0.9876883405951378,0.5800000000000004,0.54,1.0,0.0,0.0,0.0,1.0,0.08744710860366714,0.8989723548994066,0.9279201042118976,0.11274509803921563,0.1827731092436974,0.9134462295556521,0.14775910364145653,0.014473874656245478,0.0350140056022409,0.3589275840108562,0.08559254052155013
svg/g/circle_237,0.750237,1.0,0.9902680687415704,0.13917310096006538,0.88,0.64,1.0,0.0,0.0,0.0,1.0,0.08709449929478139,0.9348675640468953,0.9638153133593863,-0.14705882352941174,-0.07703081232492996,0.9493414387031408,-0.11204481792717086,0.014473874656245478,0.0350140056022409,0.3589275840108562,0.08559254052155013
svg/g/ellipse_1,0.700001,1.0,0.9902680687415704,0.13917310096006538,0.88,0.64,1.0,0.0,0.0,0.0,1.0,0.08674188998589563,0.9348675640468953,0.9638153133593863,-0.060224089635854496,0.009803921568627291,0.9493414387031408,-0.025210084033613602,0.014473874656245478,0.0350140056022409,0.3589275840108562,0.10226501951244514
svg/g/circle_236,0.750236,1.0,0.9902680687415704,0.13917310096006538,0.88,0.64,1.0,0.0,0.0,0.0,1.0,0.08638928067700988,0.9348675640468953,0.9638153133593863,0.02661064425770296,0.09663865546218475,0.9493414387031408,0.061624649859943856,0.014473874656245478,0.0350140056022409,0.3589275840108562,0.08559254052155013
svg/g/circle_235,0.750235,1.0,0.15643446504023026,0.9876883405951378,0.5800000000000004,0.54,1.0,0.0,0.0,0.0,1.0,0.08603667136812412,0.9348675640468953,0.9638153133593863,0.11274509803921563,0.1827731092436974,0.9493414387031408,0.14775910364145653,0.014473874656245478,0.0350140056022409,0.3589275840108562,0.08559254052155013
svg/g/circle_234,0.750234,1.0,0.9902680687415704,0.13917310096006538,0.88,0.64,1.0,0.0,0.0,0.0,1.0,0.08568406205923837,0.971052250687509,1.0,-0.14705882352941174,-0.07703081232492996,0.9855261253437545,-0.11204481792717086,0.014473874656245478,0.0350140056022409,0.3589275840108562,0.08559254052155013
svg/g/ellipse,0.7,1.0,0.9902680687415704,0.13917310096006538,0.88,0.64,1.0,0.0,0.0,0.0,1.0,0.08533145275035262,0.971052250687509,1.0,-0.060224089635854496,0.009803921568627291,0.9855261253437545,-0.025210084033613602,0.014473874656245478,0.0350140056022409,0.3589275840108562,0.10226501951244514
svg/g/circle_233,0.750233,1.0,0.9902680687415704,0.13917310096006538,0.88,0.64,1.0,0.0,0.0,0.0,1.0,0.08497884344146686,0.971052250687509,1.0,0.02661064425770296,0.09663865546218475,0.9855261253437545,0.061624649859943856,0.014473874656245478,0.0350140056022409,0.3589275840108562,0.08559254052155013
svg/g/circle_232,0.750232,1.0,0.15643446504023026,0.9876883405951378,0.5800000000000004,0.54,1.0,0.0,0.0,0.0,1.0,0.08462623413258111,0.971052250687509,1.0,0.11274509803921563,0.1827731092436974,0.9855261253437545,0.14775910364145653,0.014473874656245478,0.0350140056022409,0.3589275840108562,0.08559254052155013
svg/g/g_18/path_22,0.900022,1.0,1.0,0.0,0.0,0.36,1.0,0.0,0.0,0.0,1.0,0.20927362482369535,-0.9985526125343754,-0.9722101606600086,-0.26610644257703087,-0.2023809523809526,-0.985381386597192,-0.2342436974789917,0.013171225937183376,0.031862745098039144,0.0,0.10697684720931279
svg/g/g_18/path_21,0.900021,1.0,1.0,0.0,0.0,0.36,1.0,0.0,0.0,0.0,1.0,0.17802362482369535,-0.9687364307425097,-0.9432624113475176,-0.2640056022408965,-0.20168067226890762,-0.9559994210450138,-0.23284313725490205,0.012737009697496037,0.031162464985994367,0.0,0.10583540880118858
svg/g/g_18/path_20,0.9000199999999999,1.0,1.0,0.0,0.0,0.36,1.0,0.0,0.0,0.0,1.0,0.14677362482369535,-0.938920248950644,-0.9131567520625271,-0.2619047619047619,-0.20448179271708694,-0.9260385005065855,-0.23319327731092443,0.012881748444058483,0.028711484593837544,0.0,0.11156877104839384
svg/g/g_18/path_19,0.900019,1.0,1.0,0.0,0.0,0.36,1.0,0.0,0.0,0.0,1.0,0.11552362482369535,-0.9093935446519033,-0.8839195252569112,-0.26120448179271716,-0.20658263305322128,-0.8966565349544073,-0.23389355742296922,0.012737009697496016,0.027310924369747937,0.0,0.10740286490196599
svg/g/g_17/path_18,0.900018,1.0,1.0,0.0,0.0,0.36,1.0,0.0,0.0,0.0,1.0,0.2089210155148096,-0.4725720075264148,-0.44536112317267335,-0.26610644257703087,-0.20168067226890782,-0.45896656534954405,-0.2338935574229694,0.013605442176870756,0.03221288515406153,0.0,0.11750807642470731
svg/g/g_17/path_17,0.900017,1.0,1.0,0.0,0.0,0.36,1.0,0.0,0.0,0.0,1.0,0.1776710155148096,-0.4407294832826748,-0.4161238963670575,-0.26400560224089614,-0.20448179271708675,-0.42842668982486615,-0.23424369747899149,0.012302793457808615,0.029761904761904708,0.0,0.10374666102287157
svg/g/g_17/path_16,0.9000159999999999,1.0,1.0,0.0,0.0,0.36,1.0,0.0,0.0,0.0,1.0,0.1464210155148096,-0.4135185989289333,-0.3863077145751917,-0.2626050420168071,-0.20098039215686284,-0.39991315675206246,-0.23179271708683477,0.013605442176870841,0.030812324929972077,0.0,0.11531128953063105
svg/g/g_16/path_15,0.9000149999999999,1.0,1.0,0.0,0.0,0.36,1.0,0.0,0.0,0.0,1.0,0.20856840620592385,0.051382255029671774,0.07859313938341304,-0.26610644257703087,-0.20168067226890782,0.06498769720654216,-0.2338935574229694,0.013605442176870713,0.03221288515406153,0.0,0.11753370680266828
svg/g/g_16/path_14,0.9000140000000001,1.0,1.0,0.0,0.0,0.36,1.0,0.0,0.0,0.0,1.0,0.17731840620592385,0.0814879143146623,0.10811984368215379,-0.265406162464986,-0.2030812324929974,0.09480387899840821,-0.2342436974789917,0.01331596468374574,0.031162464985994367,0.0,0.10092338977891391
svg/g/g_15/path_13,0.900013,1.0,1.0,0.0,0.0,0.36,1.0,0.0,0.0,0.0,1.0,0.2082157968970381,0.5759154725720078,0.6028368794326243,-0.26470588235294124,-0.2030812324929974,0.5893761760023161,-0.2338935574229694,0.013460703430308231,0.030812324929971976,0.0,0.10637871163561897
svg/g/g_15/path_12,0.9000119999999999,1.0,1.0,0.0,0.0,0.36,1.0,0.0,0.0,0.0,1.0,0.1769657968970381,0.606310609350123,0.6312056737588649,-0.265406162464986,-0.20028011204481808,0.618758141554494,-0.23284313725490213,0.01244753220437098,0.032563025210084015,0.0,0.11367488416490754
svg/g/g_15/path_11,0.9000109999999999,1.0,1.0,0.0,0.0,0.36,1.0,0.0,0.0,0.0,1.0,0.1457157968970381,0.6352583586626139,0.6621797655232304,-0.26610644257703087,-0.2030812324929974,0.6487190620929222,-0.2345938375350142,0.013460703430308231,0.03151260504201676,0.0,0.11452697545484569
svg/g/circle_231,0.750231,1.0,-0.5735764363510464,-0.8191520442889916,1.0,0.58,1.0,0.0,0.0,0.0,1.0,0.08286318758815234,-1.0,-0.971052250687509,-0.8774509803921569,-0.8074229691876751,-0.9855261253437545,-0.842436974789916,0.014473874656245478,0.0350140056022409,0.3589275840108562,0.08559254052155013
svg/g/circle_230,0.75023,1.0,-0.5735764363510464,-0.8191520442889916,1.0,0.58,1.0,0.0,0.0,0.0,1.0,0.08251057827926658,-1.0,-0.971052250687509,-0.7906162464985994,-0.7205882352941176,-0.9855261253437545,-0.7556022408963585,0.014473874656245478,0.0350140056022409,0.3589275840108562,0.08559254052155013
svg/g/circle_229,0.750229,1.0,0.9902680687415704,0.13917310096006538,0.88,0.64,1.0,0.0,0.0,0.0,1.0,0.08215796897038083,-1.0,-0.971052250687509,-0.7037815126050421,-0.6337535014005603,-0.9855261253437545,-0.6687675070028012,0.014473874656245478,0.0350140056022409,0.3589275840108562,0.08559254052155013
svg/g/circle_228,0.750228,1.0,0.8290375725550417,0.5591929034707469,0.9700000000000004,0.59,1.0,0.0,0.0,0.0,1.0,0.08180535966149508,-1.0,-0.971052250687509,-0.6176470588235294,-0.5476190476190477,-0.9855261253437545,-0.5826330532212886,0.014473874656245478,0.0350140056022409,0.3589275840108562,0.08559254052155013
svg/g/circle_227,0.750227,1.0,0.15643446504023026,0.9876883405951378,0.5800000000000004,0.54,1.0,0.0,0.0,0.0,1.0,0.08145275035260932,-1.0,-0.971052250687509,-0.530812324929972,-0.4607843137254902,-0.9855261253437545,-0.4957983193277311,0.014473874656245478,0.0350140056022409,0.3589275840108562,0.08559254052155013
svg/g/circle_226,0.750226,1.0,-0.5735764363510464,-0.8191520442889916,1.0,0.58,1.0,0.0,0.0,0.0,1.0,0.08110014104372357,-0.9641047908525113,-0.9351570415400203,-0.8774509803921569,-0.8074229691876751,-0.9496309161962658,-0.842436974789916,0.014473874656245478,0.0350140056022409,0.3589275840108562,0.08559254052155013
svg/g/circle_225,0.7502249999999999,1.0,-0.5735764363510464,-0.8191520442889916,1.0,0.58,1.0,0.0,0.0,0.0,1.0,0.08074753173483781,-0.9641047908525113,-0.9351570415400203,-0.7906162464985994,-0.7205882352941176,-0.9496309161962658,-0.7556022408963585,0.014473874656245478,0.0350140056022409,0.3589275840108562,0.08559254052155013
svg/g/circle_224,0.750224,1.0,0.9902680687415704,0.13917310096006538,0.88,0.64,1.0,0.0,0.0,0.0,1.0,0.08039492242595206,-0.9641047908525113,-0.9351570415400203,-0.7037815126050421,-0.6337535014005603,-0.9496309161962658,-0.6687675070028012,0.014473874656245478,0.0350140056022409,0.3589275840108562,0.08559254052155013
svg/g/circle_223,0.750223,1.0,0.8290375725550417,0.5591929034707469,0.9700000000000004,0.59,1.0,0.0,0.0,0.0,1.0,0.08004231311706628,-0.9641047908525113,-0.9351570415400203,-0.6176470588235294,-0.5476190476190477,-0.9496309161962658,-0.5826330532212886,0.014473874656245478,0.0350140056022409,0.3589275840108562,0.08559254052155013
svg/g/circle_222,0.7502219999999999,1.0,0.15643446504023026,0.9876883405951378,0.5800000000000004,0.54,1.0,0.0,0.0,0.0,1.0,0.07968970380818052,-0.9641047908525113,-0.9351570415400203,-0.530812324929972,-0.4607843137254902,-0.9496309161962658,-0.4957983193277311,0.014473874656245478,0.0350140056022409,0.3589275840108562,0.08559254052155013
svg/g/circle_221,0.7502209999999999,1.0,-0.5735764363510464,-0.8191520442889916,1.0,0.58,1.0,0.0,0.0,0.0,1.0,0.07933709449929477,-0.9279201042118976,-0.8989723548994066,-0.8774509803921569,-0.8074229691876751,-0.9134462295556521,-0.842436974789916,0.014473874656245478,0.0350140056022409,0.3589275840108562,0.08559254052155013
svg/g/circle_220,0.7502200000000001,1.0,-0.5735764363510464,-0.8191520442889916,1.0,0.58,1.0,0.0,0.0,0.0,1.0,0.07898448519040902,-0.9279201042118976,-0.8989723548994066,-0.7906162464985994,-0.7205882352941176,-0.9134462295556521,-0.7556022408963585,0.014473874656245478,0.0350140056022409,0.3589275840108562,0.08559254052155013
svg/g/circle_219,0.750219,1.0,0.9902680687415704,0.13917310096006538,0.88,0.64,1.0,0.0,0.0,0.0,1.0,0.07863187588152326,-0.9279201042118976,-0.8989723548994066,-0.7037815126050421,-0.6337535014005603,-0.9134462295556521,-0.6687675070028012,0.014473874656245478,0.0350140056022409,0.3589275840108562,0.08559254052155013
svg/g/circle_218,0.7502179999999999,1.0,0.8290375725550417,0.5591929034707469,0.9700000000000004,0.59,1.0,0.0,0.0,0.0,1.0,0.07827926657263751,-0.9279201042118976,-0.8989723548994066,-0.6176470588235294,-0.5476190476190477,-0.9134462295556521,-0.5826330532212886,0.014473874656245478,0.0350140056022409,0.3589275840108562,0.08559254052155013
svg/g/circle_217,0.7502169999999999,1.0,0.15643446504023026,0.9876883405951378,0.5800000000000004,0.54,1.0,0.0,0.0,0.0,1.0,0.07792665726375175,-0.9279201042118976,-0.8989723548994066,-0.530812324929972,-0.4607843137254902,-0.9134462295556521,-0.4957983193277311,0.014473874656245478,0.0350140056022409,0.3589275840108562,0.08559254052155013
svg/g/circle_216,0.7502160000000001,1.0,-0.5735764363510464,-0.8191520442889916,1.0,0.58,1.0,0.0,0.0,0.0,1.0,0.077574047954866,-0.8923143725575337,-0.8633666232450428,-0.8774509803921569,-0.8074229691876751,-0.8778404979012882,-0.842436974789916,0.014473874656245478,0.0350140056022409,0.3589275840108562,0.08559254052155013
svg/g/circle_215,0.7502150000000001,1.0,-0.5735764363510464,-0.8191520442889916,1.0,0.58,1.0,0.0,0.0,0.0,1.0,0.07722143864598024,-0.8923143725575337,-0.8633666232450428,-0.7906162464985994,-0.7205882352941176,-0.8778404979012882,-0.7556022408963585,0.014473874656245478,0.0350140056022409,0.3589275840108562,0.08559254052155013
svg/g/circle_214,0.750214,1.0,0.9902680687415704,0.13917310096006538,0.88,0.64,1.0,0.0,0.0,0.0,1.0,0.07686882933709449,-0.8923143725575337,-0.8633666232450428,-0.7037815126050421,-0.6337535014005603,-0.8778404979012882,-0.6687675070028012,0.014473874656245478,0.0350140056022409,0.3589275840108562,0.08559254052155013
svg/g/circle_213,0.750213,1.0,0.8290375725550417,0.5591929034707469,0.9700000000000004,0.59,1.0,0.0,0.0,0.0,1.0,0.07651622002820874,-0.8923143725575337,-0.8633666232450428,-0.6176470588235294,-0.5476190476190477,-0.8778404979012882,-0.5826330532212886,0.014473874656245478,0.0350140056022409,0.3589275840108562,0.08559254052155013
svg/g/circle_212,0.7502119999999999,1.0,0.15643446504023026,0.9876883405951378,0.5800000000000004,0.54,1.0,0.0,0.0,0.0,1.0,0.07616361071932298,-0.8923143725575337,-0.8633666232450428,-0.530812324929972,-0.4607843137254902,-0.8778404979012882,-0.4957983193277311,0.014473874656245478,0.0350140056022409,0.3589275840108562,0.08559254052155013
svg/g/circle_211,0.7502110000000001,1.0,-0.5735764363510464,-0.8191520442889916,1.0,0.58,1.0,0.0,0.0,0.0,1.0,0.07581100141043723,-0.856419163410045,-0.827471414097554,-0.8774509803921569,-0.8074229691876751,-0.8419452887537995,-0.842436974789916,0.014473874656245478,0.0350140056022409,0.3589275840108562,0.08559254052155013
svg/g/circle_210,0.75021,1.0,-0.5735764363510464,-0.8191520442889916,1.0,0.58,1.0,0.0,0.0,0.0,1.0,0.07545839210155147,-0.856419163410045,-0.827471414097554,-0.7906162464985994,-0.7205882352941176,-0.8419452887537995,-0.7556022408963585,0.014473874656245478,0.0350140056022409,0.3589275840108562,0.08559254052155013
svg/g/circle_209,0.750209,1.0,0.9902680687415704,0.13917310096006538,0.88,0.64,1.0,0.0,0.0,0.0,1.0,0.07510578279266572,-0.856419163410045,-0.827471414097554,-0.7037815126050421,-0.6337535014005603,-0.8419452887537995,-0.6687675070028012,0.014473874656245478,0.0350140056022409,0.3589275840108562,0.08559254052155013
svg/g/circle_208,0.750208,1.0,0.8290375725550417,0.5591929034707469,0.9700000000000004,0.59,1.0,0.0,0.0,0.0,1.0,0.07475317348377997,-0.856419163410045,-0.827471414097554,-0.6176470588235294,-0.5476190476190477,-0.8419452887537995,-0.5826330532212886,0.014473874656245478,0.0350140056022409,0.3589275840108562,0.08559254052155013
svg/g/circle_207,0.7502070000000001,1.0,0.8480480961564258,0.529919264233205,0.35,0.47,1.0,0.0,0.0,0.0,1.0,0.07440056417489421,-0.856419163410045,-0.827471414097554,-0.530812324929972,-0.4607843137254902,-0.8419452887537995,-0.4957983193277311,0.014473874656245478,0.0350140056022409,0.3589275840108562,0.08559254052155013
svg/g/circle_206,0.750206,1.0,-0.5735764363510464,-0.8191520442889916,1.0,0.58,1.0,0.0,0.0,0.0,1.0,0.07404795486600846,-0.8205239542625561,-0.7915762049500651,-0.8774509803921569,-0.8074229691876751,-0.8060500796063106,-0.842436974789916,0.014473874656245478,0.0350140056022409,0.3589275840108562,0.08559254052155013
svg/g/circle_205,0.750205,1.0,0.9902680687415704,0.13917310096006538,0.88,0.64,1.0,0.0,0.0,0.0,1.0,0.0736953455571227,-0.8205239542625561,-0.7915762049500651,-0.7906162464985994,-0.7205882352941176,-0.8060500796063106,-0.7556022408963585,0.014473874656245478,0.0350140056022409,0.3589275840108562,0.08559254052155013
svg/g/circle_204,0.750204,1.0,0.9902680687415704,0.13917310096006538,0.88,0.64,1.0,0.0,0.0,0.0,1.0,0.07334273624823695,-0.8205239542625561,-0.7915762049500651,-0.7037815126050421,-0.6337535014005603,-0.8060500796063106,-0.6687675070028012,0.014473874656245478,0.0350140056022409,0.3589275840108562,0.08559254052155013
svg/g/circle_203,0.7502030000000001,1.0,0.8290375725550417,0.5591929034707469,0.9700000000000004,0.59,1.0,0.0,0.0,0.0,1.0,0.0729901269393512,-0.8205239542625561,-0.7915762049500651,-0.6176470588235294,-0.5476190476190477,-0.8060500796063106,-0.5826330532212886,0.014473874656245478,0.0350140056022409,0.3589275840108562,0.08559254052155013
svg/g/circle_202,0.750202,1.0,0.8480480961564258,0.529919264233205,0.35,0.47,1.0,0.0,0.0,0.0,1.0,0.07263751763046544,-0.8205239542625561,-0.7915762049500651,-0.530812324929972,-0.4607843137254902,-0.8060500796063106,-0.4957983193277311,0.014473874656245478,0.0350140056022409,0.3589275840108562,0.08559254052155013
svg/g/circle_201,0.750201,1.0,-0.5735764363510464,-0.8191520442889916,1.0,0.58,1.0,0.0,0.0,0.0,1.0,0.07228490832157969,-0.7852077001013171,-0.7562599507888262,-0.8774509803921569,-0.8074229691876751,-0.7707338254450716,-0.842436974789916,0.014473874656245478,0.0350140056022409,0.3589275840108562,0.08559254052155013
svg/g/circle_200,0.7502,1.0,0.9902680687415704,0.13917310096006538,0.88,0.64,1.0,0.0,0.0,0.0,1.0,0.07193229901269393,-0.7852077001013171,-0.7562599507888262,-0.7906162464985994,-0.7205882352941176,-0.7707338254450716,-0.7556022408963585,0.014473874656245478,0.0350140056022409,0.3589275840108562,0.08559254052155013
svg/g/circle_199,0.7501990000000001,1.0,0.9902680687415704,0.13917310096006538,0.88,0.64,1.0,0.0,0.0,0.0,1.0,0.07157968970380818,-0.7852077001013171,-0.7562599507888262,-0.7037815126050421,-0.6337535014005603,-0.7707338254450716,-0.6687675070028012,0.014473874656245478,0.0350140056022409,0.3589275840108562,0.08559254052155013
svg/g/circle_198,0.750198,1.0,0.8290375725550417,0.5591929034707469,0.9700000000000004,0.59,1.0,0.0,0.0,0.0,1.0,0.07122708039492243,-0.7852077001013171,-0.7562599507888262,-0.6176470588235294,-0.5476190476190477,-0.7707338254450716,-0.5826330532212886,0.014473874656245478,0.0350140056022409,0.3589275840108562,0.08559254052155013
svg/g/circle_197,0.750197,1.0,0.8480480961564258,0.529919264233205,0.35,0.47,1.0,0.0,0.0,0.0,1.0,0.07087447108603667,-0.7852077001013171,-0.7562599507888262,-0.530812324929972,-0.4607843137254902,-0.7707338254450716,-0.4957983193277311,0.014473874656245478,0.0350140056022409,0.3589275840108562,0.08559254052155013
svg/g/circle_196,0.750196,1.0,-0.5735764363510464,-0.8191520442889916,1.0,0.58,1.0,0.0,0.0,0.0,1.0,0.07052186177715092,-0.7493124909538285,-0.7203647416413373,-0.8774509803921569,-0.8074229691876751,-0.7348386162975828,-0.842436974789916,0.014473874656245478,0.0350140056022409,0.3589275840108562,0.08559254052155013
svg/g/circle_195,0.750195,1.0,0.9902680687415704,0.13917310096006538,0.88,0.64,1.0,0.0,0.0,0.0,1.0,0.07016925246826516,-0.7493124909538285,-0.7203647416413373,-0.7906162464985994,-0.7205882352941176,-0.7348386162975828,-0.7556022408963585,0.014473874656245478,0.0350140056022409,0.3589275840108562,0.08559254052155013
svg/g/circle_194,0.750194,1.0,0.9902680687415704,0.13917310096006538,0.88,0.64,1.0,0.0,0.0,0.0,1.0,0.06981664315937941,-0.7493124909538285,-0.7203647416413373,-0.7037815126050421,-0.6337535014005603,-0.7348386162975828,-0.6687675070028012,0.014473874656245478,0.0350140056022409,0.3589275840108562,0.08559254052155013
svg/g/circle_193,0.750193,1.0,0.8290375725550417,0.5591929034707469,0.9700000000000004,0.59,1.0,0.0,0.0,0.0,1.0,0.06946403385049366,-0.7493124909538285,-0.7203647416413373,-0.6176470588235294,-0.5476190476190477,-0.7348386162975828,-0.5826330532212886,0.014473874656245478,0.0350140056022409,0.3589275840108562,0.08559254052155013
svg/g/circle_192,0.750192,1.0,0.8480480961564258,0.529919264233205,0.35,0.47,1.0,0.0,0.0,0.0,1.0,0.0691114245416079,-0.7493124909538285,-0.7203647416413373,-0.530812324929972,-0.4607843137254902,-0.7348386162975828,-0.4957983193277311,0.014473874656245478,0.0350140056022409,0.3589275840108562,0.08559254052155013
svg/g/circle_191,0.7501909999999999,1.0,-0.5735764363510464,-0.8191520442889916,1.0,0.58,1.0,0.0,0.0,0.0,1.0,0.06875881523272215,-0.7134172818063396,-0.6844695324938486,-0.8774509803921569,-0.8074229691876751,-0.6989434071500941,-0.842436974789916,0.014473874656245478,0.0350140056022409,0.3589275840108562,0.08559254052155013
svg/g/circle_190,0.75019,1.0,0.9902680687415704,0.13917310096006538,0.88,0.64,1.0,0.0,0.0,0.0,1.0,0.0684062059238364,-0.7134172818063396,-0.6844695324938486,-0.7906162464985994,-0.7205882352941176,-0.6989434071500941,-0.7556022408963585,0.014473874656245478,0.0350140056022409,0.3589275840108562,0.08559254052155013
svg/g/circle_189,0.750189,1.0,0.9902680687415704,0.13917310096006538,0.88,0.64,1.0,0.0,0.0,0.0,1.0,0.06805359661495064,-0.7134172818063396,-0.6844695324938486,-0.7037815126050421,-0.6337535014005603,-0.6989434071500941,-0.6687675070028012,0.014473874656245478,0.0350140056022409,0.3589275840108562,0.08559254052155013
svg/g/circle_188,0.750188,1.0,0.15643446504023026,0.9876883405951378,0.5800000000000004,0.54,1.0,0.0,0.0,0.0,1.0,0.06770098730606489,-0.7134172818063396,-0.6844695324938486,-0.6176470588235294,-0.5476190476190477,-0.6989434071500941,-0.5826330532212886,0.014473874656245478,0.0350140056022409,0.3589275840108562,0.08559254052155013
svg/g/circle_187,0.7501869999999999,1.0,0.8480480961564258,0.529919264233205,0.35,0.47,1.0,0.0,0.0,0.0,1.0,0.06734837799717913,-0.7134172818063396,-0.6844695324938486,-0.530812324929972,-0.4607843137254902,-0.6989434071500941,-0.4957983193277311,0.014473874656245478,0.0350140056022409,0.3589275840108562,0.08559254052155013
svg/g/circle_186,0.750186,1.0,-0.5735764363510464,-0.8191520442889916,1.0,0.58,1.0,0.0,0.0,0.0,1.0,0.06699576868829338,-0.6778115501519757,-0.6488638008394847,-0.8774509803921569,-0.8074229691876751,-0.6633376754957302,-0.842436974789916,0.014473874656245478,0.0350140056022409,0.3589275840108562,0.08559254052155013
svg/g/circle_185,0.750185,1.0,0.9902680687415704,0.13917310096006538,0.88,0.64,1.0,0.0,0.0,0.0,1.0,0.06664315937940762,-0.6778115501519757,-0.6488638008394847,-0.7906162464985994,-0.7205882352941176,-0.6633376754957302,-0.7556022408963585,0.014473874656245478,0.0350140056022409,0.3589275840108562,0.08559254052155013
svg/g/circle_184,0.750184,1.0,0.9902680687415704,0.13917310096006538,0.88,0.64,1.0,0.0,0.0,0.0,1.0,0.06629055007052187,-0.6778115501519757,-0.6488638008394847,-0.7037815126050421,-0.6337535014005603,-0.6633376754957302,-0.6687675070028012,0.014473874656245478,0.0350140056022409,0.3589275840108562,0.08559254052155013
svg/g/circle_183,0.7501829999999999,1.0,0.15643446504023026,0.9876883405951378,0.5800000000000004,0.54,1.0,0.0,0.0,0.0,1.0,0.06593794076163612,-0.6778115501519757,-0.6488638008394847,-0.6176470588235294,-0.5476190476190477,-0.6633376754957302,-0.5826330532212886,0.014473874656245478,0.0350140056022409,0.3589275840108562,0.08559254052155013
svg/g/circle_182,0.7501819999999999,1.0,0.8480480961564258,0.529919264233205,0.35,0.47,1.0,0.0,0.0,0.0,1.0,0.06558533145275036,-0.6778115501519757,-0.6488638008394847,-0.530812324929972,-0.4607843137254902,-0.6633376754957302,-0.4957983193277311,0.014473874656245478,0.0350140056022409,0.3589275840108562,0.08559254052155013
svg/g/circle_181,0.750181,1.0,-0.5735764363510464,-0.8191520442889916,1.0,0.58,1.0,0.0,0.0,0.0,1.0,0.06523272214386461,-0.641626863511362,-0.612679114198871,-0.8774509803921569,-0.8074229691876751,-0.6271529888551165,-0.842436974789916,0.014473874656245478,0.0350140056022409,0.3589275840108562,0.08559254052155013
svg/g/circle_180,0.75018,1.0,0.9902680687415704,0.13917310096006538,0.88,0.64,1.0,0.0,0.0,0.0,1.0,0.06488011283497885,-0.641626863511362,-0.612679114198871,-0.7906162464985994,-0.7205882352941176,-0.6271529888551165,-0.7556022408963585,0.014473874656245478,0.0350140056022409,0.3589275840108562,0.08559254052155013
svg/g/circle_179,0.7501789999999999,1.0,0.9902680687415704,0.13917310096006538,0.88,0.64,1.0,0.0,0.0,0.0,1.0,0.0645275035260931,-0.641626863511362,-0.612679114198871,-0.7037815126050421,-0.6337535014005603,-0.6271529888551165,-0.6687675070028012,0.014473874656245478,0.0350140056022409,0.3589275840108562,0.08559254052155013
svg/g/circle_178,0.7501779999999999,1.0,0.15643446504023026,0.9876883405951378,0.5800000000000004,0.54,1.0,0.0,0.0,0.0,1.0,0.06417489421720735,-0.641626863511362,-0.612679114198871,-0.6176470588235294,-0.5476190476190477,-0.6271529888551165,-0.5826330532212886,0.014473874656245478,0.0350140056022409,0.3589275840108562,0.08559254052155013
svg/g/circle_177,0.7501770000000001,1.0,-0.5735764363510464,-0.8191520442889916,1.0,0.58,1.0,0.0,0.0,0.0,1.0,0.06382228490832159,-0.6057316543638732,-0.5767839050513823,-0.8774509803921569,-0.8074229691876751,-0.5912577797076277,-0.842436974789916,0.014473874656245478,0.0350140056022409,0.3589275840108562,0.08559254052155013
svg/g/circle_176,0.7501760000000001,1.0,0.9902680687415704,0.13917310096006538,0.88,0.64,1.0,0.0,0.0,0.0,1.0,0.06346967559943584,-0.6057316543638732,-0.5767839050513823,-0.7906162464985994,-0.7205882352941176,-0.5912577797076277,-0.7556022408963585,0.014473874656245478,0.0350140056022409,0.3589275840108562,0.08559254052155013
svg/g/circle_175,0.750175,1.0,0.8290375725550417,0.5591929034707469,0.9700000000000004,0.59,1.0,0.0,0.0,0.0,1.0,0.06311706629055008,-0.6057316543638732,-0.5767839050513823,-0.7037815126050421,-0.6337535014005603,-0.5912577797076277,-0.6687675070028012,0.014473874656245478,0.0350140056022409,0.3589275840108562,0.08559254052155013
svg/g/circle_174,0.7501739999999999,1.0,0.15643446504023026,0.9876883405951378,0.5800000000000004,0.54,1.0,0.0,0.0,0.0,1.0,0.06276445698166433,-0.6057316543638732,-0.5767839050513823,-0.6176470588235294,-0.5476190476190477,-0.5912577797076277,-0.5826330532212886,0.014473874656245478,0.0350140056022409,0.3589275840108562,0.08559254052155013
svg/g/circle_173,0.7501730000000001,1.0,-0.5735764363510464,-0.8191520442889916,1.0,0.58,1.0,0.0,0.0,0.0,1.0,0.06241184767277855,-0.4743088724851643,-0.44536112317267335,-0.8774509803921569,-0.8074229691876751,-0.4598349978289188,-0.842436974789916,0.014473874656245478,0.0350140056022409,0.3589275840108562,0.08559254052155013
svg/g/circle_172,0.7501720000000001,1.0,-0.5735764363510464,-0.8191520442889916,1.0,0.58,1.0,0.0,0.0,0.0,1.0,0.062059238363892794,-0.4743088724851643,-0.44536112317267335,-0.7906162464985994,-0.7205882352941176,-0.4598349978289188,-0.7556022408963585,0.014473874656245478,0.0350140056022409,0.3589275840108562,0.08559254052155013
svg/g/circle_171,0.750171,1.0,0.9902680687415704,0.13917310096006538,0.88,0.64,1.0,0.0,0.0,0.0,1.0,0.06170662905500704,-0.4743088724851643,-0.44536112317267335,-0.7037815126050421,-0.6337535014005603,-0.4598349978289188,-0.6687675070028012,0.014473874656245478,0.0350140056022409,0.3589275840108562,0.08559254052155013
svg/g/circle_170,0.75017,1.0,0.9902680687415704,0.13917310096006538,0.88,0.64,1.0,0.0,0.0,0.0,1.0,0.061354019746121286,-0.4743088724851643,-0.44536112317267335,-0.6176470588235294,-0.5476190476190477,-0.4598349978289188,-0.5826330532212886,0.014473874656245478,0.0350140056022409,0.3589275840108562,0.08559254052155013
svg/g/circle_169,0.7501690000000001,1.0,0.15643446504023026,0.9876883405951378,0.5800000000000004,0.54,1.0,0.0,0.0,0.0,1.0,0.06100141043723553,-0.4743088724851643,-0.44536112317267335,-0.530812324929972,-0.4607843137254902,-0.4598349978289188,-0.4957983193277311,0.014473874656245478,0.0350140056022409,0.3589275840108562,0.08559254052155013
svg/g/circle_168,0.7501680000000001,1.0,-0.5735764363510464,-0.8191520442889916,1.0,0.58,1.0,0.0,0.0,0.0,1.0,0.06064880112834978,-0.43841366333767545,-0.4094659140251845,-0.8774509803921569,-0.8074229691876751,-0.42393978868143,-0.842436974789916,0.014473874656245478,0.0350140056022409,0.3589275840108562,0.08559254052155013
svg/g/circle_167,0.750167,1.0,-0.5735764363510464,-0.8191520442889916,1.0,0.58,1.0,0.0,0.0,0.0,1.0,0.06029619181946402,-0.43841366333767545,-0.4094659140251845,-0.7906162464985994,-0.7205882352941176,-0.42393978868143,-0.7556022408963585,0.014473874656245478,0.0350140056022409,0.3589275840108562,0.08559254052155013
svg/g/circle_166,0.750166,1.0,0.9902680687415704,0.13917310096006538,0.88,0.64,1.0,0.0,0.0,0.0,1.0,0.05994358251057827,-0.43841366333767545,-0.4094659140251845,-0.7037815126050421,-0.6337535014005603,-0.42393978868143,-0.6687675070028012,0.014473874656245478,0.0350140056022409,0.3589275840108562,0.08559254052155013
svg/g/circle_165,0.750165,1.0,0.9902680687415704,0.13917310096006538,0.88,0.64,1.0,0.0,0.0,0.0,1.0,0.059590973201692515,-0.43841366333767545,-0.4094659140251845,-0.6176470588235294,-0.5476190476190477,-0.42393978868143,-0.5826330532212886,0.014473874656245478,0.0350140056022409,0.3589275840108562,0.08559254052155013
svg/g/circle_164,0.750164,1.0,0.15643446504023026,0.9876883405951378,0.5800000000000004,0.54,1.0,0.0,0.0,0.0,1.0,0.05923836389280676,-0.43841366333767545,-0.4094659140251845,-0.530812324929972,-0.4607843137254902,-0.42393978868143,-0.4957983193277311,0.014473874656245478,0.0350140056022409,0.3589275840108562,0.08559254052155013
svg/g/circle_163,0.750163,1.0,-0.5735764363510464,-0.8191520442889916,1.0,0.58,1.0,0.0,0.0,0.0,1.0,0.05888575458392101,-0.40251845419018667,-0.3735707048776957,-0.8774509803921569,-0.8074229691876751,-0.3880445795339412,-0.842436974789916,0.014473874656245478,0.0350140056022409,0.3589275840108562,0.08559254052155013
svg/g/circle_162,0.750162,1.0,-0.5735764363510464,-0.8191520442889916,1.0,0.58,1.0,0.0,0.0,0.0,1.0,0.05853314527503525,-0.40251845419018667,-0.3735707048776957,-0.7906162464985994,-0.7205882352941176,-0.3880445795339412,-0.7556022408963585,0.014473874656245478,0.0350140056022409,0.3589275840108562,0.08559254052155013
svg/g/circle_161,0.750161,1.0,0.9902680687415704,0.13917310096006538,0.88,0.64,1.0,0.0,0.0,0.0,1.0,0.0581805359661495,-0.40251845419018667,-0.3735707048776957,-0.7037815126050421,-0.6337535014005603,-0.3880445795339412,-0.6687675070028012,0.014473874656245478,0.0350140056022409,0.3589275840108562,0.08559254052155013
svg/g/circle_160,0.75016,1.0,0.9902680687415704,0.13917310096006538,0.88,0.64,1.0,0.0,0.0,0.0,1.0,0.057827926657263745,-0.40251845419018667,-0.3735707048776957,-0.6176470588235294,-0.5476190476190477,-0.3880445795339412,-0.5826330532212886,0.014473874656245478,0.0350140056022409,0.3589275840108562,0.08559254052155013
svg/g/circle_159,0.750159,1.0,0.15643446504023026,0.9876883405951378,0.5800000000000004,0.54,1.0,0.0,0.0,0.0,1.0,0.05747531734837799,-0.40251845419018667,-0.3735707048776957,-0.530812324929972,-0.4607843137254902,-0.3880445795339412,-0.4957983193277311,0.014473874656245478,0.0350140056022409,0.3589275840108562,0.08559254052155013
svg/g/circle_158,0.750158,1.0,-0.5735764363510464,-0.8191520442889916,1.0,0.58,1.0,0.0,0.0,0.0,1.0,0.05712270803949224,-0.36691272253582286,-0.3379649732233319,-0.8774509803921569,-0.8074229691876751,-0.35243884787957735,-0.842436974789916,0.014473874656245478,0.0350140056022409,0.3589275840108562,0.08559254052155013
svg/g/circle_157,0.750157,1.0,-0.5735764363510464,-0.8191520442889916,1.0,0.58,1.0,0.0,0.0,0.0,1.0,0.05677009873060648,-0.36691272253582286,-0.3379649732233319,-0.7906162464985994,-0.7205882352941176,-0.35243884787957735,-0.7556022408963585,0.014473874656245478,0.0350140056022409,0.3589275840108562,0.08559254052155013
svg/g/circle_156,0.750156,1.0,0.9902680687415704,0.13917310096006538,0.88,0.64,1.0,0.0,0.0,0.0,1.0,0.05641748942172073,-0.36691272253582286,-0.3379649732233319,-0.7037815126050421,-0.6337535014005603,-0.35243884787957735,-0.6687675070028012,0.014473874656245478,0.0350140056022409,0.3589275840108562,0.08559254052155013
svg/g/circle_155,0.750155,1.0,0.8290375725550417,0.5591929034707469,0.9700000000000004,0.59,1.0,0.0,0.0,0.0,1.0,0.056064880112834975,-0.36691272253582286,-0.3379649732233319,-0.6176470588235294,-0.5476190476190477,-0.35243884787957735,-0.5826330532212886,0.014473874656245478,0.0350140056022409,0.3589275840108562,0.08559254052155013
svg/g/circle_154,0.750154,1.0,0.15643446504023026,0.9876883405951378,0.5800000000000004,0.54,1.0,0.0,0.0,0.0,1.0,0.05571227080394922,-0.36691272253582286,-0.3379649732233319,-0.530812324929972,-0.4607843137254902,-0.35243884787957735,-0.4957983193277311,0.014473874656245478,0.0350140056022409,0.3589275840108562,0.08559254052155013
svg/g/circle_153,0.750153,1.0,-0.5735764363510464,-0.8191520442889916,1.0,0.58,1.0,0.0,0.0,0.0,1.0,0.05535966149506347,-0.33072803589520916,-0.3017802865827182,-0.8774509803921569,-0.8074229691876751,-0.31625416123896366,-0.842436974789916,0.014473874656245478,0.0350140056022409,0.3589275840108562,0.08559254052155013
svg/g/circle_152,0.7501519999999999,1.0,-0.5735764363510464,-0.8191520442889916,1.0,0.58,1.0,0.0,0.0,0.0,1.0,0.05500705218617771,-0.33072803589520916,-0.3017802865827182,-0.7906162464985994,-0.7205882352941176,-0.31625416123896366,-0.7556022408963585,0.014473874656245478,0.0350140056022409,0.3589275840108562,0.08559254052155013
svg/g/circle_151,0.750151,1.0,0.9902680687415704,0.13917310096006538,0.88,0.64,1.0,0.0,0.0,0.0,1.0,0.05465444287729196,-0.33072803589520916,-0.3017802865827182,-0.7037815126050421,-0.6337535014005603,-0.31625416123896366,-0.6687675070028012,0.014473874656245478,0.0350140056022409,0.3589275840108562,0.08559254052155013
svg/g/circle_150,0.75015,1.0,0.8290375725550417,0.5591929034707469,0.9700000000000004,0.59,1.0,0.0,0.0,0.0,1.0,0.054301833568406205,-0.33072803589520916,-0.3017802865827182,-0.6176470588235294,-0.5476190476190477,-0.31625416123896366,-0.5826330532212886,0.014473874656245478,0.0350140056022409,0.3589275840108562,0.08559254052155013
svg/g/circle_149,0.750149,1.0,0.15643446504023026,0.9876883405951378,0.5800000000000004,0.54,1.0,0.0,0.0,0.0,1.0,0.05394922425952045,-0.33072803589520916,-0.3017802865827182,-0.530812324929972,-0.4607843137254902,-0.31625416123896366,-0.4957983193277311,0.014473874656245478,0.0350140056022409,0.3589275840108562,0.08559254052155013
svg/g/circle_148,0.7501479999999999,1.0,-0.5735764363510464,-0.8191520442889916,1.0,0.58,1.0,0.0,0.0,0.0,1.0,0.0535966149506347,-0.29483282674772027,-0.2658850774352293,-0.8774509803921569,-0.8074229691876751,-0.2803589520914748,-0.842436974789916,0.014473874656245478,0.0350140056022409,0.3589275840108562,0.08559254052155013
svg/g/circle_147,0.750147,1.0,-0.5735764363510464,-0.8191520442889916,1.0,0.58,1.0,0.0,0.0,0.0,1.0,0.05324400564174894,-0.29483282674772027,-0.2658850774352293,-0.7906162464985994,-0.7205882352941176,-0.2803589520914748,-0.7556022408963585,0.014473874656245478,0.0350140056022409,0.3589275840108562,0.08559254052155013
svg/g/circle_146,0.750146,1.0,0.9902680687415704,0.13917310096006538,0.88,0.64,1.0,0.0,0.0,0.0,1.0,0.05289139633286319,-0.29483282674772027,-0.2658850774352293,-0.7037815126050421,-0.6337535014005603,-0.2803589520914748,-0.6687675070028012,0.014473874656245478,0.0350140056022409,0.3589275840108562,0.08559254052155013
svg/g/circle_145,0.750145,1.0,0.8290375725550417,0.5591929034707469,0.9700000000000004,0.59,1.0,0.0,0.0,0.0,1.0,0.052538787023977435,-0.29483282674772027,-0.2658850774352293,-0.6176470588235294,-0.5476190476190477,-0.2803589520914748,-0.5826330532212886,0.014473874656245478,0.0350140056022409,0.3589275840108562,0.08559254052155013
svg/g/circle_144,0.7501439999999999,1.0,0.15643446504023026,0.9876883405951378,0.5800000000000004,0.54,1.0,0.0,0.0,0.0,1.0,0.05218617771509168,-0.29483282674772027,-0.2658850774352293,-0.530812324929972,-0.4607843137254902,-0.2803589520914748,-0.4957983193277311,0.014473874656245478,0.0350140056022409,0.3589275840108562,0.08559254052155013
svg/g/circle_143,0.750143,1.0,-0.5735764363510464,-0.8191520442889916,1.0,0.58,1.0,0.0,0.0,0.0,1.0,0.05183356840620593,-0.25980605007960633,-0.23085830076711536,-0.8774509803921569,-0.8074229691876751,-0.24533217542336083,-0.842436974789916,0.014473874656245478,0.0350140056022409,0.3589275840108562,0.08559254052155013
svg/g/circle_142,0.750142,1.0,-0.5735764363510464,-0.8191520442889916,1.0,0.58,1.0,0.0,0.0,0.0,1.0,0.05148095909732017,-0.25980605007960633,-0.23085830076711536,-0.7906162464985994,-0.7205882352941176,-0.24533217542336083,-0.7556022408963585,0.014473874656245478,0.0350140056022409,0.3589275840108562,0.08559254052155013
svg/g/circle_141,0.750141,1.0,0.9902680687415704,0.13917310096006538,0.88,0.64,1.0,0.0,0.0,0.0,1.0,0.05112834978843442,-0.25980605007960633,-0.23085830076711536,-0.7037815126050421,-0.6337535014005603,-0.24533217542336083,-0.6687675070028012,0.014473874656245478,0.0350140056022409,0.3589275840108562,0.08559254052155013
svg/g/circle_140,0.7501399999999999,1.0,0.8290375725550417,0.5591929034707469,0.9700000000000004,0.59,1.0,0.0,0.0,0.0,1.0,0.050775740479548664,-0.25980605007960633,-0.23085830076711536,-0.6176470588235294,-0.5476190476190477,-0.24533217542336083,-0.5826330532212886,0.014473874656245478,0.0350140056022409,0.3589275840108562,0.08559254052155013
svg/g/circle_139,0.7501390000000001,1.0,0.15643446504023026,0.9876883405951378,0.5800000000000004,0.54,1.0,0.0,0.0,0.0,1.0,0.05042313117066291,-0.25980605007960633,-0.23085830076711536,-0.530812324929972,-0.4607843137254902,-0.24533217542336083,-0.4957983193277311,0.014473874656245478,0.0350140056022409,0.3589275840108562,0.08559254052155013
svg/g/circle_138,0.7501380000000001,1.0,-0.5735764363510464,-0.8191520442889916,1.0,0.58,1.0,0.0,0.0,0.0,1.0,0.050070521861777156,-0.22362136343899264,-0.19467361412650167,-0.8774509803921569,-0.8074229691876751,-0.20914748878274714,-0.842436974789916,0.014473874656245478,0.0350140056022409,0.3589275840108562,0.08559254052155013
svg/g/circle_137,0.750137,1.0,-0.5735764363510464,-0.8191520442889916,1.0,0.58,1.0,0.0,0.0,0.0,1.0,0.0497179125528914,-0.22362136343899264,-0.19467361412650167,-0.7906162464985994,-0.7205882352941176,-0.20914748878274714,-0.7556022408963585,0.014473874656245478,0.0350140056022409,0.3589275840108562,0.08559254052155013
svg/g/circle_136,0.7501359999999999,1.0,0.9902680687415704,0.13917310096006538,0.88,0.64,1.0,0.0,0.0,0.0,1.0,0.04936530324400565,-0.22362136343899264,-0.19467361412650167,-0.7037815126050421,-0.6337535014005603,-0.20914748878274714,-0.6687675070028012,0.014473874656245478,0.0350140056022409,0.3589275840108562,0.08559254052155013
svg/g/circle_135,0.7501349999999999,1.0,0.8290375725550417,0.5591929034707469,0.9700000000000004,0.59,1.0,0.0,0.0,0.0,1.0,0.049012693935119894,-0.22362136343899264,-0.19467361412650167,-0.6176470588235294,-0.5476190476190477,-0.20914748878274714,-0.5826330532212886,0.014473874656245478,0.0350140056022409,0.3589275840108562,0.08559254052155013
svg/g/circle_134,0.7501340000000001,1.0,0.15643446504023026,0.9876883405951378,0.5800000000000004,0.54,1.0,0.0,0.0,0.0,1.0,0.04866008462623414,-0.22362136343899264,-0.19467361412650167,-0.530812324929972,-0.4607843137254902,-0.20914748878274714,-0.4957983193277311,0.014473874656245478,0.0350140056022409,0.3589275840108562,0.08559254052155013
svg/g/circle_133,0.750133,1.0,-0.5735764363510464,-0.8191520442889916,1.0,0.58,1.0,0.0,0.0,0.0,1.0,0.048307475317348386,-0.18772615429150374,-0.1587784049790128,-0.8774509803921569,-0.8074229691876751,-0.17325227963525827,-0.842436974789916,0.014473874656245478,0.0350140056022409,0.3589275840108562,0.08559254052155013
svg/g/circle_132,0.750132,1.0,-0.5735764363510464,-0.8191520442889916,1.0,0.58,1.0,0.0,0.0,0.0,1.0,0.04795486600846263,-0.18772615429150374,-0.1587784049790128,-0.7906162464985994,-0.7205882352941176,-0.17325227963525827,-0.7556022408963585,0.014473874656245478,0.0350140056022409,0.3589275840108562,0.08559254052155013
svg/g/circle_131,0.750131,1.0,0.9902680687415704,0.13917310096006538,0.88,0.64,1.0,0.0,0.0,0.0,1.0,0.04760225669957688,-0.18772615429150374,-0.1587784049790128,-0.7037815126050421,-0.6337535014005603,-0.17325227963525827,-0.6687675070028012,0.014473874656245478,0.0350140056022409,0.3589275840108562,0.08559254052155013
svg/g/circle_130,0.7501300000000001,1.0,0.8290375725550417,0.5591929034707469,0.9700000000000004,0.59,1.0,0.0,0.0,0.0,1.0,0.047249647390691124,-0.18772615429150374,-0.1587784049790128,-0.6176470588235294,-0.5476190476190477,-0.17325227963525827,-0.5826330532212886,0.014473874656245478,0.0350140056022409,0.3589275840108562,0.08559254052155013
svg/g/circle_129,0.750129,1.0,0.15643446504023026,0.9876883405951378,0.5800000000000004,0.54,1.0,0.0,0.0,0.0,1.0,0.04689703808180537,-0.18772615429150374,-0.1587784049790128,-0.530812324929972,-0.4607843137254902,-0.17325227963525827,-0.4957983193277311,0.014473874656245478,0.0350140056022409,0.3589275840108562,0.08559254052155013
svg/g/circle_128,0.750128,1.0,-0.5735764363510464,-0.8191520442889916,1.0,0.58,1.0,0.0,0.0,0.0,1.0,0.046544428772919616,-0.15212042263714,-0.12317267332464904,-0.8774509803921569,-0.8074229691876751,-0.1376465479808945,-0.842436974789916,0.014473874656245478,0.0350140056022409,0.3589275840108562,0.08559254052155013
svg/g/circle_127,0.750127,1.0,-0.5735764363510464,-0.8191520442889916,1.0,0.58,1.0,0.0,0.0,0.0,1.0,0.04619181946403386,-0.15212042263714,-0.12317267332464904,-0.7906162464985994,-0.7205882352941176,-0.1376465479808945,-0.7556022408963585,0.014473874656245478,0.0350140056022409,0.3589275840108562,0.08559254052155013
svg/g/circle_126,0.7501260000000001,1.0,0.9902680687415704,0.13917310096006538,0.88,0.64,1.0,0.0,0.0,0.0,1.0,0.04583921015514811,-0.15212042263714,-0.12317267332464904,-0.7037815126050421,-0.6337535014005603,-0.1376465479808945,-0.6687675070028012,0.014473874656245478,0.0350140056022409,0.3589275840108562,0.08559254052155013
svg/g/circle_125,0.750125,1.0,0.8290375725550417,0.5591929034707469,0.9700000000000004,0.59,1.0,0.0,0.0,0.0,1.0,0.045486600846262354,-0.15212042263714,-0.12317267332464904,-0.6176470588235294,-0.5476190476190477,-0.1376465479808945,-0.5826330532212886,0.014473874656245478,0.0350140056022409,0.3589275840108562,0.08559254052155013
svg/g/circle_124,0.750124,1.0,0.8480480961564258,0.529919264233205,0.35,0.47,1.0,0.0,0.0,0.0,1.0,0.0451339915373766,-0.15212042263714,-0.12317267332464904,-0.530812324929972,-0.4607843137254902,-0.1376465479808945,-0.4957983193277311,0.014473874656245478,0.0350140056022409,0.3589275840108562,0.08559254052155013
svg/g/circle_123,0.750123,1.0,-0.5735764363510464,-0.8191520442889916,1.0,0.58,1.0,0.0,0.0,0.0,1.0,0.044781382228490846,-0.11622521348965112,-0.08727746417716016,-0.8774509803921569,-0.8074229691876751,-0.10175133883340565,-0.842436974789916,0.014473874656245478,0.0350140056022409,0.3589275840108562,0.08559254052155013
svg/g/circle_122,0.7501220000000001,1.0,-0.5735764363510464,-0.8191520442889916,1.0,0.58,1.0,0.0,0.0,0.0,1.0,0.044428772919605064,-0.11622521348965112,-0.08727746417716016,-0.7906162464985994,-0.7205882352941176,-0.10175133883340565,-0.7556022408963585,0.014473874656245478,0.0350140056022409,0.3589275840108562,0.08559254052155013
svg/g/circle_121,0.750121,1.0,0.9902680687415704,0.13917310096006538,0.88,0.64,1.0,0.0,0.0,0.0,1.0,0.04407616361071931,-0.11622521348965112,-0.08727746417716016,-0.7037815126050421,-0.6337535014005603,-0.10175133883340565,-0.6687675070028012,0.014473874656245478,0.0350140056022409,0.3589275840108562,0.08559254052155013
svg/g/circle_120,0.75012,1.0,0.8290375725550417,0.5591929034707469,0.9700000000000004,0.59,1.0,0.0,0.0,0.0,1.0,0.043723554301833556,-0.11622521348965112,-0.08727746417716016,-0.6176470588235294,-0.5476190476190477,-0.10175133883340565,-0.5826330532212886,0.014473874656245478,0.0350140056022409,0.3589275840108562,0.08559254052155013
svg/g/circle_119,0.750119,1.0,0.8480480961564258,0.529919264233205,0.35,0.47,1.0,0.0,0.0,0.0,1.0,0.0433709449929478,-0.11622521348965112,-0.08727746417716016,-0.530812324929972,-0.4607843137254902,-0.10175133883340565,-0.4957983193277311,0.014473874656245478,0.0350140056022409,0.3589275840108562,0.08559254052155013
svg/g/circle_118,0.750118,1.0,-0.5735764363510464,-0.8191520442889916,1.0,0.58,1.0,0.0,0.0,0.0,1.0,0.04301833568406205,-0.08004052684903742,-0.051092777536546466,-0.8774509803921569,-0.8074229691876751,-0.06556665219279195,-0.842436974789916,0.014473874656245478,0.0350140056022409,0.3589275840108562,0.08559254052155013
svg/g/circle_117,0.750117,1.0,0.9902680687415704,0.13917310096006538,0.88,0.64,1.0,0.0,0.0,0.0,1.0,0.042665726375176294,-0.08004052684903742,-0.051092777536546466,-0.7906162464985994,-0.7205882352941176,-0.06556665219279195,-0.7556022408963585,0.014473874656245478,0.0350140056022409,0.3589275840108562,0.08559254052155013
svg/g/circle_116,0.750116,1.0,0.9902680687415704,0.13917310096006538,0.88,0.64,1.0,0.0,0.0,0.0,1.0,0.04231311706629054,-0.08004052684903742,-0.051092777536546466,-0.7037815126050421,-0.6337535014005603,-0.06556665219279195,-0.6687675070028012,0.014473874656245478,0.0350140056022409,0.3589275840108562,0.08559254052155013
svg/g/circle_115,0.750115,1.0,0.8290375725550417,0.5591929034707469,0.9700000000000004,0.59,1.0,0.0,0.0,0.0,1.0,0.041960507757404786,-0.08004052684903742,-0.051092777536546466,-0.6176470588235294,-0.5476190476190477,-0.06556665219279195,-0.5826330532212886,0.014473874656245478,0.0350140056022409,0.3589275840108562,0.08559254052155013
svg/g/circle_114,0.750114,1.0,-0.5735764363510464,-0.8191520442889916,1.0,0.58,1.0,0.0,0.0,0.0,1.0,0.04160789844851903,0.05109277753654663,0.08004052684903759,-0.8774509803921569,-0.8074229691876751,0.0655666521927921,-0.842436974789916,0.014473874656245478,0.0350140056022409,0.3589275840108562,0.08559254052155013
svg/g/circle_113,0.750113,1.0,0.9902680687415704,0.13917310096006538,0.88,0.64,1.0,0.0,0.0,0.0,1.0,0.04125528913963328,0.05109277753654663,0.08004052684903759,-0.7906162464985994,-0.7205882352941176,0.0655666521927921,-0.7556022408963585,0.014473874656245478,0.0350140056022409,0.3589275840108562,0.08559254052155013
svg/g/circle_112,0.750112,1.0,0.9902680687415704,0.13917310096006538,0.88,0.64,1.0,0.0,0.0,0.0,1.0,0.040902679830747524,0.05109277753654663,0.08004052684903759,-0.7037815126050421,-0.6337535014005603,0.0655666521927921,-0.6687675070028012,0.014473874656245478,0.0350140056022409,0.3589275840108562,0.08559254052155013
svg/g/circle_111,0.750111,1.0,0.8290375725550417,0.5591929034707469,0.9700000000000004,0.59,1.0,0.0,0.0,0.0,1.0,0.04055007052186177,0.05109277753654663,0.08004052684903759,-0.6176470588235294,-0.5476190476190477,0.0655666521927921,-0.5826330532212886,0.014473874656245478,0.0350140056022409,0.3589275840108562,0.08559254052155013
svg/g/circle_110,0.7501099999999999,1.0,0.15643446504023026,0.9876883405951378,0.5800000000000004,0.54,1.0,0.0,0.0,0.0,1.0,0.040197461212976016,0.05109277753654663,0.08004052684903759,-0.530812324929972,-0.4607843137254902,0.0655666521927921,-0.4957983193277311,0.014473874656245478,0.0350140056022409,0.3589275840108562,0.08559254052155013
svg/g/circle_109,0.750109,1.0,-0.5735764363510464,-0.8191520442889916,1.0,0.58,1.0,0.0,0.0,0.0,1.0,0.03984485190409026,0.08727746417716033,0.11622521348965129,-0.8774509803921569,-0.8074229691876751,0.1017513388334058,-0.842436974789916,0.014473874656245478,0.0350140056022409,0.3589275840108562,0.08559254052155013
svg/g/circle_108,0.750108,1.0,0.9902680687415704,0.13917310096006538,0.88,0.64,1.0,0.0,0.0,0.0,1.0,0.03949224259520451,0.08727746417716033,0.11622521348965129,-0.7906162464985994,-0.7205882352941176,0.1017513388334058,-0.7556022408963585,0.014473874656245478,0.0350140056022409,0.3589275840108562,0.08559254052155013
svg/g/circle_107,0.750107,1.0,0.9902680687415704,0.13917310096006538,0.88,0.64,1.0,0.0,0.0,0.0,1.0,0.039139633286318753,0.08727746417716033,0.11622521348965129,-0.7037815126050421,-0.6337535014005603,0.1017513388334058,-0.6687675070028012,0.014473874656245478,0.0350140056022409,0.3589275840108562,0.08559254052155013
svg/g/circle_106,0.7501059999999999,1.0,0.8290375725550417,0.5591929034707469,0.9700000000000004,0.59,1.0,0.0,0.0,0.0,1.0,0.038787023977433,0.08727746417716033,0.11622521348965129,-0.6176470588235294,-0.5476190476190477,0.1017513388334058,-0.5826330532212886,0.014473874656245478,0.0350140056022409,0.3589275840108562,0.08559254052155013
svg/g/circle_105,0.7501049999999999,1.0,0.15643446504023026,0.9876883405951378,0.5800000000000004,0.54,1.0,0.0,0.0,0.0,1.0,0.038434414668547245,0.08727746417716033,0.11622521348965129,-0.530812324929972,-0.4607843137254902,0.1017513388334058,-0.4957983193277311,0.014473874656245478,0.0350140056022409,0.3589275840108562,0.08559254052155013
svg/g/circle_104,0.750104,1.0,-0.5735764363510464,-0.8191520442889916,1.0,0.58,1.0,0.0,0.0,0.0,1.0,0.03808180535966149,0.12317267332464904,0.15212042263714,-0.8774509803921569,-0.8074229691876751,0.1376465479808945,-0.842436974789916,0.014473874656245478,0.0350140056022409,0.3589275840108562,0.08559254052155013
svg/g/circle_103,0.750103,1.0,0.9902680687415704,0.13917310096006538,0.88,0.64,1.0,0.0,0.0,0.0,1.0,0.03772919605077574,0.12317267332464904,0.15212042263714,-0.7906162464985994,-0.7205882352941176,0.1376465479808945,-0.7556022408963585,0.014473874656245478,0.0350140056022409,0.3589275840108562,0.08559254052155013
svg/g/circle_102,0.7501019999999999,1.0,0.9902680687415704,0.13917310096006538,0.88,0.64,1.0,0.0,0.0,0.0,1.0,0.03737658674188998,0.12317267332464904,0.15212042263714,-0.7037815126050421,-0.6337535014005603,0.1376465479808945,-0.6687675070028012,0.014473874656245478,0.0350140056022409,0.3589275840108562,0.08559254052155013
svg/g/circle_101,0.7501009999999999,1.0,0.8290375725550417,0.5591929034707469,0.9700000000000004,0.59,1.0,0.0,0.0,0.0,1.0,0.03702397743300423,0.12317267332464904,0.15212042263714,-0.6176470588235294,-0.5476190476190477,0.1376465479808945,-0.5826330532212886,0.014473874656245478,0.0350140056022409,0.3589275840108562,0.08559254052155013
svg/g/circle_100,0.7501000000000001,1.0,0.8480480961564258,0.529919264233205,0.35,0.47,1.0,0.0,0.0,0.0,1.0,0.036671368124118475,0.12317267332464904,0.15212042263714,-0.530812324929972,-0.4607843137254902,0.1376465479808945,-0.4957983193277311,0.014473874656245478,0.0350140056022409,0.3589275840108562,0.08559254052155013
svg/g/circle_99,0.7500990000000001,1.0,-0.5735764363510464,-0.8191520442889916,1.0,0.58,1.0,0.0,0.0,0.0,1.0,0.03631875881523272,0.15877840497901297,0.1877261542915039,-0.8774509803921569,-0.8074229691876751,0.17325227963525844,-0.842436974789916,0.014473874656245478,0.0350140056022409,0.3589275840108562,0.08559254052155013
svg/g/circle_98,0.7500979999999999,1.0,0.9902680687415704,0.13917310096006538,0.88,0.64,1.0,0.0,0.0,0.0,1.0,0.03596614950634697,0.15877840497901297,0.1877261542915039,-0.7906162464985994,-0.7205882352941176,0.17325227963525844,-0.7556022408963585,0.014473874656245478,0.0350140056022409,0.3589275840108562,0.08559254052155013
svg/g/circle_97,0.7500969999999999,1.0,0.9902680687415704,0.13917310096006538,0.88,0.64,1.0,0.0,0.0,0.0,1.0,0.03561354019746121,0.15877840497901297,0.1877261542915039,-0.7037815126050421,-0.6337535014005603,0.17325227963525844,-0.6687675070028012,0.014473874656245478,0.0350140056022409,0.3589275840108562,0.08559254052155013
svg/g/circle_96,0.7500960000000001,1.0,0.8290375725550417,0.5591929034707469,0.9700000000000004,0.59,1.0,0.0,0.0,0.0,1.0,0.03526093088857546,0.15877840497901297,0.1877261542915039,-0.6176470588235294,-0.5476190476190477,0.17325227963525844,-0.5826330532212886,0.014473874656245478,0.0350140056022409,0.3589275840108562,0.08559254052155013
svg/g/circle_95,0.7500950000000001,1.0,0.8480480961564258,0.529919264233205,0.35,0.47,1.0,0.0,0.0,0.0,1.0,0.034908321579689705,0.15877840497901297,0.1877261542915039,-0.530812324929972,-0.4607843137254902,0.17325227963525844,-0.4957983193277311,0.014473874656245478,0.0350140056022409,0.3589275840108562,0.08559254052155013
svg/g/circle_94,0.750094,1.0,0.9902680687415704,0.13917310096006538,0.88,0.64,1.0,0.0,0.0,0.0,1.0,0.03455571227080395,0.19467361412650167,0.22362136343899264,-0.8774509803921569,-0.8074229691876751,0.20914748878274714,-0.842436974789916,0.014473874656245478,0.0350140056022409,0.3589275840108562,0.08559254052155013
svg/g/circle_93,0.750093,1.0,0.9902680687415704,0.13917310096006538,0.88,0.64,1.0,0.0,0.0,0.0,1.0,0.0342031029619182,0.19467361412650167,0.22362136343899264,-0.7906162464985994,-0.7205882352941176,0.20914748878274714,-0.7556022408963585,0.014473874656245478,0.0350140056022409,0.3589275840108562,0.08559254052155013
svg/g/circle_92,0.7500920000000001,1.0,0.9902680687415704,0.13917310096006538,0.88,0.64,1.0,0.0,0.0,0.0,1.0,0.03385049365303244,0.19467361412650167,0.22362136343899264,-0.7037815126050421,-0.6337535014005603,0.20914748878274714,-0.6687675070028012,0.014473874656245478,0.0350140056022409,0.3589275840108562,0.08559254052155013
svg/g/circle_91,0.7500910000000001,1.0,0.8290375725550417,0.5591929034707469,0.9700000000000004,0.59,1.0,0.0,0.0,0.0,1.0,0.03349788434414669,0.19467361412650167,0.22362136343899264,-0.6176470588235294,-0.5476190476190477,0.20914748878274714,-0.5826330532212886,0.014473874656245478,0.0350140056022409,0.3589275840108562,0.08559254052155013
svg/g/circle_90,0.75009,1.0,0.8480480961564258,0.529919264233205,0.35,0.47,1.0,0.0,0.0,0.0,1.0,0.033145275035260935,0.19467361412650167,0.22362136343899264,-0.530812324929972,-0.4607843137254902,0.20914748878274714,-0.4957983193277311,0.014473874656245478,0.0350140056022409,0.3589275840108562,0.08559254052155013
svg/g/circle_89,0.750089,1.0,0.9902680687415704,0.13917310096006538,0.88,0.64,1.0,0.0,0.0,0.0,1.0,0.03279266572637518,0.23085830076711536,0.25980605007960633,-0.8774509803921569,-0.8074229691876751,0.24533217542336083,-0.842436974789916,0.014473874656245478,0.0350140056022409,0.3589275840108562,0.08559254052155013
svg/g/circle_88,0.750088,1.0,0.9902680687415704,0.13917310096006538,0.88,0.64,1.0,0.0,0.0,0.0,1.0,0.03244005641748943,0.23085830076711536,0.25980605007960633,-0.7906162464985994,-0.7205882352941176,0.24533217542336083,-0.7556022408963585,0.014473874656245478,0.0350140056022409,0.3589275840108562,0.08559254052155013
svg/g/circle_87,0.7500870000000001,1.0,0.9902680687415704,0.13917310096006538,0.88,0.64,1.0,0.0,0.0,0.0,1.0,0.03208744710860367,0.23085830076711536,0.25980605007960633,-0.7037815126050421,-0.6337535014005603,0.24533217542336083,-0.6687675070028012,0.014473874656245478,0.0350140056022409,0.3589275840108562,0.08559254052155013
svg/g/circle_86,0.750086,1.0,0.8290375725550417,0.5591929034707469,0.9700000000000004,0.59,1.0,0.0,0.0,0.0,1.0,0.03173483779971792,0.23085830076711536,0.25980605007960633,-0.6176470588235294,-0.5476190476190477,0.24533217542336083,-0.5826330532212886,0.014473874656245478,0.0350140056022409,0.3589275840108562,0.08559254052155013
svg/g/circle_85,0.750085,1.0,0.8480480961564258,0.529919264233205,0.35,0.47,1.0,0.0,0.0,0.0,1.0,0.031382228490832165,0.23085830076711536,0.25980605007960633,-0.530812324929972,-0.4607843137254902,0.24533217542336083,-0.4957983193277311,0.014473874656245478,0.0350140056022409,0.3589275840108562,0.08559254052155013
svg/g/circle_84,0.750084,1.0,0.9902680687415704,0.13917310096006538,0.88,0.64,1.0,0.0,0.0,0.0,1.0,0.03102961918194641,0.2658850774352295,0.29483282674772043,-0.8774509803921569,-0.8074229691876751,0.280358952091475,-0.842436974789916,0.014473874656245478,0.0350140056022409,0.3589275840108562,0.08559254052155013
svg/g/circle_83,0.750083,1.0,0.9902680687415704,0.13917310096006538,0.88,0.64,1.0,0.0,0.0,0.0,1.0,0.030677009873060657,0.2658850774352295,0.29483282674772043,-0.7906162464985994,-0.7205882352941176,0.280358952091475,-0.7556022408963585,0.014473874656245478,0.0350140056022409,0.3589275840108562,0.08559254052155013
svg/g/circle_82,0.750082,1.0,0.9902680687415704,0.13917310096006538,0.88,0.64,1.0,0.0,0.0,0.0,1.0,0.030324400564174903,0.2658850774352295,0.29483282674772043,-0.7037815126050421,-0.6337535014005603,0.280358952091475,-0.6687675070028012,0.014473874656245478,0.0350140056022409,0.3589275840108562,0.08559254052155013
svg/g/circle_81,0.750081,1.0,0.8290375725550417,0.5591929034707469,0.9700000000000004,0.59,1.0,0.0,0.0,0.0,1.0,0.02997179125528915,0.2658850774352295,0.29483282674772043,-0.6176470588235294,-0.5476190476190477,0.280358952091475,-0.5826330532212886,0.014473874656245478,0.0350140056022409,0.3589275840108562,0.08559254052155013
svg/g/circle_80,0.75008,1.0,0.8480480961564258,0.529919264233205,0.35,0.47,1.0,0.0,0.0,0.0,1.0,0.029619181946403395,0.2658850774352295,0.29483282674772043,-0.530812324929972,-0.4607843137254902,0.280358952091475,-0.4957983193277311,0.014473874656245478,0.0350140056022409,0.3589275840108562,0.08559254052155013
svg/g/circle_79,0.750079,1.0,0.9902680687415704,0.13917310096006538,0.88,0.64,1.0,0.0,0.0,0.0,1.0,0.02926657263751764,0.3017802865827182,0.33072803589520916,-0.8774509803921569,-0.8074229691876751,0.31625416123896366,-0.842436974789916,0.014473874656245478,0.0350140056022409,0.3589275840108562,0.08559254052155013
svg/g/circle_78,0.750078,1.0,0.9902680687415704,0.13917310096006538,0.88,0.64,1.0,0.0,0.0,0.0,1.0,0.028913963328631886,0.3017802865827182,0.33072803589520916,-0.7906162464985994,-0.7205882352941176,0.31625416123896366,-0.7556022408963585,0.014473874656245478,0.0350140056022409,0.3589275840108562,0.08559254052155013
svg/g/circle_77,0.750077,1.0,0.9902680687415704,0.13917310096006538,0.88,0.64,1.0,0.0,0.0,0.0,1.0,0.028561354019746132,0.3017802865827182,0.33072803589520916,-0.7037815126050421,-0.6337535014005603,0.31625416123896366,-0.6687675070028012,0.014473874656245478,0.0350140056022409,0.3589275840108562,0.08559254052155013
svg/g/circle_76,0.750076,1.0,0.8290375725550417,0.5591929034707469,0.9700000000000004,0.59,1.0,0.0,0.0,0.0,1.0,0.02820874471086038,0.3017802865827182,0.33072803589520916,-0.6176470588235294,-0.5476190476190477,0.31625416123896366,-0.5826330532212886,0.014473874656245478,0.0350140056022409,0.3589275840108562,0.08559254052155013
svg/g/circle_75,0.7500749999999999,1.0,0.9902680687415704,0.13917310096006538,0.88,0.64,1.0,0.0,0.0,0.0,1.0,0.027856135401974624,0.3379649732233319,0.36691272253582286,-0.8774509803921569,-0.8074229691876751,0.35243884787957735,-0.842436974789916,0.014473874656245478,0.0350140056022409,0.3589275840108562,0.08559254052155013
svg/g/circle_74,0.750074,1.0,0.9902680687415704,0.13917310096006538,0.88,0.64,1.0,0.0,0.0,0.0,1.0,0.02750352609308887,0.3379649732233319,0.36691272253582286,-0.7906162464985994,-0.7205882352941176,0.35243884787957735,-0.7556022408963585,0.014473874656245478,0.0350140056022409,0.3589275840108562,0.08559254052155013
svg/g/circle_73,0.750073,1.0,0.9902680687415704,0.13917310096006538,0.88,0.64,1.0,0.0,0.0,0.0,1.0,0.027150916784203116,0.3379649732233319,0.36691272253582286,-0.7037815126050421,-0.6337535014005603,0.35243884787957735,-0.6687675070028012,0.014473874656245478,0.0350140056022409,0.3589275840108562,0.08559254052155013
svg/g/circle_72,0.750072,1.0,0.8290375725550417,0.5591929034707469,0.9700000000000004,0.59,1.0,0.0,0.0,0.0,1.0,0.026798307475317362,0.3379649732233319,0.36691272253582286,-0.6176470588235294,-0.5476190476190477,0.35243884787957735,-0.5826330532212886,0.014473874656245478,0.0350140056022409,0.3589275840108562,0.08559254052155013
svg/g/circle_71,0.7500709999999999,1.0,0.9902680687415704,0.13917310096006538,0.88,0.64,1.0,0.0,0.0,0.0,1.0,0.02644569816643158,0.3732812273845708,0.40222897669706176,-0.8774509803921569,-0.8074229691876751,0.3877551020408163,-0.842436974789916,0.014473874656245478,0.0350140056022409,0.3589275840108562,0.08559254052155013
svg/g/circle_70,0.75007,1.0,0.9902680687415704,0.13917310096006538,0.88,0.64,1.0,0.0,0.0,0.0,1.0,0.026093088857545826,0.3732812273845708,0.40222897669706176,-0.7906162464985994,-0.7205882352941176,0.3877551020408163,-0.7556022408963585,0.014473874656245478,0.0350140056022409,0.3589275840108562,0.08559254052155013
svg/g/circle_69,0.750069,1.0,0.9902680687415704,0.13917310096006538,0.88,0.64,1.0,0.0,0.0,0.0,1.0,0.025740479548660072,0.3732812273845708,0.40222897669706176,-0.7037815126050421,-0.6337535014005603,0.3877551020408163,-0.6687675070028012,0.014473874656245478,0.0350140056022409,0.3589275840108562,0.08559254052155013
svg/g/circle_68,0.750068,1.0,0.8290375725550417,0.5591929034707469,0.9700000000000004,0.59,1.0,0.0,0.0,0.0,1.0,0.02538787023977432,0.3732812273845708,0.40222897669706176,-0.6176470588235294,-0.5476190476190477,0.3877551020408163,-0.5826330532212886,0.014473874656245478,0.0350140056022409,0.3589275840108562,0.08559254052155013
svg/g/circle_67,0.7500669999999999,1.0,0.9902680687415704,0.13917310096006538,0.88,0.64,1.0,0.0,0.0,0.0,1.0,0.025035260930888564,0.4094659140251845,0.43841366333767545,-0.8774509803921569,-0.8074229691876751,0.42393978868143,-0.842436974789916,0.014473874656245478,0.0350140056022409,0.3589275840108562,0.08559254052155013
svg/g/circle_66,0.750066,1.0,0.9902680687415704,0.13917310096006538,0.88,0.64,1.0,0.0,0.0,0.0,1.0,0.02468265162200281,0.4094659140251845,0.43841366333767545,-0.7906162464985994,-0.7205882352941176,0.42393978868143,-0.7556022408963585,0.014473874656245478,0.0350140056022409,0.3589275840108562,0.08559254052155013
svg/g/circle_65,0.750065,1.0,0.9902680687415704,0.13917310096006538,0.88,0.64,1.0,0.0,0.0,0.0,1.0,0.024330042313117056,0.4094659140251845,0.43841366333767545,-0.7037815126050421,-0.6337535014005603,0.42393978868143,-0.6687675070028012,0.014473874656245478,0.0350140056022409,0.3589275840108562,0.08559254052155013
svg/g/circle_64,0.750064,1.0,0.15643446504023026,0.9876883405951378,0.5800000000000004,0.54,1.0,0.0,0.0,0.0,1.0,0.023977433004231302,0.4094659140251845,0.43841366333767545,-0.6176470588235294,-0.5476190476190477,0.42393978868143,-0.5826330532212886,0.014473874656245478,0.0350140056022409,0.3589275840108562,0.08559254052155013
svg/g/circle_63,0.7500629999999999,1.0,0.9902680687415704,0.13917310096006538,0.88,0.64,1.0,0.0,0.0,0.0,1.0,0.023624823695345548,0.44536112317267323,0.4743088724851642,-0.8774509803921569,-0.8074229691876751,0.45983499782891873,-0.842436974789916,0.014473874656245478,0.0350140056022409,0.3589275840108562,0.08559254052155013
svg/g/circle_62,0.7500620000000001,1.0,0.9902680687415704,0.13917310096006538,0.88,0.64,1.0,0.0,0.0,0.0,1.0,0.023272214386459794,0.44536112317267323,0.4743088724851642,-0.7906162464985994,-0.7205882352941176,0.45983499782891873,-0.7556022408963585,0.014473874656245478,0.0350140056022409,0.3589275840108562,0.08559254052155013
svg/g/circle_61,0.7500610000000001,1.0,0.8290375725550417,0.5591929034707469,0.9700000000000004,0.59,1.0,0.0,0.0,0.0,1.0,0.02291960507757404,0.44536112317267323,0.4743088724851642,-0.7037815126050421,-0.6337535014005603,0.45983499782891873,-0.6687675070028012,0.014473874656245478,0.0350140056022409,0.3589275840108562,0.08559254052155013
svg/g/circle_60,0.75006,1.0,0.15643446504023026,0.9876883405951378,0.5800000000000004,0.54,1.0,0.0,0.0,0.0,1.0,0.022566995768688286,0.44536112317267323,0.4743088724851642,-0.6176470588235294,-0.5476190476190477,0.45983499782891873,-0.5826330532212886,0.014473874656245478,0.0350140056022409,0.3589275840108562,0.08559254052155013
svg/g/circle_59,0.7500589999999999,1.0,-0.5735764363510464,-0.8191520442889916,1.0,0.58,1.0,0.0,0.0,0.0,1.0,0.022214386459802532,0.5767839050513824,0.6057316543638734,-0.8774509803921569,-0.8074229691876751,0.5912577797076279,-0.842436974789916,0.014473874656245478,0.0350140056022409,0.3589275840108562,0.08559254052155013
svg/g/circle_58,0.7500579999999999,1.0,-0.5735764363510464,-0.8191520442889916,1.0,0.58,1.0,0.0,0.0,0.0,1.0,0.021861777150916778,0.5767839050513824,0.6057316543638734,-0.7906162464985994,-0.7205882352941176,0.5912577797076279,-0.7556022408963585,0.014473874656245478,0.0350140056022409,0.3589275840108562,0.08559254052155013
svg/g/circle_57,0.7500570000000001,1.0,0.9902680687415704,0.13917310096006538,0.88,0.64,1.0,0.0,0.0,0.0,1.0,0.021509167842031024,0.5767839050513824,0.6057316543638734,-0.7037815126050421,-0.6337535014005603,0.5912577797076279,-0.6687675070028012,0.014473874656245478,0.0350140056022409,0.3589275840108562,0.08559254052155013
svg/g/circle_56,0.7500560000000001,1.0,0.15643446504023026,0.9876883405951378,0.5800000000000004,0.54,1.0,0.0,0.0,0.0,1.0,0.02115655853314527,0.5767839050513824,0.6057316543638734,-0.6176470588235294,-0.5476190476190477,0.5912577797076279,-0.5826330532212886,0.014473874656245478,0.0350140056022409,0.3589275840108562,0.08559254052155013
svg/g/circle_55,0.750055,1.0,0.8290375725550417,0.5591929034707469,0.9700000000000004,0.59,1.0,0.0,0.0,0.0,1.0,0.020803949224259516,0.5767839050513824,0.6057316543638734,-0.530812324929972,-0.4607843137254902,0.5912577797076279,-0.4957983193277311,0.014473874656245478,0.0350140056022409,0.3589275840108562,0.08559254052155013
svg/g/circle_54,0.750054,1.0,-0.5735764363510464,-0.8191520442889916,1.0,0.58,1.0,0.0,0.0,0.0,1.0,0.020451339915373762,0.6126791141988711,0.6416268635113621,-0.8774509803921569,-0.8074229691876751,0.6271529888551166,-0.842436974789916,0.014473874656245478,0.0350140056022409,0.3589275840108562,0.08559254052155013
svg/g/circle_53,0.7500530000000001,1.0,-0.5735764363510464,-0.8191520442889916,1.0,0.58,1.0,0.0,0.0,0.0,1.0,0.020098730606488008,0.6126791141988711,0.6416268635113621,-0.7906162464985994,-0.7205882352941176,0.6271529888551166,-0.7556022408963585,0.014473874656245478,0.0350140056022409,0.3589275840108562,0.08559254052155013
svg/g/circle_52,0.750052,1.0,0.9902680687415704,0.13917310096006538,0.88,0.64,1.0,0.0,0.0,0.0,1.0,0.019746121297602254,0.6126791141988711,0.6416268635113621,-0.7037815126050421,-0.6337535014005603,0.6271529888551166,-0.6687675070028012,0.014473874656245478,0.0350140056022409,0.3589275840108562,0.08559254052155013
svg/g/circle_51,0.750051,1.0,0.15643446504023026,0.9876883405951378,0.5800000000000004,0.54,1.0,0.0,0.0,0.0,1.0,0.0193935119887165,0.6126791141988711,0.6416268635113621,-0.6176470588235294,-0.5476190476190477,0.6271529888551166,-0.5826330532212886,0.014473874656245478,0.0350140056022409,0.3589275840108562,0.08559254052155013
svg/g/circle_50,0.75005,1.0,0.8290375725550417,0.5591929034707469,0.9700000000000004,0.59,1.0,0.0,0.0,0.0,1.0,0.019040902679830746,0.6126791141988711,0.6416268635113621,-0.530812324929972,-0.4607843137254902,0.6271529888551166,-0.4957983193277311,0.014473874656245478,0.0350140056022409,0.3589275840108562,0.08559254052155013
svg/g/circle_49,0.7500490000000001,1.0,-0.5735764363510464,-0.8191520442889916,1.0,0.58,1.0,0.0,0.0,0.0,1.0,0.01868829337094499,0.6485743233463599,0.6775220726588508,-0.8774509803921569,-0.8074229691876751,0.6630481980026054,-0.842436974789916,0.014473874656245478,0.0350140056022409,0.3589275840108562,0.08559254052155013
svg/g/circle_48,0.750048,1.0,-0.5735764363510464,-0.8191520442889916,1.0,0.58,1.0,0.0,0.0,0.0,1.0,0.018335684062059238,0.6485743233463599,0.6775220726588508,-0.7906162464985994,-0.7205882352941176,0.6630481980026054,-0.7556022408963585,0.014473874656245478,0.0350140056022409,0.3589275840108562,0.08559254052155013
svg/g/circle_47,0.750047,1.0,0.9902680687415704,0.13917310096006538,0.88,0.64,1.0,0.0,0.0,0.0,1.0,0.017983074753173484,0.6485743233463599,0.6775220726588508,-0.7037815126050421,-0.6337535014005603,0.6630481980026054,-0.6687675070028012,0.014473874656245478,0.0350140056022409,0.3589275840108562,0.08559254052155013
svg/g/circle_46,0.750046,1.0,0.15643446504023026,0.9876883405951378,0.5800000000000004,0.54,1.0,0.0,0.0,0.0,1.0,0.01763046544428773,0.6485743233463599,0.6775220726588508,-0.6176470588235294,-0.5476190476190477,0.6630481980026054,-0.5826330532212886,0.014473874656245478,0.0350140056022409,0.3589275840108562,0.08559254052155013
svg/g/circle_45,0.750045,1.0,0.8290375725550417,0.5591929034707469,0.9700000000000004,0.59,1.0,0.0,0.0,0.0,1.0,0.017277856135401976,0.6485743233463599,0.6775220726588508,-0.530812324929972,-0.4607843137254902,0.6630481980026054,-0.4957983193277311,0.014473874656245478,0.0350140056022409,0.3589275840108562,0.08559254052155013
svg/g/circle_44,0.750044,1.0,-0.5735764363510464,-0.8191520442889916,1.0,0.58,1.0,0.0,0.0,0.0,1.0,0.01692524682651622,0.6841800550007237,0.7131278043132145,-0.8774509803921569,-0.8074229691876751,0.698653929656969,-0.842436974789916,0.014473874656245478,0.0350140056022409,0.3589275840108562,0.08559254052155013
svg/g/circle_43,0.750043,1.0,-0.5735764363510464,-0.8191520442889916,1.0,0.58,1.0,0.0,0.0,0.0,1.0,0.016572637517630467,0.6841800550007237,0.7131278043132145,-0.7906162464985994,-0.7205882352941176,0.698653929656969,-0.7556022408963585,0.014473874656245478,0.0350140056022409,0.3589275840108562,0.08559254052155013
svg/g/circle_42,0.750042,1.0,0.9902680687415704,0.13917310096006538,0.88,0.64,1.0,0.0,0.0,0.0,1.0,0.016220028208744713,0.6841800550007237,0.7131278043132145,-0.7037815126050421,-0.6337535014005603,0.698653929656969,-0.6687675070028012,0.014473874656245478,0.0350140056022409,0.3589275840108562,0.08559254052155013
svg/g/circle_41,0.750041,1.0,0.15643446504023026,0.9876883405951378,0.5800000000000004,0.54,1.0,0.0,0.0,0.0,1.0,0.01586741889985896,0.6841800550007237,0.7131278043132145,-0.6176470588235294,-0.5476190476190477,0.698653929656969,-0.5826330532212886,0.014473874656245478,0.0350140056022409,0.3589275840108562,0.08559254052155013
svg/g/circle_40,0.75004,1.0,0.8290375725550417,0.5591929034707469,0.9700000000000004,0.59,1.0,0.0,0.0,0.0,1.0,0.015514809590973205,0.6841800550007237,0.7131278043132145,-0.530812324929972,-0.4607843137254902,0.698653929656969,-0.4957983193277311,0.014473874656245478,0.0350140056022409,0.3589275840108562,0.08559254052155013
svg/g/circle_39,0.750039,1.0,-0.5735764363510464,-0.8191520442889916,1.0,0.58,1.0,0.0,0.0,0.0,1.0,0.015162200282087451,0.7203647416413373,0.7493124909538282,-0.8774509803921569,-0.8074229691876751,0.7348386162975827,-0.842436974789916,0.014473874656245478,0.0350140056022409,0.3589275840108562,0.08559254052155013
svg/g/circle_38,0.750038,1.0,-0.5735764363510464,-0.8191520442889916,1.0,0.58,1.0,0.0,0.0,0.0,1.0,0.014809590973201697,0.7203647416413373,0.7493124909538282,-0.7906162464985994,-0.7205882352941176,0.7348386162975827,-0.7556022408963585,0.014473874656245478,0.0350140056022409,0.3589275840108562,0.08559254052155013
svg/g/circle_37,0.750037,1.0,0.9902680687415704,0.13917310096006538,0.88,0.64,1.0,0.0,0.0,0.0,1.0,0.014456981664315943,0.7203647416413373,0.7493124909538282,-0.7037815126050421,-0.6337535014005603,0.7348386162975827,-0.6687675070028012,0.014473874656245478,0.0350140056022409,0.3589275840108562,0.08559254052155013
svg/g/circle_36,0.750036,1.0,0.15643446504023026,0.9876883405951378,0.5800000000000004,0.54,1.0,0.0,0.0,0.0,1.0,0.01410437235543019,0.7203647416413373,0.7493124909538282,-0.6176470588235294,-0.5476190476190477,0.7348386162975827,-0.5826330532212886,0.014473874656245478,0.0350140056022409,0.3589275840108562,0.08559254052155013
svg/g/circle_35,0.750035,1.0,0.8290375725550417,0.5591929034707469,0.9700000000000004,0.59,1.0,0.0,0.0,0.0,1.0,0.013751763046544435,0.7203647416413373,0.7493124909538282,-0.530812324929972,-0.4607843137254902,0.7348386162975827,-0.4957983193277311,0.014473874656245478,0.0350140056022409,0.3589275840108562,0.08559254052155013
svg/g/circle_34,0.750034,1.0,-0.5735764363510464,-0.8191520442889916,1.0,0.58,1.0,0.0,0.0,0.0,1.0,0.013399153737658681,0.7562599507888264,0.7852077001013174,-0.8774509803921569,-0.8074229691876751,0.7707338254450719,-0.842436974789916,0.014473874656245478,0.0350140056022409,0.3589275840108562,0.08559254052155013
svg/g/circle_33,0.750033,1.0,-0.5735764363510464,-0.8191520442889916,1.0,0.58,1.0,0.0,0.0,0.0,1.0,0.013046544428772927,0.7562599507888264,0.7852077001013174,-0.7906162464985994,-0.7205882352941176,0.7707338254450719,-0.7556022408963585,0.014473874656245478,0.0350140056022409,0.3589275840108562,0.08559254052155013
svg/g/circle_32,0.750032,1.0,0.9902680687415704,0.13917310096006538,0.88,0.64,1.0,0.0,0.0,0.0,1.0,0.012693935119887173,0.7562599507888264,0.7852077001013174,-0.7037815126050421,-0.6337535014005603,0.7707338254450719,-0.6687675070028012,0.014473874656245478,0.0350140056022409,0.3589275840108562,0.08559254052155013
svg/g/circle_31,0.750031,1.0,0.15643446504023026,0.9876883405951378,0.5800000000000004,0.54,1.0,0.0,0.0,0.0,1.0,0.012341325811001419,0.7562599507888264,0.7852077001013174,-0.6176470588235294,-0.5476190476190477,0.7707338254450719,-0.5826330532212886,0.014473874656245478,0.0350140056022409,0.3589275840108562,0.08559254052155013
svg/g/circle_30,0.75003,1.0,0.8290375725550417,0.5591929034707469,0.9700000000000004,0.59,1.0,0.0,0.0,0.0,1.0,0.011988716502115665,0.7562599507888264,0.7852077001013174,-0.530812324929972,-0.4607843137254902,0.7707338254450719,-0.4957983193277311,0.014473874656245478,0.0350140056022409,0.3589275840108562,0.08559254052155013
svg/g/circle_29,0.750029,1.0,-0.5735764363510464,-0.8191520442889916,1.0,0.58,1.0,0.0,0.0,0.0,1.0,0.011636107193229911,0.7912867274569402,0.8202344767694311,-0.8774509803921569,-0.8074229691876751,0.8057606021131857,-0.842436974789916,0.014473874656245478,0.0350140056022409,0.3589275840108562,0.08559254052155013
svg/g/circle_28,0.7500279999999999,1.0,-0.5735764363510464,-0.8191520442889916,1.0,0.58,1.0,0.0,0.0,0.0,1.0,0.011283497884344157,0.7912867274569402,0.8202344767694311,-0.7906162464985994,-0.7205882352941176,0.8057606021131857,-0.7556022408963585,0.014473874656245478,0.0350140056022409,0.3589275840108562,0.08559254052155013
svg/g/circle_27,0.750027,1.0,0.9902680687415704,0.13917310096006538,0.88,0.64,1.0,0.0,0.0,0.0,1.0,0.010930888575458403,0.7912867274569402,0.8202344767694311,-0.7037815126050421,-0.6337535014005603,0.8057606021131857,-0.6687675070028012,0.014473874656245478,0.0350140056022409,0.3589275840108562,0.08559254052155013
svg/g/circle_26,0.750026,1.0,0.15643446504023026,0.9876883405951378,0.5800000000000004,0.54,1.0,0.0,0.0,0.0,1.0,0.010578279266572649,0.7912867274569402,0.8202344767694311,-0.6176470588235294,-0.5476190476190477,0.8057606021131857,-0.5826330532212886,0.014473874656245478,0.0350140056022409,0.3589275840108562,0.08559254052155013
svg/g/circle_25,0.7500249999999999,1.0,0.8290375725550417,0.5591929034707469,0.9700000000000004,0.59,1.0,0.0,0.0,0.0,1.0,0.010225669957686895,0.7912867274569402,0.8202344767694311,-0.530812324929972,-0.4607843137254902,0.8057606021131857,-0.4957983193277311,0.014473874656245478,0.0350140056022409,0.3589275840108562,0.08559254052155013
svg/g/circle_24,0.7500239999999999,1.0,-0.5735764363510464,-0.8191520442889916,1.0,0.58,1.0,0.0,0.0,0.0,1.0,0.00987306064880114,0.8274714140975539,0.8564191634100448,-0.8774509803921569,-0.8074229691876751,0.8419452887537994,-0.842436974789916,0.014473874656245478,0.0350140056022409,0.3589275840108562,0.08559254052155013
svg/g/circle_23,0.7500230000000001,1.0,-0.5735764363510464,-0.8191520442889916,1.0,0.58,1.0,0.0,0.0,0.0,1.0,0.009520451339915387,0.8274714140975539,0.8564191634100448,-0.7906162464985994,-0.7205882352941176,0.8419452887537994,-0.7556022408963585,0.014473874656245478,0.0350140056022409,0.3589275840108562,0.08559254052155013
svg/g/circle_22,0.750022,1.0,0.9902680687415704,0.13917310096006538,0.88,0.64,1.0,0.0,0.0,0.0,1.0,0.009167842031029633,0.8274714140975539,0.8564191634100448,-0.7037815126050421,-0.6337535014005603,0.8419452887537994,-0.6687675070028012,0.014473874656245478,0.0350140056022409,0.3589275840108562,0.08559254052155013
svg/g/circle_21,0.7500209999999999,1.0,0.8290375725550417,0.5591929034707469,0.9700000000000004,0.59,1.0,0.0,0.0,0.0,1.0,0.008815232722143851,0.8274714140975539,0.8564191634100448,-0.6176470588235294,-0.5476190476190477,0.8419452887537994,-0.5826330532212886,0.014473874656245478,0.0350140056022409,0.3589275840108562,0.08559254052155013
svg/g/circle_20,0.7500199999999999,1.0,0.8290375725550417,0.5591929034707469,0.9700000000000004,0.59,1.0,0.0,0.0,0.0,1.0,0.008462623413258097,0.8274714140975539,0.8564191634100448,-0.530812324929972,-0.4607843137254902,0.8419452887537994,-0.4957983193277311,0.014473874656245478,0.0350140056022409,0.3589275840108562,0.08559254052155013
svg/g/circle_19,0.7500190000000001,1.0,-0.5735764363510464,-0.8191520442889916,1.0,0.58,1.0,0.0,0.0,0.0,1.0,0.008110014104372343,0.8633666232450429,0.8923143725575339,-0.8774509803921569,-0.8074229691876751,0.8778404979012884,-0.842436974789916,0.014473874656245478,0.0350140056022409,0.3589275840108562,0.08559254052155013
svg/g/circle_18,0.7500180000000001,1.0,-0.5735764363510464,-0.8191520442889916,1.0,0.58,1.0,0.0,0.0,0.0,1.0,0.007757404795486589,0.8633666232450429,0.8923143725575339,-0.7906162464985994,-0.7205882352941176,0.8778404979012884,-0.7556022408963585,0.014473874656245478,0.0350140056022409,0.3589275840108562,0.08559254052155013
svg/g/circle_17,0.750017,1.0,0.9902680687415704,0.13917310096006538,0.88,0.64,1.0,0.0,0.0,0.0,1.0,0.007404795486600835,0.8633666232450429,0.8923143725575339,-0.7037815126050421,-0.6337535014005603,0.8778404979012884,-0.6687675070028012,0.014473874656245478,0.0350140056022409,0.3589275840108562,0.08559254052155013
svg/g/circle_16,0.750016,1.0,0.8290375725550417,0.5591929034707469,0.9700000000000004,0.59,1.0,0.0,0.0,0.0,1.0,0.007052186177715081,0.8633666232450429,0.8923143725575339,-0.6176470588235294,-0.5476190476190477,0.8778404979012884,-0.5826330532212886,0.014473874656245478,0.0350140056022409,0.3589275840108562,0.08559254052155013
svg/g/circle_15,0.7500149999999999,1.0,0.8290375725550417,0.5591929034707469,0.9700000000000004,0.59,1.0,0.0,0.0,0.0,1.0,0.006699576868829327,0.8633666232450429,0.8923143725575339,-0.530812324929972,-0.4607843137254902,0.8778404979012884,-0.4957983193277311,0.014473874656245478,0.0350140056022409,0.3589275840108562,0.08559254052155013
svg/g/circle_14,0.7500140000000001,1.0,-0.5735764363510464,-0.8191520442889916,1.0,0.58,1.0,0.0,0.0,0.0,1.0,0.006346967559943573,0.8989723548994066,0.9279201042118976,-0.8774509803921569,-0.8074229691876751,0.9134462295556521,-0.842436974789916,0.014473874656245478,0.0350140056022409,0.3589275840108562,0.08559254052155013
svg/g/circle_13,0.750013,1.0,-0.5735764363510464,-0.8191520442889916,1.0,0.58,1.0,0.0,0.0,0.0,1.0,0.005994358251057819,0.8989723548994066,0.9279201042118976,-0.7906162464985994,-0.7205882352941176,0.9134462295556521,-0.7556022408963585,0.014473874656245478,0.0350140056022409,0.3589275840108562,0.08559254052155013
svg/g/circle_12,0.750012,1.0,0.9902680687415704,0.13917310096006538,0.88,0.64,1.0,0.0,0.0,0.0,1.0,0.005641748942172065,0.8989723548994066,0.9279201042118976,-0.7037815126050421,-0.6337535014005603,0.9134462295556521,-0.6687675070028012,0.014473874656245478,0.0350140056022409,0.3589275840108562,0.08559254052155013
svg/g/circle_11,0.750011,1.0,0.8290375725550417,0.5591929034707469,0.9700000000000004,0.59,1.0,0.0,0.0,0.0,1.0,0.0052891396332863105,0.8989723548994066,0.9279201042118976,-0.6176470588235294,-0.5476190476190477,0.9134462295556521,-0.5826330532212886,0.014473874656245478,0.0350140056022409,0.3589275840108562,0.08559254052155013
svg/g/circle_10,0.7500100000000001,1.0,0.8290375725550417,0.5591929034707469,0.9700000000000004,0.59,1.0,0.0,0.0,0.0,1.0,0.0049365303244005565,0.8989723548994066,0.9279201042118976,-0.530812324929972,-0.4607843137254902,0.9134462295556521,-0.4957983193277311,0.014473874656245478,0.0350140056022409,0.3589275840108562,0.08559254052155013
svg/g/circle_9,0.750009,1.0,-0.5735764363510464,-0.8191520442889916,1.0,0.58,1.0,0.0,0.0,0.0,1.0,0.0045839210155148025,0.9348675640468953,0.9638153133593863,-0.8774509803921569,-0.8074229691876751,0.9493414387031408,-0.842436974789916,0.014473874656245478,0.0350140056022409,0.3589275840108562,0.08559254052155013
svg/g/circle_8,0.750008,1.0,-0.5735764363510464,-0.8191520442889916,1.0,0.58,1.0,0.0,0.0,0.0,1.0,0.004231311706629048,0.9348675640468953,0.9638153133593863,-0.7906162464985994,-0.7205882352941176,0.9493414387031408,-0.7556022408963585,0.014473874656245478,0.0350140056022409,0.3589275840108562,0.08559254052155013
svg/g/circle_7,0.750007,1.0,0.9902680687415704,0.13917310096006538,0.88,0.64,1.0,0.0,0.0,0.0,1.0,0.0038787023977432944,0.9348675640468953,0.9638153133593863,-0.7037815126050421,-0.6337535014005603,0.9493414387031408,-0.6687675070028012,0.014473874656245478,0.0350140056022409,0.3589275840108562,0.08559254052155013
svg/g/circle_6,0.7500060000000001,1.0,0.8290375725550417,0.5591929034707469,0.9700000000000004,0.59,1.0,0.0,0.0,0.0,1.0,0.0035260930888575404,0.9348675640468953,0.9638153133593863,-0.6176470588235294,-0.5476190476190477,0.9493414387031408,-0.5826330532212886,0.014473874656245478,0.0350140056022409,0.3589275840108562,0.08559254052155013
svg/g/circle_5,0.750005,1.0,0.8480480961564258,0.529919264233205,0.35,0.47,1.0,0.0,0.0,0.0,1.0,0.0031734837799717863,0.9348675640468953,0.9638153133593863,-0.530812324929972,-0.4607843137254902,0.9493414387031408,-0.4957983193277311,0.014473874656245478,0.0350140056022409,0.3589275840108562,0.08559254052155013
svg/g/circle_4,0.750004,1.0,-0.5735764363510464,-0.8191520442889916,1.0,0.58,1.0,0.0,0.0,0.0,1.0,0.0028208744710860323,0.971052250687509,1.0,-0.8774509803921569,-0.8074229691876751,0.9855261253437545,-0.842436974789916,0.014473874656245478,0.0350140056022409,0.3589275840108562,0.08559254052155013
svg/g/circle_3,0.750003,1.0,-0.5735764363510464,-0.8191520442889916,1.0,0.58,1.0,0.0,0.0,0.0,1.0,0.0024682651622002783,0.971052250687509,1.0,-0.7906162464985994,-0.7205882352941176,0.9855261253437545,-0.7556022408963585,0.014473874656245478,0.0350140056022409,0.3589275840108562,0.08559254052155013
svg/g/circle_2,0.7500020000000001,1.0,0.9902680687415704,0.13917310096006538,0.88,0.64,1.0,0.0,0.0,0.0,1.0,0.002115655853314524,0.971052250687509,1.0,-0.7037815126050421,-0.6337535014005603,0.9855261253437545,-0.6687675070028012,0.014473874656245478,0.0350140056022409,0.3589275840108562,0.08559254052155013
svg/g/circle_1,0.750001,1.0,0.8290375725550417,0.5591929034707469,0.9700000000000004,0.59,1.0,0.0,0.0,0.0,1.0,0.0017630465444287702,0.971052250687509,1.0,-0.6176470588235294,-0.5476190476190477,0.9855261253437545,-0.5826330532212886,0.014473874656245478,0.0350140056022409,0.3589275840108562,0.08559254052155013
svg/g/circle,0.75,1.0,0.8480480961564258,0.529919264233205,0.35,0.47,1.0,0.0,0.0,0.0,1.0,0.0014104372355430161,0.971052250687509,1.0,-0.530812324929972,-0.4607843137254902,0.9855261253437545,-0.4957983193277311,0.014473874656245478,0.0350140056022409,0.3589275840108562,0.08559254052155013
svg/g/g_14/path_10,0.9000100000000001,1.0,1.0,0.0,0.0,0.36,1.0,0.0,0.0,0.0,1.0,0.12605782792665726,-0.9985526125343754,-0.9736575481256332,-0.9957983193277311,-0.9355742296918769,-0.9861050803300043,-0.9656862745098039,0.012447532204371113,0.030112044817927185,0.0,0.10286016383569373
svg/g/g_14/path_9,0.9000090000000001,1.0,1.0,0.0,0.0,0.36,1.0,0.0,0.0,0.0,1.0,0.09480782792665726,-0.9698943407150095,-0.9423939788681429,-0.9992997198879552,-0.9355742296918769,-0.9561441597915761,-0.967436974789916,0.013750180923433209,0.031862745098039214,0.0,0.11750807642470734
svg/g/g_14/path_8,0.900008,1.0,1.0,0.0,0.0,0.36,1.0,0.0,0.0,0.0,1.0,0.06355782792665726,-0.9397886814300188,-0.9134462295556519,-0.9992997198879552,-0.9348739495798318,-0.9266174554928354,-0.9670868347338937,0.013171225937183385,0.03221288515406161,0.0,0.11624271961883414
svg/g/g_14/path_7,0.900007,1.0,1.0,0.0,0.0,0.36,1.0,0.0,0.0,0.0,1.0,0.03230782792665726,-0.9105514546244029,-0.8830510927775365,-0.9992997198879552,-0.9355742296918769,-0.8968012737009696,-0.967436974789916,0.013750180923433204,0.031862745098039214,0.0,0.11750807642470734
svg/g/g_13/path_6,0.9000060000000001,1.0,1.0,0.0,0.0,0.36,1.0,0.0,0.0,0.0,1.0,0.1257052186177715,-0.4725720075264148,-0.446519033145173,-1.0,-0.9362745098039216,-0.45954552033579393,-0.9681372549019607,0.013026487190620889,0.03186274509803919,0.0,0.11177237380732276
svg/g/g_13/path_5,0.900005,1.0,1.0,0.0,0.0,0.36,1.0,0.0,0.0,0.0,1.0,0.09445521861777151,-0.4424663482414242,-0.4152554638876827,-0.9992997198879552,-0.9348739495798318,-0.4288609060645534,-0.9670868347338937,0.013605442176870756,0.03221288515406162,0.0,0.11211394157602181
svg/g/g_12/path_4,0.900004,1.0,1.0,0.0,0.0,0.36,1.0,0.0,0.0,0.0,1.0,0.12535260930888575,0.05485598494717066,0.08148791431466214,-0.9978991596638654,-0.9362745098039216,0.0681719496309164,-0.9670868347338937,0.01331596468374574,0.030812324929972,0.0,0.11268693322271044
svg/g/g_12/path_3,0.900003,1.0,1.0,0.0,0.0,0.36,1.0,0.0,0.0,0.0,1.0,0.09410260930888575,0.08351425676653647,0.11101461861340305,-0.9957983193277311,-0.9341736694677871,0.09726443768996984,-0.9649859943977591,0.013750180923433285,0.030812324929971976,0.0,0.11508937115511805
svg/g/g_11/path_2,0.9000020000000001,1.0,1.0,0.0,0.0,0.36,1.0,0.0,0.0,0.0,1.0,0.125,0.5796786799826316,0.606021131856998,-1.0,-0.9355742296918769,0.5928499059198148,-0.9677871148459384,0.01317122593718325,0.032212885154061635,0.0,0.11682490239484972
svg/g/g_11/path_1,0.900001,1.0,1.0,0.0,0.0,0.36,1.0,0.0,0.0,0.0,1.0,0.09375,0.6083369518019975,0.6352583586626143,-0.9985994397759103,-0.9369747899159664,0.6217976552323058,-0.9677871148459384,0.013460703430308392,0.030812324929971976,0.0,0.10547389206120923
svg/g/g_11/path,0.9,1.0,1.0,0.0,0.0,0.36,1.0,0.0,0.0,0.0,1.0,0.0625,0.6384426110869881,0.6639166304819802,-0.9978991596638654,-0.9355742296918769,0.6511796207844843,-0.9667366946778712,0.012737009697496119,0.03116246498599439,0.0,0.10252685616383263
