tag_name,tag,opacity,fill_l,fill_a,fill_b,stroke_l,stroke_a,stroke_b,stroke_width,layer,bbox_min_top,bbox_max_bottom,bbox_min_left,bbox_max_right,bbox_center_x,bbox_center_y,bbox_width,bbox_height,bbox_fill_area,bbox_stroke_area
svg/g_13/g_14/polygon_1,1.0,0.1,0.4656862580702639,0.7951883214534375,0.4156432629720656,1e-08,0.5019607882352941,0.5019607882352941,0.1,0.1,0.0,1.0,1.0,1.0,1.0,0.0,0.0,1.0,0.0,0.3
svg/g_11/g_12/polygon,0.0,0.1,0.4149402009570995,0.6542823713529052,0.19414623256474584,1e-08,0.5019607882352941,0.5019607882352941,0.1,0.1,1.0,0.0,0.0,0.0,0.0,1.0,1.0,0.0,1.0,0.0
