tag_name,tag,opacity,fill_h,fill_s,fill_l,stroke_h,stroke_s,stroke_l,stroke_width,layer,bbox_min_top,bbox_max_bottom,bbox_min_left,bbox_max_right,bbox_center_x,bbox_center_y,bbox_width,bbox_height,bbox_fill_area,bbox_stroke_area
svg/g/circle_649,1,1.0,235.0,90.99999999999999,61.0,0.0,0.0,0.0,1.0,"[0, 1, 0]",242.1,252.1,19.5,29.5,24.5,247.1,10.0,10.0,78.53981633974483,31.41592653589793
svg/g/circle_648,1,1.0,235.0,90.99999999999999,61.0,0.0,0.0,0.0,1.0,"[0, 1, 1]",254.5,264.5,19.5,29.5,24.5,259.5,10.0,10.0,78.53981633974483,31.41592653589793
svg/g/circle_647,1,1.0,34.0,93.0,57.99999999999999,0.0,0.0,0.0,1.0,"[0, 1, 2]",266.9,276.9,19.5,29.5,24.5,271.9,10.0,10.0,78.53981633974483,31.41592653589793
svg/g/circle_646,1,1.0,83.0,50.0,51.0,0.0,0.0,0.0,1.0,"[0, 1, 3]",279.2,289.2,19.5,29.5,24.5,284.2,10.0,10.0,78.53981633974483,31.41592653589793
svg/g/circle_645,1,1.0,31.999999999999993,35.00000000000002,46.0,0.0,0.0,0.0,1.0,"[0, 1, 4]",291.6,301.6,19.5,29.5,24.5,296.6,10.0,10.0,78.53981633974483,31.41592653589793
svg/g/circle_644,1,1.0,235.0,90.99999999999999,61.0,0.0,0.0,0.0,1.0,"[0, 1, 5]",242.1,252.1,31.9,41.9,36.9,247.1,10.0,10.0,78.53981633974483,31.41592653589793
svg/g/circle_643,1,1.0,235.0,90.99999999999999,61.0,0.0,0.0,0.0,1.0,"[0, 1, 6]",254.5,264.5,31.9,41.9,36.9,259.5,10.0,10.0,78.53981633974483,31.41592653589793
svg/g/circle_642,1,1.0,34.0,93.0,57.99999999999999,0.0,0.0,0.0,1.0,"[0, 1, 7]",266.9,276.9,31.9,41.9,36.9,271.9,10.0,10.0,78.53981633974483,31.41592653589793
svg/g/circle_641,1,1.0,83.0,50.0,51.0,0.0,0.0,0.0,1.0,"[0, 1, 8]",279.2,289.2,31.9,41.9,36.9,284.2,10.0,10.0,78.53981633974483,31.41592653589793
svg/g/circle_640,1,1.0,31.999999999999993,35.00000000000002,46.0,0.0,0.0,0.0,1.0,"[0, 1, 9]",291.6,301.6,31.9,41.9,36.9,296.6,10.0,10.0,78.53981633974483,31.41592653589793
svg/g/circle_639,1,1.0,235.0,90.99999999999999,61.0,0.0,0.0,0.0,1.0,"[0, 1, 10]",242.1,252.1,44.4,54.4,49.4,247.1,10.0,10.0,78.53981633974483,31.41592653589793
svg/g/circle_638,1,1.0,235.0,90.99999999999999,61.0,0.0,0.0,0.0,1.0,"[0, 1, 11]",254.5,264.5,44.4,54.4,49.4,259.5,10.0,10.0,78.53981633974483,31.41592653589793
svg/g/circle_637,1,1.0,34.0,93.0,57.99999999999999,0.0,0.0,0.0,1.0,"[0, 1, 12]",266.9,276.9,44.4,54.4,49.4,271.9,10.0,10.0,78.53981633974483,31.41592653589793
svg/g/circle_636,1,1.0,83.0,50.0,51.0,0.0,0.0,0.0,1.0,"[0, 1, 13]",279.2,289.2,44.4,54.4,49.4,284.2,10.0,10.0,78.53981633974483,31.41592653589793
svg/g/circle_635,1,1.0,31.999999999999993,35.00000000000002,46.0,0.0,0.0,0.0,1.0,"[0, 1, 14]",291.6,301.6,44.4,54.4,49.4,296.6,10.0,10.0,78.53981633974483,31.41592653589793
svg/g/circle_634,1,1.0,235.0,90.99999999999999,61.0,0.0,0.0,0.0,1.0,"[0, 1, 15]",242.1,252.1,56.7,66.7,61.7,247.1,10.0,10.0,78.53981633974483,31.41592653589793
svg/g/circle_633,1,1.0,235.0,90.99999999999999,61.0,0.0,0.0,0.0,1.0,"[0, 1, 16]",254.5,264.5,56.7,66.7,61.7,259.5,10.0,10.0,78.53981633974483,31.41592653589793
svg/g/circle_632,1,1.0,34.0,93.0,57.99999999999999,0.0,0.0,0.0,1.0,"[0, 1, 17]",266.9,276.9,56.7,66.7,61.7,271.9,10.0,10.0,78.53981633974483,31.41592653589793
svg/g/circle_631,1,1.0,83.0,50.0,51.0,0.0,0.0,0.0,1.0,"[0, 1, 18]",279.2,289.2,56.7,66.7,61.7,284.2,10.0,10.0,78.53981633974483,31.41592653589793
svg/g/circle_630,1,1.0,31.999999999999993,35.00000000000002,46.0,0.0,0.0,0.0,1.0,"[0, 1, 19]",291.6,301.6,56.7,66.7,61.7,296.6,10.0,10.0,78.53981633974483,31.41592653589793
svg/g/circle_629,1,1.0,235.0,90.99999999999999,61.0,0.0,0.0,0.0,1.0,"[0, 1, 20]",242.1,252.1,69.1,79.1,74.1,247.1,10.0,10.0,78.53981633974483,31.41592653589793
svg/g/circle_628,1,1.0,235.0,90.99999999999999,61.0,0.0,0.0,0.0,1.0,"[0, 1, 21]",254.5,264.5,69.1,79.1,74.1,259.5,10.0,10.0,78.53981633974483,31.41592653589793
svg/g/circle_627,1,1.0,34.0,93.0,57.99999999999999,0.0,0.0,0.0,1.0,"[0, 1, 22]",266.9,276.9,69.1,79.1,74.1,271.9,10.0,10.0,78.53981633974483,31.41592653589793
svg/g/circle_626,1,1.0,83.0,50.0,51.0,0.0,0.0,0.0,1.0,"[0, 1, 23]",279.2,289.2,69.1,79.1,74.1,284.2,10.0,10.0,78.53981633974483,31.41592653589793
svg/g/circle_625,1,1.0,31.999999999999993,35.00000000000002,46.0,0.0,0.0,0.0,1.0,"[0, 1, 24]",291.6,301.6,69.1,79.1,74.1,296.6,10.0,10.0,78.53981633974483,31.41592653589793
svg/g/circle_624,1,1.0,235.0,90.99999999999999,61.0,0.0,0.0,0.0,1.0,"[0, 1, 25]",242.1,252.1,81.5,91.5,86.5,247.1,10.0,10.0,78.53981633974483,31.41592653589793
svg/g/circle_623,1,1.0,235.0,90.99999999999999,61.0,0.0,0.0,0.0,1.0,"[0, 1, 26]",254.5,264.5,81.5,91.5,86.5,259.5,10.0,10.0,78.53981633974483,31.41592653589793
svg/g/circle_622,1,1.0,34.0,93.0,57.99999999999999,0.0,0.0,0.0,1.0,"[0, 1, 27]",266.9,276.9,81.5,91.5,86.5,271.9,10.0,10.0,78.53981633974483,31.41592653589793
svg/g/circle_621,1,1.0,31.999999999999993,35.00000000000002,46.0,0.0,0.0,0.0,1.0,"[0, 1, 28]",279.2,289.2,81.5,91.5,86.5,284.2,10.0,10.0,78.53981633974483,31.41592653589793
svg/g/circle_620,1,1.0,31.999999999999993,35.00000000000002,46.0,0.0,0.0,0.0,1.0,"[0, 1, 29]",291.6,301.6,81.5,91.5,86.5,296.6,10.0,10.0,78.53981633974483,31.41592653589793
svg/g/circle_619,1,1.0,235.0,90.99999999999999,61.0,0.0,0.0,0.0,1.0,"[0, 1, 30]",242.1,252.1,93.7,103.7,98.7,247.1,10.0,10.0,78.53981633974483,31.41592653589793
svg/g/circle_618,1,1.0,235.0,90.99999999999999,61.0,0.0,0.0,0.0,1.0,"[0, 1, 31]",254.5,264.5,93.7,103.7,98.7,259.5,10.0,10.0,78.53981633974483,31.41592653589793
svg/g/circle_617,1,1.0,34.0,93.0,57.99999999999999,0.0,0.0,0.0,1.0,"[0, 1, 32]",266.9,276.9,93.7,103.7,98.7,271.9,10.0,10.0,78.53981633974483,31.41592653589793
svg/g/circle_616,1,1.0,31.999999999999993,35.00000000000002,46.0,0.0,0.0,0.0,1.0,"[0, 1, 33]",279.2,289.2,93.7,103.7,98.7,284.2,10.0,10.0,78.53981633974483,31.41592653589793
svg/g/circle_615,1,1.0,31.999999999999993,35.00000000000002,46.0,0.0,0.0,0.0,1.0,"[0, 1, 34]",291.6,301.6,93.7,103.7,98.7,296.6,10.0,10.0,78.53981633974483,31.41592653589793
svg/g/circle_614,1,1.0,235.0,90.99999999999999,61.0,0.0,0.0,0.0,1.0,"[0, 1, 35]",242.1,252.1,106.1,116.1,111.1,247.1,10.0,10.0,78.53981633974483,31.41592653589793
svg/g/circle_613,1,1.0,235.0,90.99999999999999,61.0,0.0,0.0,0.0,1.0,"[0, 1, 36]",254.5,264.5,106.1,116.1,111.1,259.5,10.0,10.0,78.53981633974483,31.41592653589793
svg/g/circle_612,1,1.0,34.0,93.0,57.99999999999999,0.0,0.0,0.0,1.0,"[0, 1, 37]",266.9,276.9,106.1,116.1,111.1,271.9,10.0,10.0,78.53981633974483,31.41592653589793
svg/g/circle_611,1,1.0,31.999999999999993,35.00000000000002,46.0,0.0,0.0,0.0,1.0,"[0, 1, 38]",279.2,289.2,106.1,116.1,111.1,284.2,10.0,10.0,78.53981633974483,31.41592653589793
svg/g/circle_610,1,1.0,31.999999999999993,35.00000000000002,46.0,0.0,0.0,0.0,1.0,"[0, 1, 39]",291.6,301.6,106.1,116.1,111.1,296.6,10.0,10.0,78.53981633974483,31.41592653589793
svg/g/circle_609,1,1.0,235.0,90.99999999999999,61.0,0.0,0.0,0.0,1.0,"[0, 1, 40]",242.1,252.1,118.5,128.5,123.5,247.1,10.0,10.0,78.53981633974483,31.41592653589793
svg/g/circle_608,1,1.0,235.0,90.99999999999999,61.0,0.0,0.0,0.0,1.0,"[0, 1, 41]",254.5,264.5,118.5,128.5,123.5,259.5,10.0,10.0,78.53981633974483,31.41592653589793
svg/g/circle_607,1,1.0,34.0,93.0,57.99999999999999,0.0,0.0,0.0,1.0,"[0, 1, 42]",266.9,276.9,118.5,128.5,123.5,271.9,10.0,10.0,78.53981633974483,31.41592653589793
svg/g/circle_606,1,1.0,31.999999999999993,35.00000000000002,46.0,0.0,0.0,0.0,1.0,"[0, 1, 43]",279.2,289.2,118.5,128.5,123.5,284.2,10.0,10.0,78.53981633974483,31.41592653589793
svg/g/circle_605,1,1.0,31.999999999999993,35.00000000000002,46.0,0.0,0.0,0.0,1.0,"[0, 1, 44]",291.6,301.6,118.5,128.5,123.5,296.6,10.0,10.0,78.53981633974483,31.41592653589793
svg/g/circle_604,1,1.0,235.0,90.99999999999999,61.0,0.0,0.0,0.0,1.0,"[0, 1, 45]",242.1,252.1,130.8,140.8,135.8,247.1,10.0,10.0,78.53981633974483,31.41592653589793
svg/g/circle_603,1,1.0,8.000000000000005,80.00000000000004,63.0,0.0,0.0,0.0,1.0,"[0, 1, 46]",254.5,264.5,130.8,140.8,135.8,259.5,10.0,10.0,78.53981633974483,31.41592653589793
svg/g/circle_602,1,1.0,83.0,50.0,51.0,0.0,0.0,0.0,1.0,"[0, 1, 47]",266.9,276.9,130.8,140.8,135.8,271.9,10.0,10.0,78.53981633974483,31.41592653589793
svg/g/circle_601,1,1.0,31.999999999999993,35.00000000000002,46.0,0.0,0.0,0.0,1.0,"[0, 1, 48]",279.2,289.2,130.8,140.8,135.8,284.2,10.0,10.0,78.53981633974483,31.41592653589793
svg/g/circle_600,1,1.0,31.999999999999993,35.00000000000002,46.0,0.0,0.0,0.0,1.0,"[0, 1, 49]",291.6,301.6,130.8,140.8,135.8,296.6,10.0,10.0,78.53981633974483,31.41592653589793
svg/g/circle_599,1,1.0,235.0,90.99999999999999,61.0,0.0,0.0,0.0,1.0,"[0, 1, 50]",242.1,252.1,143.3,153.3,148.3,247.1,10.0,10.0,78.53981633974483,31.41592653589793
svg/g/circle_598,1,1.0,8.000000000000005,80.00000000000004,63.0,0.0,0.0,0.0,1.0,"[0, 1, 51]",254.5,264.5,143.3,153.3,148.3,259.5,10.0,10.0,78.53981633974483,31.41592653589793
svg/g/circle_597,1,1.0,83.0,50.0,51.0,0.0,0.0,0.0,1.0,"[0, 1, 52]",266.9,276.9,143.3,153.3,148.3,271.9,10.0,10.0,78.53981633974483,31.41592653589793
svg/g/circle_596,1,1.0,31.999999999999993,35.00000000000002,46.0,0.0,0.0,0.0,1.0,"[0, 1, 53]",279.2,289.2,143.3,153.3,148.3,284.2,10.0,10.0,78.53981633974483,31.41592653589793
svg/g/circle_595,1,1.0,31.999999999999993,35.00000000000002,46.0,0.0,0.0,0.0,1.0,"[0, 1, 54]",291.6,301.6,143.3,153.3,148.3,296.6,10.0,10.0,78.53981633974483,31.41592653589793
svg/g/circle_594,1,1.0,235.0,90.99999999999999,61.0,0.0,0.0,0.0,1.0,"[0, 1, 55]",242.1,252.1,155.7,165.7,160.7,247.1,10.0,10.0,78.53981633974483,31.41592653589793
svg/g/circle_593,1,1.0,8.000000000000005,80.00000000000004,63.0,0.0,0.0,0.0,1.0,"[0, 1, 56]",254.5,264.5,155.7,165.7,160.7,259.5,10.0,10.0,78.53981633974483,31.41592653589793
svg/g/circle_592,1,1.0,83.0,50.0,51.0,0.0,0.0,0.0,1.0,"[0, 1, 57]",266.9,276.9,155.7,165.7,160.7,271.9,10.0,10.0,78.53981633974483,31.41592653589793
svg/g/circle_591,1,1.0,31.999999999999993,35.00000000000002,46.0,0.0,0.0,0.0,1.0,"[0, 1, 58]",279.2,289.2,155.7,165.7,160.7,284.2,10.0,10.0,78.53981633974483,31.41592653589793
svg/g/circle_590,1,1.0,31.999999999999993,35.00000000000002,46.0,0.0,0.0,0.0,1.0,"[0, 1, 59]",291.6,301.6,155.7,165.7,160.7,296.6,10.0,10.0,78.53981633974483,31.41592653589793
svg/g/circle_589,1,1.0,235.0,90.99999999999999,61.0,0.0,0.0,0.0,1.0,"[0, 1, 60]",242.1,252.1,201.1,211.1,206.1,247.1,10.0,10.0,78.53981633974483,31.41592653589793
svg/g/circle_588,1,1.0,235.0,90.99999999999999,61.0,0.0,0.0,0.0,1.0,"[0, 1, 61]",254.5,264.5,201.1,211.1,206.1,259.5,10.0,10.0,78.53981633974483,31.41592653589793
svg/g/circle_587,1,1.0,235.0,90.99999999999999,61.0,0.0,0.0,0.0,1.0,"[0, 1, 62]",266.9,276.9,201.1,211.1,206.1,271.9,10.0,10.0,78.53981633974483,31.41592653589793
svg/g/circle_586,1,1.0,8.000000000000005,80.00000000000004,63.0,0.0,0.0,0.0,1.0,"[0, 1, 63]",279.2,289.2,201.1,211.1,206.1,284.2,10.0,10.0,78.53981633974483,31.41592653589793
svg/g/circle_585,1,1.0,34.0,93.0,57.99999999999999,0.0,0.0,0.0,1.0,"[0, 1, 64]",291.6,301.6,201.1,211.1,206.1,296.6,10.0,10.0,78.53981633974483,31.41592653589793
svg/g/circle_584,1,1.0,235.0,90.99999999999999,61.0,0.0,0.0,0.0,1.0,"[0, 1, 65]",242.1,252.1,213.5,223.5,218.5,247.1,10.0,10.0,78.53981633974483,31.41592653589793
svg/g/circle_583,1,1.0,235.0,90.99999999999999,61.0,0.0,0.0,0.0,1.0,"[0, 1, 66]",254.5,264.5,213.5,223.5,218.5,259.5,10.0,10.0,78.53981633974483,31.41592653589793
svg/g/circle_582,1,1.0,235.0,90.99999999999999,61.0,0.0,0.0,0.0,1.0,"[0, 1, 67]",266.9,276.9,213.5,223.5,218.5,271.9,10.0,10.0,78.53981633974483,31.41592653589793
svg/g/circle_581,1,1.0,8.000000000000005,80.00000000000004,63.0,0.0,0.0,0.0,1.0,"[0, 1, 68]",279.2,289.2,213.5,223.5,218.5,284.2,10.0,10.0,78.53981633974483,31.41592653589793
svg/g/circle_580,1,1.0,34.0,93.0,57.99999999999999,0.0,0.0,0.0,1.0,"[0, 1, 69]",291.6,301.6,213.5,223.5,218.5,296.6,10.0,10.0,78.53981633974483,31.41592653589793
svg/g/circle_579,1,1.0,235.0,90.99999999999999,61.0,0.0,0.0,0.0,1.0,"[0, 1, 70]",242.1,252.1,225.9,235.9,230.9,247.1,10.0,10.0,78.53981633974483,31.41592653589793
svg/g/circle_578,1,1.0,235.0,90.99999999999999,61.0,0.0,0.0,0.0,1.0,"[0, 1, 71]",254.5,264.5,225.9,235.9,230.9,259.5,10.0,10.0,78.53981633974483,31.41592653589793
svg/g/circle_577,1,1.0,235.0,90.99999999999999,61.0,0.0,0.0,0.0,1.0,"[0, 1, 72]",266.9,276.9,225.9,235.9,230.9,271.9,10.0,10.0,78.53981633974483,31.41592653589793
svg/g/circle_576,1,1.0,8.000000000000005,80.00000000000004,63.0,0.0,0.0,0.0,1.0,"[0, 1, 73]",279.2,289.2,225.9,235.9,230.9,284.2,10.0,10.0,78.53981633974483,31.41592653589793
svg/g/circle_575,1,1.0,34.0,93.0,57.99999999999999,0.0,0.0,0.0,1.0,"[0, 1, 74]",291.6,301.6,225.9,235.9,230.9,296.6,10.0,10.0,78.53981633974483,31.41592653589793
svg/g/circle_574,1,1.0,235.0,90.99999999999999,61.0,0.0,0.0,0.0,1.0,"[0, 1, 75]",242.1,252.1,238.2,248.2,243.2,247.1,10.0,10.0,78.53981633974483,31.41592653589793
svg/g/circle_573,1,1.0,235.0,90.99999999999999,61.0,0.0,0.0,0.0,1.0,"[0, 1, 76]",254.5,264.5,238.2,248.2,243.2,259.5,10.0,10.0,78.53981633974483,31.41592653589793
svg/g/circle_572,1,1.0,235.0,90.99999999999999,61.0,0.0,0.0,0.0,1.0,"[0, 1, 77]",266.9,276.9,238.2,248.2,243.2,271.9,10.0,10.0,78.53981633974483,31.41592653589793
svg/g/circle_571,1,1.0,8.000000000000005,80.00000000000004,63.0,0.0,0.0,0.0,1.0,"[0, 1, 78]",279.2,289.2,238.2,248.2,243.2,284.2,10.0,10.0,78.53981633974483,31.41592653589793
svg/g/circle_570,1,1.0,34.0,93.0,57.99999999999999,0.0,0.0,0.0,1.0,"[0, 1, 79]",291.6,301.6,238.2,248.2,243.2,296.6,10.0,10.0,78.53981633974483,31.41592653589793
svg/g/circle_569,1,1.0,235.0,90.99999999999999,61.0,0.0,0.0,0.0,1.0,"[0, 1, 80]",242.1,252.1,250.7,260.7,255.7,247.1,10.0,10.0,78.53981633974483,31.41592653589793
svg/g/circle_568,1,1.0,235.0,90.99999999999999,61.0,0.0,0.0,0.0,1.0,"[0, 1, 81]",254.5,264.5,250.7,260.7,255.7,259.5,10.0,10.0,78.53981633974483,31.41592653589793
svg/g/circle_567,1,1.0,235.0,90.99999999999999,61.0,0.0,0.0,0.0,1.0,"[0, 1, 82]",266.9,276.9,250.7,260.7,255.7,271.9,10.0,10.0,78.53981633974483,31.41592653589793
svg/g/circle_566,1,1.0,8.000000000000005,80.00000000000004,63.0,0.0,0.0,0.0,1.0,"[0, 1, 83]",279.2,289.2,250.7,260.7,255.7,284.2,10.0,10.0,78.53981633974483,31.41592653589793
svg/g/circle_565,1,1.0,83.0,50.0,51.0,0.0,0.0,0.0,1.0,"[0, 1, 84]",291.6,301.6,250.7,260.7,255.7,296.6,10.0,10.0,78.53981633974483,31.41592653589793
svg/g/circle_564,1,1.0,235.0,90.99999999999999,61.0,0.0,0.0,0.0,1.0,"[0, 1, 85]",242.1,252.1,263.1,273.1,268.1,247.1,10.0,10.0,78.53981633974483,31.41592653589793
svg/g/circle_563,1,1.0,235.0,90.99999999999999,61.0,0.0,0.0,0.0,1.0,"[0, 1, 86]",254.5,264.5,263.1,273.1,268.1,259.5,10.0,10.0,78.53981633974483,31.41592653589793
svg/g/circle_562,1,1.0,235.0,90.99999999999999,61.0,0.0,0.0,0.0,1.0,"[0, 1, 87]",266.9,276.9,263.1,273.1,268.1,271.9,10.0,10.0,78.53981633974483,31.41592653589793
svg/g/circle_561,1,1.0,8.000000000000005,80.00000000000004,63.0,0.0,0.0,0.0,1.0,"[0, 1, 88]",279.2,289.2,263.1,273.1,268.1,284.2,10.0,10.0,78.53981633974483,31.41592653589793
svg/g/circle_560,1,1.0,83.0,50.0,51.0,0.0,0.0,0.0,1.0,"[0, 1, 89]",291.6,301.6,263.1,273.1,268.1,296.6,10.0,10.0,78.53981633974483,31.41592653589793
svg/g/circle_559,1,1.0,235.0,90.99999999999999,61.0,0.0,0.0,0.0,1.0,"[0, 1, 90]",242.1,252.1,275.2,285.2,280.2,247.1,10.0,10.0,78.53981633974483,31.41592653589793
svg/g/circle_558,1,1.0,235.0,90.99999999999999,61.0,0.0,0.0,0.0,1.0,"[0, 1, 91]",254.5,264.5,275.2,285.2,280.2,259.5,10.0,10.0,78.53981633974483,31.41592653589793
svg/g/circle_557,1,1.0,235.0,90.99999999999999,61.0,0.0,0.0,0.0,1.0,"[0, 1, 92]",266.9,276.9,275.2,285.2,280.2,271.9,10.0,10.0,78.53981633974483,31.41592653589793
svg/g/circle_556,1,1.0,8.000000000000005,80.00000000000004,63.0,0.0,0.0,0.0,1.0,"[0, 1, 93]",279.2,289.2,275.2,285.2,280.2,284.2,10.0,10.0,78.53981633974483,31.41592653589793
svg/g/circle_555,1,1.0,83.0,50.0,51.0,0.0,0.0,0.0,1.0,"[0, 1, 94]",291.6,301.6,275.2,285.2,280.2,296.6,10.0,10.0,78.53981633974483,31.41592653589793
svg/g/circle_554,1,1.0,235.0,90.99999999999999,61.0,0.0,0.0,0.0,1.0,"[0, 1, 95]",242.1,252.1,287.7,297.7,292.7,247.1,10.0,10.0,78.53981633974483,31.41592653589793
svg/g/circle_553,1,1.0,235.0,90.99999999999999,61.0,0.0,0.0,0.0,1.0,"[0, 1, 96]",254.5,264.5,287.7,297.7,292.7,259.5,10.0,10.0,78.53981633974483,31.41592653589793
svg/g/circle_552,1,1.0,235.0,90.99999999999999,61.0,0.0,0.0,0.0,1.0,"[0, 1, 97]",266.9,276.9,287.7,297.7,292.7,271.9,10.0,10.0,78.53981633974483,31.41592653589793
svg/g/circle_551,1,1.0,8.000000000000005,80.00000000000004,63.0,0.0,0.0,0.0,1.0,"[0, 1, 98]",279.2,289.2,287.7,297.7,292.7,284.2,10.0,10.0,78.53981633974483,31.41592653589793
svg/g/circle_550,1,1.0,83.0,50.0,51.0,0.0,0.0,0.0,1.0,"[0, 1, 99]",291.6,301.6,287.7,297.7,292.7,296.6,10.0,10.0,78.53981633974483,31.41592653589793
svg/g/circle_549,1,1.0,235.0,90.99999999999999,61.0,0.0,0.0,0.0,1.0,"[0, 1, 100]",242.1,252.1,300.1,310.1,305.1,247.1,10.0,10.0,78.53981633974483,31.41592653589793
svg/g/circle_548,1,1.0,235.0,90.99999999999999,61.0,0.0,0.0,0.0,1.0,"[0, 1, 101]",254.5,264.5,300.1,310.1,305.1,259.5,10.0,10.0,78.53981633974483,31.41592653589793
svg/g/circle_547,1,1.0,235.0,90.99999999999999,61.0,0.0,0.0,0.0,1.0,"[0, 1, 102]",266.9,276.9,300.1,310.1,305.1,271.9,10.0,10.0,78.53981633974483,31.41592653589793
svg/g/circle_546,1,1.0,8.000000000000005,80.00000000000004,63.0,0.0,0.0,0.0,1.0,"[0, 1, 103]",279.2,289.2,300.1,310.1,305.1,284.2,10.0,10.0,78.53981633974483,31.41592653589793
svg/g/circle_545,1,1.0,31.999999999999993,35.00000000000002,46.0,0.0,0.0,0.0,1.0,"[0, 1, 104]",291.6,301.6,300.1,310.1,305.1,296.6,10.0,10.0,78.53981633974483,31.41592653589793
svg/g/circle_544,1,1.0,235.0,90.99999999999999,61.0,0.0,0.0,0.0,1.0,"[0, 1, 105]",242.1,252.1,312.4,322.4,317.4,247.1,10.0,10.0,78.53981633974483,31.41592653589793
svg/g/circle_543,1,1.0,235.0,90.99999999999999,61.0,0.0,0.0,0.0,1.0,"[0, 1, 106]",254.5,264.5,312.4,322.4,317.4,259.5,10.0,10.0,78.53981633974483,31.41592653589793
svg/g/circle_542,1,1.0,235.0,90.99999999999999,61.0,0.0,0.0,0.0,1.0,"[0, 1, 107]",266.9,276.9,312.4,322.4,317.4,271.9,10.0,10.0,78.53981633974483,31.41592653589793
svg/g/circle_541,1,1.0,8.000000000000005,80.00000000000004,63.0,0.0,0.0,0.0,1.0,"[0, 1, 108]",279.2,289.2,312.4,322.4,317.4,284.2,10.0,10.0,78.53981633974483,31.41592653589793
svg/g/circle_540,1,1.0,31.999999999999993,35.00000000000002,46.0,0.0,0.0,0.0,1.0,"[0, 1, 109]",291.6,301.6,312.4,322.4,317.4,296.6,10.0,10.0,78.53981633974483,31.41592653589793
svg/g/circle_539,1,1.0,235.0,90.99999999999999,61.0,0.0,0.0,0.0,1.0,"[0, 1, 110]",242.1,252.1,324.8,334.8,329.8,247.1,10.0,10.0,78.53981633974483,31.41592653589793
svg/g/circle_538,1,1.0,235.0,90.99999999999999,61.0,0.0,0.0,0.0,1.0,"[0, 1, 111]",254.5,264.5,324.8,334.8,329.8,259.5,10.0,10.0,78.53981633974483,31.41592653589793
svg/g/circle_537,1,1.0,235.0,90.99999999999999,61.0,0.0,0.0,0.0,1.0,"[0, 1, 112]",266.9,276.9,324.8,334.8,329.8,271.9,10.0,10.0,78.53981633974483,31.41592653589793
svg/g/circle_536,1,1.0,8.000000000000005,80.00000000000004,63.0,0.0,0.0,0.0,1.0,"[0, 1, 113]",279.2,289.2,324.8,334.8,329.8,284.2,10.0,10.0,78.53981633974483,31.41592653589793
svg/g/circle_535,1,1.0,31.999999999999993,35.00000000000002,46.0,0.0,0.0,0.0,1.0,"[0, 1, 114]",291.6,301.6,324.8,334.8,329.8,296.6,10.0,10.0,78.53981633974483,31.41592653589793
svg/g/circle_534,1,1.0,235.0,90.99999999999999,61.0,0.0,0.0,0.0,1.0,"[0, 1, 115]",242.1,252.1,337.3,347.3,342.3,247.1,10.0,10.0,78.53981633974483,31.41592653589793
svg/g/circle_533,1,1.0,235.0,90.99999999999999,61.0,0.0,0.0,0.0,1.0,"[0, 1, 116]",254.5,264.5,337.3,347.3,342.3,259.5,10.0,10.0,78.53981633974483,31.41592653589793
svg/g/circle_532,1,1.0,8.000000000000005,80.00000000000004,63.0,0.0,0.0,0.0,1.0,"[0, 1, 117]",266.9,276.9,337.3,347.3,342.3,271.9,10.0,10.0,78.53981633974483,31.41592653589793
svg/g/circle_531,1,1.0,8.000000000000005,80.00000000000004,63.0,0.0,0.0,0.0,1.0,"[0, 1, 118]",279.2,289.2,337.3,347.3,342.3,284.2,10.0,10.0,78.53981633974483,31.41592653589793
svg/g/circle_530,1,1.0,235.0,90.99999999999999,61.0,0.0,0.0,0.0,1.0,"[0, 1, 119]",242.1,252.1,382.6,392.6,387.6,247.1,10.0,10.0,78.53981633974483,31.41592653589793
svg/g/circle_529,1,1.0,235.0,90.99999999999999,61.0,0.0,0.0,0.0,1.0,"[0, 1, 120]",254.5,264.5,382.6,392.6,387.6,259.5,10.0,10.0,78.53981633974483,31.41592653589793
svg/g/circle_528,1,1.0,235.0,90.99999999999999,61.0,0.0,0.0,0.0,1.0,"[0, 1, 121]",266.9,276.9,382.6,392.6,387.6,271.9,10.0,10.0,78.53981633974483,31.41592653589793
svg/g/circle_527,1,1.0,34.0,93.0,57.99999999999999,0.0,0.0,0.0,1.0,"[0, 1, 122]",279.2,289.2,382.6,392.6,387.6,284.2,10.0,10.0,78.53981633974483,31.41592653589793
svg/g/circle_526,1,1.0,83.0,50.0,51.0,0.0,0.0,0.0,1.0,"[0, 1, 123]",291.6,301.6,382.6,392.6,387.6,296.6,10.0,10.0,78.53981633974483,31.41592653589793
svg/g/circle_525,1,1.0,235.0,90.99999999999999,61.0,0.0,0.0,0.0,1.0,"[0, 1, 124]",242.1,252.1,395.1,405.1,400.1,247.1,10.0,10.0,78.53981633974483,31.41592653589793
svg/g/circle_524,1,1.0,235.0,90.99999999999999,61.0,0.0,0.0,0.0,1.0,"[0, 1, 125]",254.5,264.5,395.1,405.1,400.1,259.5,10.0,10.0,78.53981633974483,31.41592653589793
svg/g/circle_523,1,1.0,235.0,90.99999999999999,61.0,0.0,0.0,0.0,1.0,"[0, 1, 126]",266.9,276.9,395.1,405.1,400.1,271.9,10.0,10.0,78.53981633974483,31.41592653589793
svg/g/circle_522,1,1.0,34.0,93.0,57.99999999999999,0.0,0.0,0.0,1.0,"[0, 1, 127]",279.2,289.2,395.1,405.1,400.1,284.2,10.0,10.0,78.53981633974483,31.41592653589793
svg/g/circle_521,1,1.0,83.0,50.0,51.0,0.0,0.0,0.0,1.0,"[0, 1, 128]",291.6,301.6,395.1,405.1,400.1,296.6,10.0,10.0,78.53981633974483,31.41592653589793
svg/g/circle_520,1,1.0,235.0,90.99999999999999,61.0,0.0,0.0,0.0,1.0,"[0, 1, 129]",242.1,252.1,407.5,417.5,412.5,247.1,10.0,10.0,78.53981633974483,31.41592653589793
svg/g/circle_519,1,1.0,235.0,90.99999999999999,61.0,0.0,0.0,0.0,1.0,"[0, 1, 130]",254.5,264.5,407.5,417.5,412.5,259.5,10.0,10.0,78.53981633974483,31.41592653589793
svg/g/circle_518,1,1.0,235.0,90.99999999999999,61.0,0.0,0.0,0.0,1.0,"[0, 1, 131]",266.9,276.9,407.5,417.5,412.5,271.9,10.0,10.0,78.53981633974483,31.41592653589793
svg/g/circle_517,1,1.0,34.0,93.0,57.99999999999999,0.0,0.0,0.0,1.0,"[0, 1, 132]",279.2,289.2,407.5,417.5,412.5,284.2,10.0,10.0,78.53981633974483,31.41592653589793
svg/g/circle_516,1,1.0,83.0,50.0,51.0,0.0,0.0,0.0,1.0,"[0, 1, 133]",291.6,301.6,407.5,417.5,412.5,296.6,10.0,10.0,78.53981633974483,31.41592653589793
svg/g/circle_515,1,1.0,235.0,90.99999999999999,61.0,0.0,0.0,0.0,1.0,"[0, 1, 134]",242.1,252.1,419.8,429.8,424.8,247.1,10.0,10.0,78.53981633974483,31.41592653589793
svg/g/circle_514,1,1.0,235.0,90.99999999999999,61.0,0.0,0.0,0.0,1.0,"[0, 1, 135]",254.5,264.5,419.8,429.8,424.8,259.5,10.0,10.0,78.53981633974483,31.41592653589793
svg/g/circle_513,1,1.0,235.0,90.99999999999999,61.0,0.0,0.0,0.0,1.0,"[0, 1, 136]",266.9,276.9,419.8,429.8,424.8,271.9,10.0,10.0,78.53981633974483,31.41592653589793
svg/g/circle_512,1,1.0,34.0,93.0,57.99999999999999,0.0,0.0,0.0,1.0,"[0, 1, 137]",279.2,289.2,419.8,429.8,424.8,284.2,10.0,10.0,78.53981633974483,31.41592653589793
svg/g/circle_511,1,1.0,83.0,50.0,51.0,0.0,0.0,0.0,1.0,"[0, 1, 138]",291.6,301.6,419.8,429.8,424.8,296.6,10.0,10.0,78.53981633974483,31.41592653589793
svg/g/circle_510,1,1.0,235.0,90.99999999999999,61.0,0.0,0.0,0.0,1.0,"[0, 1, 139]",242.1,252.1,432.2,442.2,437.2,247.1,10.0,10.0,78.53981633974483,31.41592653589793
svg/g/circle_509,1,1.0,235.0,90.99999999999999,61.0,0.0,0.0,0.0,1.0,"[0, 1, 140]",254.5,264.5,432.2,442.2,437.2,259.5,10.0,10.0,78.53981633974483,31.41592653589793
svg/g/circle_508,1,1.0,235.0,90.99999999999999,61.0,0.0,0.0,0.0,1.0,"[0, 1, 141]",266.9,276.9,432.2,442.2,437.2,271.9,10.0,10.0,78.53981633974483,31.41592653589793
svg/g/circle_507,1,1.0,34.0,93.0,57.99999999999999,0.0,0.0,0.0,1.0,"[0, 1, 142]",279.2,289.2,432.2,442.2,437.2,284.2,10.0,10.0,78.53981633974483,31.41592653589793
svg/g/circle_506,1,1.0,83.0,50.0,51.0,0.0,0.0,0.0,1.0,"[0, 1, 143]",291.6,301.6,432.2,442.2,437.2,296.6,10.0,10.0,78.53981633974483,31.41592653589793
svg/g/circle_505,1,1.0,235.0,90.99999999999999,61.0,0.0,0.0,0.0,1.0,"[0, 1, 144]",242.1,252.1,444.7,454.7,449.7,247.1,10.0,10.0,78.53981633974483,31.41592653589793
svg/g/circle_504,1,1.0,235.0,90.99999999999999,61.0,0.0,0.0,0.0,1.0,"[0, 1, 145]",254.5,264.5,444.7,454.7,449.7,259.5,10.0,10.0,78.53981633974483,31.41592653589793
svg/g/circle_503,1,1.0,235.0,90.99999999999999,61.0,0.0,0.0,0.0,1.0,"[0, 1, 146]",266.9,276.9,444.7,454.7,449.7,271.9,10.0,10.0,78.53981633974483,31.41592653589793
svg/g/circle_502,1,1.0,34.0,93.0,57.99999999999999,0.0,0.0,0.0,1.0,"[0, 1, 147]",279.2,289.2,444.7,454.7,449.7,284.2,10.0,10.0,78.53981633974483,31.41592653589793
svg/g/circle_501,1,1.0,83.0,50.0,51.0,0.0,0.0,0.0,1.0,"[0, 1, 148]",291.6,301.6,444.7,454.7,449.7,296.6,10.0,10.0,78.53981633974483,31.41592653589793
svg/g/circle_500,1,1.0,235.0,90.99999999999999,61.0,0.0,0.0,0.0,1.0,"[0, 1, 149]",242.1,252.1,456.8,466.8,461.8,247.1,10.0,10.0,78.53981633974483,31.41592653589793
svg/g/circle_499,1,1.0,235.0,90.99999999999999,61.0,0.0,0.0,0.0,1.0,"[0, 1, 150]",254.5,264.5,456.8,466.8,461.8,259.5,10.0,10.0,78.53981633974483,31.41592653589793
svg/g/circle_498,1,1.0,235.0,90.99999999999999,61.0,0.0,0.0,0.0,1.0,"[0, 1, 151]",266.9,276.9,456.8,466.8,461.8,271.9,10.0,10.0,78.53981633974483,31.41592653589793
svg/g/circle_497,1,1.0,34.0,93.0,57.99999999999999,0.0,0.0,0.0,1.0,"[0, 1, 152]",279.2,289.2,456.8,466.8,461.8,284.2,10.0,10.0,78.53981633974483,31.41592653589793
svg/g/circle_496,1,1.0,83.0,50.0,51.0,0.0,0.0,0.0,1.0,"[0, 1, 153]",291.6,301.6,456.8,466.8,461.8,296.6,10.0,10.0,78.53981633974483,31.41592653589793
svg/g/circle_495,1,1.0,235.0,90.99999999999999,61.0,0.0,0.0,0.0,1.0,"[0, 1, 154]",242.1,252.1,469.2,479.2,474.2,247.1,10.0,10.0,78.53981633974483,31.41592653589793
svg/g/circle_494,1,1.0,235.0,90.99999999999999,61.0,0.0,0.0,0.0,1.0,"[0, 1, 155]",254.5,264.5,469.2,479.2,474.2,259.5,10.0,10.0,78.53981633974483,31.41592653589793
svg/g/circle_493,1,1.0,8.000000000000005,80.00000000000004,63.0,0.0,0.0,0.0,1.0,"[0, 1, 156]",266.9,276.9,469.2,479.2,474.2,271.9,10.0,10.0,78.53981633974483,31.41592653589793
svg/g/circle_492,1,1.0,34.0,93.0,57.99999999999999,0.0,0.0,0.0,1.0,"[0, 1, 157]",279.2,289.2,469.2,479.2,474.2,284.2,10.0,10.0,78.53981633974483,31.41592653589793
svg/g/circle_491,1,1.0,83.0,50.0,51.0,0.0,0.0,0.0,1.0,"[0, 1, 158]",291.6,301.6,469.2,479.2,474.2,296.6,10.0,10.0,78.53981633974483,31.41592653589793
svg/g/circle_490,1,1.0,235.0,90.99999999999999,61.0,0.0,0.0,0.0,1.0,"[0, 1, 159]",242.1,252.1,481.7,491.7,486.7,247.1,10.0,10.0,78.53981633974483,31.41592653589793
svg/g/circle_489,1,1.0,235.0,90.99999999999999,61.0,0.0,0.0,0.0,1.0,"[0, 1, 160]",254.5,264.5,481.7,491.7,486.7,259.5,10.0,10.0,78.53981633974483,31.41592653589793
svg/g/circle_488,1,1.0,8.000000000000005,80.00000000000004,63.0,0.0,0.0,0.0,1.0,"[0, 1, 161]",266.9,276.9,481.7,491.7,486.7,271.9,10.0,10.0,78.53981633974483,31.41592653589793
svg/g/circle_487,1,1.0,34.0,93.0,57.99999999999999,0.0,0.0,0.0,1.0,"[0, 1, 162]",279.2,289.2,481.7,491.7,486.7,284.2,10.0,10.0,78.53981633974483,31.41592653589793
svg/g/circle_486,1,1.0,83.0,50.0,51.0,0.0,0.0,0.0,1.0,"[0, 1, 163]",291.6,301.6,481.7,491.7,486.7,296.6,10.0,10.0,78.53981633974483,31.41592653589793
svg/g/circle_485,1,1.0,235.0,90.99999999999999,61.0,0.0,0.0,0.0,1.0,"[0, 1, 164]",242.1,252.1,493.9,503.9,498.9,247.1,10.0,10.0,78.53981633974483,31.41592653589793
svg/g/circle_484,1,1.0,235.0,90.99999999999999,61.0,0.0,0.0,0.0,1.0,"[0, 1, 165]",254.5,264.5,493.9,503.9,498.9,259.5,10.0,10.0,78.53981633974483,31.41592653589793
svg/g/circle_483,1,1.0,8.000000000000005,80.00000000000004,63.0,0.0,0.0,0.0,1.0,"[0, 1, 166]",266.9,276.9,493.9,503.9,498.9,271.9,10.0,10.0,78.53981633974483,31.41592653589793
svg/g/circle_482,1,1.0,34.0,93.0,57.99999999999999,0.0,0.0,0.0,1.0,"[0, 1, 167]",279.2,289.2,493.9,503.9,498.9,284.2,10.0,10.0,78.53981633974483,31.41592653589793
svg/g/circle_481,1,1.0,83.0,50.0,51.0,0.0,0.0,0.0,1.0,"[0, 1, 168]",291.6,301.6,493.9,503.9,498.9,296.6,10.0,10.0,78.53981633974483,31.41592653589793
svg/g/circle_480,1,1.0,235.0,90.99999999999999,61.0,0.0,0.0,0.0,1.0,"[0, 1, 169]",242.1,252.1,506.4,516.4,511.4,247.1,10.0,10.0,78.53981633974483,31.41592653589793
svg/g/circle_479,1,1.0,235.0,90.99999999999999,61.0,0.0,0.0,0.0,1.0,"[0, 1, 170]",254.5,264.5,506.4,516.4,511.4,259.5,10.0,10.0,78.53981633974483,31.41592653589793
svg/g/circle_478,1,1.0,34.0,93.0,57.99999999999999,0.0,0.0,0.0,1.0,"[0, 1, 171]",266.9,276.9,506.4,516.4,511.4,271.9,10.0,10.0,78.53981633974483,31.41592653589793
svg/g/circle_477,1,1.0,34.0,93.0,57.99999999999999,0.0,0.0,0.0,1.0,"[0, 1, 172]",279.2,289.2,506.4,516.4,511.4,284.2,10.0,10.0,78.53981633974483,31.41592653589793
svg/g/circle_476,1,1.0,235.0,90.99999999999999,61.0,0.0,0.0,0.0,1.0,"[0, 1, 173]",242.1,252.1,518.8,528.8,523.8,247.1,10.0,10.0,78.53981633974483,31.41592653589793
svg/g/circle_475,1,1.0,235.0,90.99999999999999,61.0,0.0,0.0,0.0,1.0,"[0, 1, 174]",254.5,264.5,518.8,528.8,523.8,259.5,10.0,10.0,78.53981633974483,31.41592653589793
svg/g/circle_474,1,1.0,34.0,93.0,57.99999999999999,0.0,0.0,0.0,1.0,"[0, 1, 175]",266.9,276.9,518.8,528.8,523.8,271.9,10.0,10.0,78.53981633974483,31.41592653589793
svg/g/circle_473,1,1.0,34.0,93.0,57.99999999999999,0.0,0.0,0.0,1.0,"[0, 1, 176]",279.2,289.2,518.8,528.8,523.8,284.2,10.0,10.0,78.53981633974483,31.41592653589793
svg/g/circle_472,1,1.0,235.0,90.99999999999999,61.0,0.0,0.0,0.0,1.0,"[0, 1, 177]",242.1,252.1,564.2,574.2,569.2,247.1,10.0,10.0,78.53981633974483,31.41592653589793
svg/g/circle_471,1,1.0,8.000000000000005,80.00000000000004,63.0,0.0,0.0,0.0,1.0,"[0, 1, 178]",254.5,264.5,564.2,574.2,569.2,259.5,10.0,10.0,78.53981633974483,31.41592653589793
svg/g/circle_470,1,1.0,8.000000000000005,80.00000000000004,63.0,0.0,0.0,0.0,1.0,"[0, 1, 179]",266.9,276.9,564.2,574.2,569.2,271.9,10.0,10.0,78.53981633974483,31.41592653589793
svg/g/circle_469,1,1.0,34.0,93.0,57.99999999999999,0.0,0.0,0.0,1.0,"[0, 1, 180]",279.2,289.2,564.2,574.2,569.2,284.2,10.0,10.0,78.53981633974483,31.41592653589793
svg/g/circle_468,1,1.0,83.0,50.0,51.0,0.0,0.0,0.0,1.0,"[0, 1, 181]",291.6,301.6,564.2,574.2,569.2,296.6,10.0,10.0,78.53981633974483,31.41592653589793
svg/g/circle_467,1,1.0,235.0,90.99999999999999,61.0,0.0,0.0,0.0,1.0,"[0, 1, 182]",242.1,252.1,576.6,586.6,581.6,247.1,10.0,10.0,78.53981633974483,31.41592653589793
svg/g/circle_466,1,1.0,8.000000000000005,80.00000000000004,63.0,0.0,0.0,0.0,1.0,"[0, 1, 183]",254.5,264.5,576.6,586.6,581.6,259.5,10.0,10.0,78.53981633974483,31.41592653589793
svg/g/circle_465,1,1.0,8.000000000000005,80.00000000000004,63.0,0.0,0.0,0.0,1.0,"[0, 1, 184]",266.9,276.9,576.6,586.6,581.6,271.9,10.0,10.0,78.53981633974483,31.41592653589793
svg/g/circle_464,1,1.0,34.0,93.0,57.99999999999999,0.0,0.0,0.0,1.0,"[0, 1, 185]",279.2,289.2,576.6,586.6,581.6,284.2,10.0,10.0,78.53981633974483,31.41592653589793
svg/g/circle_463,1,1.0,83.0,50.0,51.0,0.0,0.0,0.0,1.0,"[0, 1, 186]",291.6,301.6,576.6,586.6,581.6,296.6,10.0,10.0,78.53981633974483,31.41592653589793
svg/g/circle_462,1,1.0,235.0,90.99999999999999,61.0,0.0,0.0,0.0,1.0,"[0, 1, 187]",242.1,252.1,589.0,599.0,594.0,247.1,10.0,10.0,78.53981633974483,31.41592653589793
svg/g/circle_461,1,1.0,8.000000000000005,80.00000000000004,63.0,0.0,0.0,0.0,1.0,"[0, 1, 188]",254.5,264.5,589.0,599.0,594.0,259.5,10.0,10.0,78.53981633974483,31.41592653589793
svg/g/circle_460,1,1.0,8.000000000000005,80.00000000000004,63.0,0.0,0.0,0.0,1.0,"[0, 1, 189]",266.9,276.9,589.0,599.0,594.0,271.9,10.0,10.0,78.53981633974483,31.41592653589793
svg/g/circle_459,1,1.0,34.0,93.0,57.99999999999999,0.0,0.0,0.0,1.0,"[0, 1, 190]",279.2,289.2,589.0,599.0,594.0,284.2,10.0,10.0,78.53981633974483,31.41592653589793
svg/g/circle_458,1,1.0,83.0,50.0,51.0,0.0,0.0,0.0,1.0,"[0, 1, 191]",291.6,301.6,589.0,599.0,594.0,296.6,10.0,10.0,78.53981633974483,31.41592653589793
svg/g/circle_457,1,1.0,235.0,90.99999999999999,61.0,0.0,0.0,0.0,1.0,"[0, 1, 192]",242.1,252.1,601.3,611.3,606.3,247.1,10.0,10.0,78.53981633974483,31.41592653589793
svg/g/circle_456,1,1.0,8.000000000000005,80.00000000000004,63.0,0.0,0.0,0.0,1.0,"[0, 1, 193]",254.5,264.5,601.3,611.3,606.3,259.5,10.0,10.0,78.53981633974483,31.41592653589793
svg/g/circle_455,1,1.0,8.000000000000005,80.00000000000004,63.0,0.0,0.0,0.0,1.0,"[0, 1, 194]",266.9,276.9,601.3,611.3,606.3,271.9,10.0,10.0,78.53981633974483,31.41592653589793
svg/g/circle_454,1,1.0,34.0,93.0,57.99999999999999,0.0,0.0,0.0,1.0,"[0, 1, 195]",279.2,289.2,601.3,611.3,606.3,284.2,10.0,10.0,78.53981633974483,31.41592653589793
svg/g/circle_453,1,1.0,83.0,50.0,51.0,0.0,0.0,0.0,1.0,"[0, 1, 196]",291.6,301.6,601.3,611.3,606.3,296.6,10.0,10.0,78.53981633974483,31.41592653589793
svg/g/circle_452,1,1.0,235.0,90.99999999999999,61.0,0.0,0.0,0.0,1.0,"[0, 1, 197]",242.1,252.1,613.8,623.8,618.8,247.1,10.0,10.0,78.53981633974483,31.41592653589793
svg/g/circle_451,1,1.0,8.000000000000005,80.00000000000004,63.0,0.0,0.0,0.0,1.0,"[0, 1, 198]",254.5,264.5,613.8,623.8,618.8,259.5,10.0,10.0,78.53981633974483,31.41592653589793
svg/g/circle_450,1,1.0,8.000000000000005,80.00000000000004,63.0,0.0,0.0,0.0,1.0,"[0, 1, 199]",266.9,276.9,613.8,623.8,618.8,271.9,10.0,10.0,78.53981633974483,31.41592653589793
svg/g/circle_449,1,1.0,34.0,93.0,57.99999999999999,0.0,0.0,0.0,1.0,"[0, 1, 200]",279.2,289.2,613.8,623.8,618.8,284.2,10.0,10.0,78.53981633974483,31.41592653589793
svg/g/circle_448,1,1.0,31.999999999999993,35.00000000000002,46.0,0.0,0.0,0.0,1.0,"[0, 1, 201]",291.6,301.6,613.8,623.8,618.8,296.6,10.0,10.0,78.53981633974483,31.41592653589793
svg/g/circle_447,1,1.0,235.0,90.99999999999999,61.0,0.0,0.0,0.0,1.0,"[0, 1, 202]",242.1,252.1,626.2,636.2,631.2,247.1,10.0,10.0,78.53981633974483,31.41592653589793
svg/g/circle_446,1,1.0,8.000000000000005,80.00000000000004,63.0,0.0,0.0,0.0,1.0,"[0, 1, 203]",254.5,264.5,626.2,636.2,631.2,259.5,10.0,10.0,78.53981633974483,31.41592653589793
svg/g/circle_445,1,1.0,8.000000000000005,80.00000000000004,63.0,0.0,0.0,0.0,1.0,"[0, 1, 204]",266.9,276.9,626.2,636.2,631.2,271.9,10.0,10.0,78.53981633974483,31.41592653589793
svg/g/circle_444,1,1.0,34.0,93.0,57.99999999999999,0.0,0.0,0.0,1.0,"[0, 1, 205]",279.2,289.2,626.2,636.2,631.2,284.2,10.0,10.0,78.53981633974483,31.41592653589793
svg/g/circle_443,1,1.0,31.999999999999993,35.00000000000002,46.0,0.0,0.0,0.0,1.0,"[0, 1, 206]",291.6,301.6,626.2,636.2,631.2,296.6,10.0,10.0,78.53981633974483,31.41592653589793
svg/g/circle_442,1,1.0,8.000000000000005,80.00000000000004,63.0,0.0,0.0,0.0,1.0,"[0, 1, 207]",242.1,252.1,638.3,648.3,643.3,247.1,10.0,10.0,78.53981633974483,31.41592653589793
svg/g/circle_441,1,1.0,8.000000000000005,80.00000000000004,63.0,0.0,0.0,0.0,1.0,"[0, 1, 208]",254.5,264.5,638.3,648.3,643.3,259.5,10.0,10.0,78.53981633974483,31.41592653589793
svg/g/circle_440,1,1.0,8.000000000000005,80.00000000000004,63.0,0.0,0.0,0.0,1.0,"[0, 1, 209]",266.9,276.9,638.3,648.3,643.3,271.9,10.0,10.0,78.53981633974483,31.41592653589793
svg/g/circle_439,1,1.0,34.0,93.0,57.99999999999999,0.0,0.0,0.0,1.0,"[0, 1, 210]",279.2,289.2,638.3,648.3,643.3,284.2,10.0,10.0,78.53981633974483,31.41592653589793
svg/g/circle_438,1,1.0,31.999999999999993,35.00000000000002,46.0,0.0,0.0,0.0,1.0,"[0, 1, 211]",291.6,301.6,638.3,648.3,643.3,296.6,10.0,10.0,78.53981633974483,31.41592653589793
svg/g/circle_437,1,1.0,8.000000000000005,80.00000000000004,63.0,0.0,0.0,0.0,1.0,"[0, 1, 212]",242.1,252.1,650.8,660.8,655.8,247.1,10.0,10.0,78.53981633974483,31.41592653589793
svg/g/circle_436,1,1.0,8.000000000000005,80.00000000000004,63.0,0.0,0.0,0.0,1.0,"[0, 1, 213]",254.5,264.5,650.8,660.8,655.8,259.5,10.0,10.0,78.53981633974483,31.41592653589793
svg/g/circle_435,1,1.0,8.000000000000005,80.00000000000004,63.0,0.0,0.0,0.0,1.0,"[0, 1, 214]",266.9,276.9,650.8,660.8,655.8,271.9,10.0,10.0,78.53981633974483,31.41592653589793
svg/g/circle_434,1,1.0,34.0,93.0,57.99999999999999,0.0,0.0,0.0,1.0,"[0, 1, 215]",279.2,289.2,650.8,660.8,655.8,284.2,10.0,10.0,78.53981633974483,31.41592653589793
svg/g/circle_433,1,1.0,31.999999999999993,35.00000000000002,46.0,0.0,0.0,0.0,1.0,"[0, 1, 216]",291.6,301.6,650.8,660.8,655.8,296.6,10.0,10.0,78.53981633974483,31.41592653589793
svg/g/circle_432,1,1.0,8.000000000000005,80.00000000000004,63.0,0.0,0.0,0.0,1.0,"[0, 1, 217]",242.1,252.1,663.2,673.2,668.2,247.1,10.0,10.0,78.53981633974483,31.41592653589793
svg/g/circle_431,1,1.0,8.000000000000005,80.00000000000004,63.0,0.0,0.0,0.0,1.0,"[0, 1, 218]",254.5,264.5,663.2,673.2,668.2,259.5,10.0,10.0,78.53981633974483,31.41592653589793
svg/g/circle_430,1,1.0,8.000000000000005,80.00000000000004,63.0,0.0,0.0,0.0,1.0,"[0, 1, 219]",266.9,276.9,663.2,673.2,668.2,271.9,10.0,10.0,78.53981633974483,31.41592653589793
svg/g/circle_429,1,1.0,34.0,93.0,57.99999999999999,0.0,0.0,0.0,1.0,"[0, 1, 220]",279.2,289.2,663.2,673.2,668.2,284.2,10.0,10.0,78.53981633974483,31.41592653589793
svg/g/circle_428,1,1.0,31.999999999999993,35.00000000000002,46.0,0.0,0.0,0.0,1.0,"[0, 1, 221]",291.6,301.6,663.2,673.2,668.2,296.6,10.0,10.0,78.53981633974483,31.41592653589793
svg/g/circle_427,1,1.0,8.000000000000005,80.00000000000004,63.0,0.0,0.0,0.0,1.0,"[0, 1, 222]",242.1,252.1,675.5,685.5,680.5,247.1,10.0,10.0,78.53981633974483,31.41592653589793
svg/g/circle_426,1,1.0,8.000000000000005,80.00000000000004,63.0,0.0,0.0,0.0,1.0,"[0, 1, 223]",254.5,264.5,675.5,685.5,680.5,259.5,10.0,10.0,78.53981633974483,31.41592653589793
svg/g/circle_425,1,1.0,8.000000000000005,80.00000000000004,63.0,0.0,0.0,0.0,1.0,"[0, 1, 224]",266.9,276.9,675.5,685.5,680.5,271.9,10.0,10.0,78.53981633974483,31.41592653589793
svg/g/circle_424,1,1.0,34.0,93.0,57.99999999999999,0.0,0.0,0.0,1.0,"[0, 1, 225]",279.2,289.2,675.5,685.5,680.5,284.2,10.0,10.0,78.53981633974483,31.41592653589793
svg/g/circle_423,1,1.0,8.000000000000005,80.00000000000004,63.0,0.0,0.0,0.0,1.0,"[0, 1, 226]",242.1,252.1,687.9,697.9,692.9,247.1,10.0,10.0,78.53981633974483,31.41592653589793
svg/g/circle_422,1,1.0,8.000000000000005,80.00000000000004,63.0,0.0,0.0,0.0,1.0,"[0, 1, 227]",254.5,264.5,687.9,697.9,692.9,259.5,10.0,10.0,78.53981633974483,31.41592653589793
svg/g/circle_421,1,1.0,8.000000000000005,80.00000000000004,63.0,0.0,0.0,0.0,1.0,"[0, 1, 228]",266.9,276.9,687.9,697.9,692.9,271.9,10.0,10.0,78.53981633974483,31.41592653589793
svg/g/circle_420,1,1.0,83.0,50.0,51.0,0.0,0.0,0.0,1.0,"[0, 1, 229]",279.2,289.2,687.9,697.9,692.9,284.2,10.0,10.0,78.53981633974483,31.41592653589793
svg/g/circle_419,1,1.0,8.000000000000005,80.00000000000004,63.0,0.0,0.0,0.0,1.0,"[0, 1, 230]",242.1,252.1,700.4,710.4,705.4,247.1,10.0,10.0,78.53981633974483,31.41592653589793
svg/g/circle_418,1,1.0,8.000000000000005,80.00000000000004,63.0,0.0,0.0,0.0,1.0,"[0, 1, 231]",254.5,264.5,700.4,710.4,705.4,259.5,10.0,10.0,78.53981633974483,31.41592653589793
svg/g/circle_417,1,1.0,34.0,93.0,57.99999999999999,0.0,0.0,0.0,1.0,"[0, 1, 232]",266.9,276.9,700.4,710.4,705.4,271.9,10.0,10.0,78.53981633974483,31.41592653589793
svg/g/circle_416,1,1.0,83.0,50.0,51.0,0.0,0.0,0.0,1.0,"[0, 1, 233]",279.2,289.2,700.4,710.4,705.4,284.2,10.0,10.0,78.53981633974483,31.41592653589793
svg/g/g_22/path_39,6,1.0,0.0,0.0,38.0,0.0,0.0,0.0,1.0,"[0, 1, 234, 0]",225.10000000000002,234.2,19.7,29.200000000000006,24.450000000000003,229.65,9.500000000000007,9.099999999999966,0.0,91.56637908668786
svg/g/g_22/path_38,6,1.0,0.0,0.0,38.0,0.0,0.0,0.0,1.0,"[0, 1, 234, 1]",225.0,233.89999999999998,30.09999999999999,39.4,34.74999999999999,229.45,9.300000000000008,8.899999999999977,0.0,122.60114556104945
svg/g/g_22/path_37,6,1.0,0.0,0.0,38.0,0.0,0.0,0.0,1.0,"[0, 1, 234, 2]",225.1,234.4,40.600000000000016,49.40000000000001,45.000000000000014,229.75,8.799999999999997,9.300000000000011,0.0,77.88780860540865
svg/g/g_22/path_36,6,1.0,0.0,0.0,38.0,0.0,0.0,0.0,1.0,"[0, 1, 234, 3]",225.2,234.3,50.6,59.900000000000006,55.25,229.75,9.300000000000004,9.100000000000023,0.0,97.74544390171218
svg/g/g_21/path_35,6,1.0,0.0,0.0,38.0,0.0,0.0,0.0,1.0,"[0, 1, 235, 0]",225.20000000000002,234.39999999999998,201.7,211.00000000000003,206.35000000000002,229.8,9.30000000000004,9.19999999999996,0.0,121.7913712000669
svg/g/g_21/path_34,6,1.0,0.0,0.0,38.0,0.0,0.0,0.0,1.0,"[0, 1, 235, 1]",225.70000000000002,233.9,212.3,221.2,216.75,229.8,8.899999999999977,8.199999999999989,0.0,92.17266314500253
svg/g/g_21/path_33,6,1.0,0.0,0.0,38.0,0.0,0.0,0.0,1.0,"[0, 1, 235, 2]",225.1,234.3,222.29999999999998,231.4,226.85,229.7,9.100000000000023,9.200000000000017,0.0,111.86723009091375
svg/g/g_21/path_32,6,1.0,0.0,0.0,38.0,0.0,0.0,0.0,1.0,"[0, 1, 235, 3]",225.1,234.29999999999998,232.39999999999998,241.9,237.14999999999998,229.7,9.500000000000028,9.199999999999989,0.0,117.78933061619921
svg/g/g_20/path_31,6,1.0,0.0,0.0,38.0,0.0,0.0,0.0,1.0,"[0, 1, 236, 0]",225.20000000000002,234.39999999999998,382.7,392.0,387.35,229.8,9.300000000000011,9.19999999999996,0.0,121.79988235962774
svg/g/g_20/path_30,6,1.0,0.0,0.0,38.0,0.0,0.0,0.0,1.0,"[0, 1, 236, 1]",225.2,234.3,393.2000000000001,402.3,397.75000000000006,229.75,9.099999999999909,9.100000000000023,0.0,93.64881968296599
svg/g/g_20/path_29,6,1.0,0.0,0.0,38.0,0.0,0.0,0.0,1.0,"[0, 1, 236, 2]",225.1,234.3,403.20000000000005,412.40000000000003,407.80000000000007,229.7,9.199999999999989,9.200000000000017,0.0,111.93710496986463
svg/g/g_20/path_28,6,1.0,0.0,0.0,38.0,0.0,0.0,0.0,1.0,"[0, 1, 236, 3]",225.1,234.29999999999998,413.40000000000003,422.90000000000003,418.15000000000003,229.7,9.5,9.199999999999989,0.0,117.9129374139493
svg/g/g_20/path_27,6,1.0,0.0,0.0,38.0,0.0,0.0,0.0,1.0,"[0, 1, 236, 4]",225.6,234.4,423.5,433.00000000000006,428.25,230.0,9.500000000000057,8.800000000000011,0.0,106.70160279304272
svg/g/g_19/path_26,6,1.0,0.0,0.0,38.0,0.0,0.0,0.0,1.0,"[0, 1, 237, 0]",225.10000000000002,233.5,564.1999999999998,572.8,568.4999999999999,229.3,8.600000000000136,8.399999999999977,0.0,58.51108463204632
svg/g/g_19/path_25,6,1.0,0.0,0.0,38.0,0.0,0.0,0.0,1.0,"[0, 1, 237, 1]",226.0,234.0,574.6000000000001,583.1,578.8500000000001,230.0,8.499999999999886,8.0,0.0,62.43797613991839
svg/g/g_19/path_24,6,1.0,0.0,0.0,38.0,0.0,0.0,0.0,1.0,"[0, 1, 237, 2]",225.49999999999997,234.39999999999998,584.4,593.5999999999999,589.0,229.95,9.199999999999932,8.900000000000006,0.0,114.49024969421673
svg/g/g_19/path_23,6,1.0,0.0,0.0,38.0,0.0,0.0,0.0,1.0,"[0, 1, 237, 3]",225.6,234.4,594.3,603.8,599.05,230.0,9.5,8.800000000000011,0.0,106.70160279304277
svg/g/circle_415,1,1.0,235.0,90.99999999999999,61.0,0.0,0.0,0.0,1.0,"[0, 1, 238]",137.8,147.8,19.5,29.5,24.5,142.8,10.0,10.0,78.53981633974483,31.41592653589793
svg/g/ellipse_47,2,1.0,235.0,90.99999999999999,61.0,0.0,0.0,0.0,1.0,"[0, 1, 239]",150.2,160.2,19.5,29.5,24.5,155.2,10.0,10.0,78.53981633974483,62.83185307179586
svg/g/circle_414,1,1.0,235.0,90.99999999999999,61.0,0.0,0.0,0.0,1.0,"[0, 1, 240]",162.6,172.6,19.5,29.5,24.5,167.6,10.0,10.0,78.53981633974483,31.41592653589793
svg/g/circle_413,1,1.0,8.000000000000005,80.00000000000004,63.0,0.0,0.0,0.0,1.0,"[0, 1, 241]",174.9,184.9,19.5,29.5,24.5,179.9,10.0,10.0,78.53981633974483,31.41592653589793
svg/g/circle_412,1,1.0,34.0,93.0,57.99999999999999,0.0,0.0,0.0,1.0,"[0, 1, 242]",187.3,197.3,19.5,29.5,24.5,192.3,10.0,10.0,78.53981633974483,31.41592653589793
svg/g/circle_411,1,1.0,235.0,90.99999999999999,61.0,0.0,0.0,0.0,1.0,"[0, 1, 243]",137.8,147.8,31.9,41.9,36.9,142.8,10.0,10.0,78.53981633974483,31.41592653589793
svg/g/ellipse_46,2,1.0,235.0,90.99999999999999,61.0,0.0,0.0,0.0,1.0,"[0, 1, 244]",150.2,160.2,31.9,41.9,36.9,155.2,10.0,10.0,78.53981633974483,62.83185307179586
svg/g/circle_410,1,1.0,235.0,90.99999999999999,61.0,0.0,0.0,0.0,1.0,"[0, 1, 245]",162.6,172.6,31.9,41.9,36.9,167.6,10.0,10.0,78.53981633974483,31.41592653589793
svg/g/circle_409,1,1.0,8.000000000000005,80.00000000000004,63.0,0.0,0.0,0.0,1.0,"[0, 1, 246]",174.9,184.9,31.9,41.9,36.9,179.9,10.0,10.0,78.53981633974483,31.41592653589793
svg/g/circle_408,1,1.0,83.0,50.0,51.0,0.0,0.0,0.0,1.0,"[0, 1, 247]",187.3,197.3,31.9,41.9,36.9,192.3,10.0,10.0,78.53981633974483,31.41592653589793
svg/g/circle_407,1,1.0,235.0,90.99999999999999,61.0,0.0,0.0,0.0,1.0,"[0, 1, 248]",137.8,147.8,44.4,54.4,49.4,142.8,10.0,10.0,78.53981633974483,31.41592653589793
svg/g/ellipse_45,2,1.0,235.0,90.99999999999999,61.0,0.0,0.0,0.0,1.0,"[0, 1, 249]",150.2,160.2,44.4,54.4,49.4,155.2,10.0,10.0,78.53981633974483,62.83185307179586
svg/g/circle_406,1,1.0,235.0,90.99999999999999,61.0,0.0,0.0,0.0,1.0,"[0, 1, 250]",162.6,172.6,44.4,54.4,49.4,167.6,10.0,10.0,78.53981633974483,31.41592653589793
svg/g/circle_405,1,1.0,8.000000000000005,80.00000000000004,63.0,0.0,0.0,0.0,1.0,"[0, 1, 251]",174.9,184.9,44.4,54.4,49.4,179.9,10.0,10.0,78.53981633974483,31.41592653589793
svg/g/circle_404,1,1.0,83.0,50.0,51.0,0.0,0.0,0.0,1.0,"[0, 1, 252]",187.3,197.3,44.4,54.4,49.4,192.3,10.0,10.0,78.53981633974483,31.41592653589793
svg/g/circle_403,1,1.0,235.0,90.99999999999999,61.0,0.0,0.0,0.0,1.0,"[0, 1, 253]",137.8,147.8,56.7,66.7,61.7,142.8,10.0,10.0,78.53981633974483,31.41592653589793
svg/g/ellipse_44,2,1.0,235.0,90.99999999999999,61.0,0.0,0.0,0.0,1.0,"[0, 1, 254]",150.2,160.2,56.7,66.7,61.7,155.2,10.0,10.0,78.53981633974483,62.83185307179586
svg/g/circle_402,1,1.0,235.0,90.99999999999999,61.0,0.0,0.0,0.0,1.0,"[0, 1, 255]",162.6,172.6,56.7,66.7,61.7,167.6,10.0,10.0,78.53981633974483,31.41592653589793
svg/g/circle_401,1,1.0,34.0,93.0,57.99999999999999,0.0,0.0,0.0,1.0,"[0, 1, 256]",174.9,184.9,56.7,66.7,61.7,179.9,10.0,10.0,78.53981633974483,31.41592653589793
svg/g/circle_400,1,1.0,83.0,50.0,51.0,0.0,0.0,0.0,1.0,"[0, 1, 257]",187.3,197.3,56.7,66.7,61.7,192.3,10.0,10.0,78.53981633974483,31.41592653589793
svg/g/circle_399,1,1.0,235.0,90.99999999999999,61.0,0.0,0.0,0.0,1.0,"[0, 1, 258]",137.8,147.8,69.1,79.1,74.1,142.8,10.0,10.0,78.53981633974483,31.41592653589793
svg/g/ellipse_43,2,1.0,235.0,90.99999999999999,61.0,0.0,0.0,0.0,1.0,"[0, 1, 259]",150.2,160.2,69.1,79.1,74.1,155.2,10.0,10.0,78.53981633974483,62.83185307179586
svg/g/circle_398,1,1.0,235.0,90.99999999999999,61.0,0.0,0.0,0.0,1.0,"[0, 1, 260]",162.6,172.6,69.1,79.1,74.1,167.6,10.0,10.0,78.53981633974483,31.41592653589793
svg/g/circle_397,1,1.0,34.0,93.0,57.99999999999999,0.0,0.0,0.0,1.0,"[0, 1, 261]",174.9,184.9,69.1,79.1,74.1,179.9,10.0,10.0,78.53981633974483,31.41592653589793
svg/g/circle_396,1,1.0,83.0,50.0,51.0,0.0,0.0,0.0,1.0,"[0, 1, 262]",187.3,197.3,69.1,79.1,74.1,192.3,10.0,10.0,78.53981633974483,31.41592653589793
svg/g/circle_395,1,1.0,235.0,90.99999999999999,61.0,0.0,0.0,0.0,1.0,"[0, 1, 263]",137.8,147.8,81.5,91.5,86.5,142.8,10.0,10.0,78.53981633974483,31.41592653589793
svg/g/ellipse_42,2,1.0,235.0,90.99999999999999,61.0,0.0,0.0,0.0,1.0,"[0, 1, 264]",150.2,160.2,81.5,91.5,86.5,155.2,10.0,10.0,78.53981633974483,62.83185307179586
svg/g/circle_394,1,1.0,235.0,90.99999999999999,61.0,0.0,0.0,0.0,1.0,"[0, 1, 265]",162.6,172.6,81.5,91.5,86.5,167.6,10.0,10.0,78.53981633974483,31.41592653589793
svg/g/circle_393,1,1.0,34.0,93.0,57.99999999999999,0.0,0.0,0.0,1.0,"[0, 1, 266]",174.9,184.9,81.5,91.5,86.5,179.9,10.0,10.0,78.53981633974483,31.41592653589793
svg/g/circle_392,1,1.0,83.0,50.0,51.0,0.0,0.0,0.0,1.0,"[0, 1, 267]",187.3,197.3,81.5,91.5,86.5,192.3,10.0,10.0,78.53981633974483,31.41592653589793
svg/g/circle_391,1,1.0,235.0,90.99999999999999,61.0,0.0,0.0,0.0,1.0,"[0, 1, 268]",137.8,147.8,93.7,103.7,98.7,142.8,10.0,10.0,78.53981633974483,31.41592653589793
svg/g/ellipse_41,2,1.0,235.0,90.99999999999999,61.0,0.0,0.0,0.0,1.0,"[0, 1, 269]",150.2,160.2,93.7,103.7,98.7,155.2,10.0,10.0,78.53981633974483,62.83185307179586
svg/g/circle_390,1,1.0,235.0,90.99999999999999,61.0,0.0,0.0,0.0,1.0,"[0, 1, 270]",162.6,172.6,93.7,103.7,98.7,167.6,10.0,10.0,78.53981633974483,31.41592653589793
svg/g/circle_389,1,1.0,34.0,93.0,57.99999999999999,0.0,0.0,0.0,1.0,"[0, 1, 271]",174.9,184.9,93.7,103.7,98.7,179.9,10.0,10.0,78.53981633974483,31.41592653589793
svg/g/circle_388,1,1.0,31.999999999999993,35.00000000000002,46.0,0.0,0.0,0.0,1.0,"[0, 1, 272]",187.3,197.3,93.7,103.7,98.7,192.3,10.0,10.0,78.53981633974483,31.41592653589793
svg/g/circle_387,1,1.0,235.0,90.99999999999999,61.0,0.0,0.0,0.0,1.0,"[0, 1, 273]",137.8,147.8,106.1,116.1,111.1,142.8,10.0,10.0,78.53981633974483,31.41592653589793
svg/g/ellipse_40,2,1.0,235.0,90.99999999999999,61.0,0.0,0.0,0.0,1.0,"[0, 1, 274]",150.2,160.2,106.1,116.1,111.1,155.2,10.0,10.0,78.53981633974483,62.83185307179586
svg/g/circle_386,1,1.0,8.000000000000005,80.00000000000004,63.0,0.0,0.0,0.0,1.0,"[0, 1, 275]",162.6,172.6,106.1,116.1,111.1,167.6,10.0,10.0,78.53981633974483,31.41592653589793
svg/g/circle_385,1,1.0,34.0,93.0,57.99999999999999,0.0,0.0,0.0,1.0,"[0, 1, 276]",174.9,184.9,106.1,116.1,111.1,179.9,10.0,10.0,78.53981633974483,31.41592653589793
svg/g/circle_384,1,1.0,31.999999999999993,35.00000000000002,46.0,0.0,0.0,0.0,1.0,"[0, 1, 277]",187.3,197.3,106.1,116.1,111.1,192.3,10.0,10.0,78.53981633974483,31.41592653589793
svg/g/circle_383,1,1.0,235.0,90.99999999999999,61.0,0.0,0.0,0.0,1.0,"[0, 1, 278]",137.8,147.8,118.5,128.5,123.5,142.8,10.0,10.0,78.53981633974483,31.41592653589793
svg/g/ellipse_39,2,1.0,235.0,90.99999999999999,61.0,0.0,0.0,0.0,1.0,"[0, 1, 279]",150.2,160.2,118.5,128.5,123.5,155.2,10.0,10.0,78.53981633974483,62.83185307179586
svg/g/circle_382,1,1.0,8.000000000000005,80.00000000000004,63.0,0.0,0.0,0.0,1.0,"[0, 1, 280]",162.6,172.6,118.5,128.5,123.5,167.6,10.0,10.0,78.53981633974483,31.41592653589793
svg/g/circle_381,1,1.0,34.0,93.0,57.99999999999999,0.0,0.0,0.0,1.0,"[0, 1, 281]",174.9,184.9,118.5,128.5,123.5,179.9,10.0,10.0,78.53981633974483,31.41592653589793
svg/g/circle_380,1,1.0,31.999999999999993,35.00000000000002,46.0,0.0,0.0,0.0,1.0,"[0, 1, 282]",187.3,197.3,118.5,128.5,123.5,192.3,10.0,10.0,78.53981633974483,31.41592653589793
svg/g/circle_379,1,1.0,235.0,90.99999999999999,61.0,0.0,0.0,0.0,1.0,"[0, 1, 283]",137.8,147.8,130.8,140.8,135.8,142.8,10.0,10.0,78.53981633974483,31.41592653589793
svg/g/ellipse_38,2,1.0,235.0,90.99999999999999,61.0,0.0,0.0,0.0,1.0,"[0, 1, 284]",150.2,160.2,130.8,140.8,135.8,155.2,10.0,10.0,78.53981633974483,62.83185307179586
svg/g/circle_378,1,1.0,8.000000000000005,80.00000000000004,63.0,0.0,0.0,0.0,1.0,"[0, 1, 285]",162.6,172.6,130.8,140.8,135.8,167.6,10.0,10.0,78.53981633974483,31.41592653589793
svg/g/circle_377,1,1.0,34.0,93.0,57.99999999999999,0.0,0.0,0.0,1.0,"[0, 1, 286]",174.9,184.9,130.8,140.8,135.8,179.9,10.0,10.0,78.53981633974483,31.41592653589793
svg/g/circle_376,1,1.0,31.999999999999993,35.00000000000002,46.0,0.0,0.0,0.0,1.0,"[0, 1, 287]",187.3,197.3,130.8,140.8,135.8,192.3,10.0,10.0,78.53981633974483,31.41592653589793
svg/g/circle_375,1,1.0,235.0,90.99999999999999,61.0,0.0,0.0,0.0,1.0,"[0, 1, 288]",137.8,147.8,143.3,153.3,148.3,142.8,10.0,10.0,78.53981633974483,31.41592653589793
svg/g/ellipse_37,2,1.0,235.0,90.99999999999999,61.0,0.0,0.0,0.0,1.0,"[0, 1, 289]",150.2,160.2,143.3,153.3,148.3,155.2,10.0,10.0,78.53981633974483,62.83185307179586
svg/g/circle_374,1,1.0,8.000000000000005,80.00000000000004,63.0,0.0,0.0,0.0,1.0,"[0, 1, 290]",162.6,172.6,143.3,153.3,148.3,167.6,10.0,10.0,78.53981633974483,31.41592653589793
svg/g/circle_373,1,1.0,34.0,93.0,57.99999999999999,0.0,0.0,0.0,1.0,"[0, 1, 291]",174.9,184.9,143.3,153.3,148.3,179.9,10.0,10.0,78.53981633974483,31.41592653589793
svg/g/circle_372,1,1.0,31.999999999999993,35.00000000000002,46.0,0.0,0.0,0.0,1.0,"[0, 1, 292]",187.3,197.3,143.3,153.3,148.3,192.3,10.0,10.0,78.53981633974483,31.41592653589793
svg/g/circle_371,1,1.0,235.0,90.99999999999999,61.0,0.0,0.0,0.0,1.0,"[0, 1, 293]",137.8,147.8,155.7,165.7,160.7,142.8,10.0,10.0,78.53981633974483,31.41592653589793
svg/g/ellipse_36,2,1.0,235.0,90.99999999999999,61.0,0.0,0.0,0.0,1.0,"[0, 1, 294]",150.2,160.2,155.7,165.7,160.7,155.2,10.0,10.0,78.53981633974483,62.83185307179586
svg/g/circle_370,1,1.0,8.000000000000005,80.00000000000004,63.0,0.0,0.0,0.0,1.0,"[0, 1, 295]",162.6,172.6,155.7,165.7,160.7,167.6,10.0,10.0,78.53981633974483,31.41592653589793
svg/g/circle_369,1,1.0,34.0,93.0,57.99999999999999,0.0,0.0,0.0,1.0,"[0, 1, 296]",174.9,184.9,155.7,165.7,160.7,179.9,10.0,10.0,78.53981633974483,31.41592653589793
svg/g/circle_368,1,1.0,235.0,90.99999999999999,61.0,0.0,0.0,0.0,1.0,"[0, 1, 297]",137.8,147.8,201.1,211.1,206.1,142.8,10.0,10.0,78.53981633974483,31.41592653589793
svg/g/ellipse_35,2,1.0,235.0,90.99999999999999,61.0,0.0,0.0,0.0,1.0,"[0, 1, 298]",150.2,160.2,201.1,211.1,206.1,155.2,10.0,10.0,78.53981633974483,62.83185307179586
svg/g/circle_367,1,1.0,235.0,90.99999999999999,61.0,0.0,0.0,0.0,1.0,"[0, 1, 299]",162.6,172.6,201.1,211.1,206.1,167.6,10.0,10.0,78.53981633974483,31.41592653589793
svg/g/circle_366,1,1.0,34.0,93.0,57.99999999999999,0.0,0.0,0.0,1.0,"[0, 1, 300]",174.9,184.9,201.1,211.1,206.1,179.9,10.0,10.0,78.53981633974483,31.41592653589793
svg/g/circle_365,1,1.0,34.0,93.0,57.99999999999999,0.0,0.0,0.0,1.0,"[0, 1, 301]",187.3,197.3,201.1,211.1,206.1,192.3,10.0,10.0,78.53981633974483,31.41592653589793
svg/g/circle_364,1,1.0,235.0,90.99999999999999,61.0,0.0,0.0,0.0,1.0,"[0, 1, 302]",137.8,147.8,213.5,223.5,218.5,142.8,10.0,10.0,78.53981633974483,31.41592653589793
svg/g/ellipse_34,2,1.0,235.0,90.99999999999999,61.0,0.0,0.0,0.0,1.0,"[0, 1, 303]",150.2,160.2,213.5,223.5,218.5,155.2,10.0,10.0,78.53981633974483,62.83185307179586
svg/g/circle_363,1,1.0,235.0,90.99999999999999,61.0,0.0,0.0,0.0,1.0,"[0, 1, 304]",162.6,172.6,213.5,223.5,218.5,167.6,10.0,10.0,78.53981633974483,31.41592653589793
svg/g/circle_362,1,1.0,34.0,93.0,57.99999999999999,0.0,0.0,0.0,1.0,"[0, 1, 305]",174.9,184.9,213.5,223.5,218.5,179.9,10.0,10.0,78.53981633974483,31.41592653589793
svg/g/circle_361,1,1.0,34.0,93.0,57.99999999999999,0.0,0.0,0.0,1.0,"[0, 1, 306]",187.3,197.3,213.5,223.5,218.5,192.3,10.0,10.0,78.53981633974483,31.41592653589793
svg/g/circle_360,1,1.0,235.0,90.99999999999999,61.0,0.0,0.0,0.0,1.0,"[0, 1, 307]",137.8,147.8,225.9,235.9,230.9,142.8,10.0,10.0,78.53981633974483,31.41592653589793
svg/g/ellipse_33,2,1.0,235.0,90.99999999999999,61.0,0.0,0.0,0.0,1.0,"[0, 1, 308]",150.2,160.2,225.9,235.9,230.9,155.2,10.0,10.0,78.53981633974483,62.83185307179586
svg/g/circle_359,1,1.0,235.0,90.99999999999999,61.0,0.0,0.0,0.0,1.0,"[0, 1, 309]",162.6,172.6,225.9,235.9,230.9,167.6,10.0,10.0,78.53981633974483,31.41592653589793
svg/g/circle_358,1,1.0,34.0,93.0,57.99999999999999,0.0,0.0,0.0,1.0,"[0, 1, 310]",174.9,184.9,225.9,235.9,230.9,179.9,10.0,10.0,78.53981633974483,31.41592653589793
svg/g/circle_357,1,1.0,34.0,93.0,57.99999999999999,0.0,0.0,0.0,1.0,"[0, 1, 311]",187.3,197.3,225.9,235.9,230.9,192.3,10.0,10.0,78.53981633974483,31.41592653589793
svg/g/circle_356,1,1.0,235.0,90.99999999999999,61.0,0.0,0.0,0.0,1.0,"[0, 1, 312]",137.8,147.8,238.2,248.2,243.2,142.8,10.0,10.0,78.53981633974483,31.41592653589793
svg/g/ellipse_32,2,1.0,235.0,90.99999999999999,61.0,0.0,0.0,0.0,1.0,"[0, 1, 313]",150.2,160.2,238.2,248.2,243.2,155.2,10.0,10.0,78.53981633974483,62.83185307179586
svg/g/circle_355,1,1.0,8.000000000000005,80.00000000000004,63.0,0.0,0.0,0.0,1.0,"[0, 1, 314]",162.6,172.6,238.2,248.2,243.2,167.6,10.0,10.0,78.53981633974483,31.41592653589793
svg/g/circle_354,1,1.0,34.0,93.0,57.99999999999999,0.0,0.0,0.0,1.0,"[0, 1, 315]",174.9,184.9,238.2,248.2,243.2,179.9,10.0,10.0,78.53981633974483,31.41592653589793
svg/g/circle_353,1,1.0,34.0,93.0,57.99999999999999,0.0,0.0,0.0,1.0,"[0, 1, 316]",187.3,197.3,238.2,248.2,243.2,192.3,10.0,10.0,78.53981633974483,31.41592653589793
svg/g/circle_352,1,1.0,235.0,90.99999999999999,61.0,0.0,0.0,0.0,1.0,"[0, 1, 317]",137.8,147.8,250.7,260.7,255.7,142.8,10.0,10.0,78.53981633974483,31.41592653589793
svg/g/ellipse_31,2,1.0,235.0,90.99999999999999,61.0,0.0,0.0,0.0,1.0,"[0, 1, 318]",150.2,160.2,250.7,260.7,255.7,155.2,10.0,10.0,78.53981633974483,62.83185307179586
svg/g/circle_351,1,1.0,8.000000000000005,80.00000000000004,63.0,0.0,0.0,0.0,1.0,"[0, 1, 319]",162.6,172.6,250.7,260.7,255.7,167.6,10.0,10.0,78.53981633974483,31.41592653589793
svg/g/circle_350,1,1.0,34.0,93.0,57.99999999999999,0.0,0.0,0.0,1.0,"[0, 1, 320]",174.9,184.9,250.7,260.7,255.7,179.9,10.0,10.0,78.53981633974483,31.41592653589793
svg/g/circle_349,1,1.0,34.0,93.0,57.99999999999999,0.0,0.0,0.0,1.0,"[0, 1, 321]",187.3,197.3,250.7,260.7,255.7,192.3,10.0,10.0,78.53981633974483,31.41592653589793
svg/g/circle_348,1,1.0,235.0,90.99999999999999,61.0,0.0,0.0,0.0,1.0,"[0, 1, 322]",137.8,147.8,263.1,273.1,268.1,142.8,10.0,10.0,78.53981633974483,31.41592653589793
svg/g/ellipse_30,2,1.0,235.0,90.99999999999999,61.0,0.0,0.0,0.0,1.0,"[0, 1, 323]",150.2,160.2,263.1,273.1,268.1,155.2,10.0,10.0,78.53981633974483,62.83185307179586
svg/g/circle_347,1,1.0,8.000000000000005,80.00000000000004,63.0,0.0,0.0,0.0,1.0,"[0, 1, 324]",162.6,172.6,263.1,273.1,268.1,167.6,10.0,10.0,78.53981633974483,31.41592653589793
svg/g/circle_346,1,1.0,34.0,93.0,57.99999999999999,0.0,0.0,0.0,1.0,"[0, 1, 325]",174.9,184.9,263.1,273.1,268.1,179.9,10.0,10.0,78.53981633974483,31.41592653589793
svg/g/circle_345,1,1.0,34.0,93.0,57.99999999999999,0.0,0.0,0.0,1.0,"[0, 1, 326]",187.3,197.3,263.1,273.1,268.1,192.3,10.0,10.0,78.53981633974483,31.41592653589793
svg/g/circle_344,1,1.0,235.0,90.99999999999999,61.0,0.0,0.0,0.0,1.0,"[0, 1, 327]",137.8,147.8,275.2,285.2,280.2,142.8,10.0,10.0,78.53981633974483,31.41592653589793
svg/g/ellipse_29,2,1.0,235.0,90.99999999999999,61.0,0.0,0.0,0.0,1.0,"[0, 1, 328]",150.2,160.2,275.2,285.2,280.2,155.2,10.0,10.0,78.53981633974483,62.83185307179586
svg/g/circle_343,1,1.0,8.000000000000005,80.00000000000004,63.0,0.0,0.0,0.0,1.0,"[0, 1, 329]",162.6,172.6,275.2,285.2,280.2,167.6,10.0,10.0,78.53981633974483,31.41592653589793
svg/g/circle_342,1,1.0,34.0,93.0,57.99999999999999,0.0,0.0,0.0,1.0,"[0, 1, 330]",174.9,184.9,275.2,285.2,280.2,179.9,10.0,10.0,78.53981633974483,31.41592653589793
svg/g/circle_341,1,1.0,34.0,93.0,57.99999999999999,0.0,0.0,0.0,1.0,"[0, 1, 331]",187.3,197.3,275.2,285.2,280.2,192.3,10.0,10.0,78.53981633974483,31.41592653589793
svg/g/circle_340,1,1.0,235.0,90.99999999999999,61.0,0.0,0.0,0.0,1.0,"[0, 1, 332]",137.8,147.8,287.7,297.7,292.7,142.8,10.0,10.0,78.53981633974483,31.41592653589793
svg/g/ellipse_28,2,1.0,235.0,90.99999999999999,61.0,0.0,0.0,0.0,1.0,"[0, 1, 333]",150.2,160.2,287.7,297.7,292.7,155.2,10.0,10.0,78.53981633974483,62.83185307179586
svg/g/circle_339,1,1.0,8.000000000000005,80.00000000000004,63.0,0.0,0.0,0.0,1.0,"[0, 1, 334]",162.6,172.6,287.7,297.7,292.7,167.6,10.0,10.0,78.53981633974483,31.41592653589793
svg/g/circle_338,1,1.0,34.0,93.0,57.99999999999999,0.0,0.0,0.0,1.0,"[0, 1, 335]",174.9,184.9,287.7,297.7,292.7,179.9,10.0,10.0,78.53981633974483,31.41592653589793
svg/g/circle_337,1,1.0,83.0,50.0,51.0,0.0,0.0,0.0,1.0,"[0, 1, 336]",187.3,197.3,287.7,297.7,292.7,192.3,10.0,10.0,78.53981633974483,31.41592653589793
svg/g/circle_336,1,1.0,235.0,90.99999999999999,61.0,0.0,0.0,0.0,1.0,"[0, 1, 337]",137.8,147.8,300.1,310.1,305.1,142.8,10.0,10.0,78.53981633974483,31.41592653589793
svg/g/ellipse_27,2,1.0,235.0,90.99999999999999,61.0,0.0,0.0,0.0,1.0,"[0, 1, 338]",150.2,160.2,300.1,310.1,305.1,155.2,10.0,10.0,78.53981633974483,62.83185307179586
svg/g/circle_335,1,1.0,8.000000000000005,80.00000000000004,63.0,0.0,0.0,0.0,1.0,"[0, 1, 339]",162.6,172.6,300.1,310.1,305.1,167.6,10.0,10.0,78.53981633974483,31.41592653589793
svg/g/circle_334,1,1.0,34.0,93.0,57.99999999999999,0.0,0.0,0.0,1.0,"[0, 1, 340]",174.9,184.9,300.1,310.1,305.1,179.9,10.0,10.0,78.53981633974483,31.41592653589793
svg/g/circle_333,1,1.0,83.0,50.0,51.0,0.0,0.0,0.0,1.0,"[0, 1, 341]",187.3,197.3,300.1,310.1,305.1,192.3,10.0,10.0,78.53981633974483,31.41592653589793
svg/g/circle_332,1,1.0,235.0,90.99999999999999,61.0,0.0,0.0,0.0,1.0,"[0, 1, 342]",137.8,147.8,312.4,322.4,317.4,142.8,10.0,10.0,78.53981633974483,31.41592653589793
svg/g/ellipse_26,2,1.0,235.0,90.99999999999999,61.0,0.0,0.0,0.0,1.0,"[0, 1, 343]",150.2,160.2,312.4,322.4,317.4,155.2,10.0,10.0,78.53981633974483,62.83185307179586
svg/g/circle_331,1,1.0,8.000000000000005,80.00000000000004,63.0,0.0,0.0,0.0,1.0,"[0, 1, 344]",162.6,172.6,312.4,322.4,317.4,167.6,10.0,10.0,78.53981633974483,31.41592653589793
svg/g/circle_330,1,1.0,34.0,93.0,57.99999999999999,0.0,0.0,0.0,1.0,"[0, 1, 345]",174.9,184.9,312.4,322.4,317.4,179.9,10.0,10.0,78.53981633974483,31.41592653589793
svg/g/circle_329,1,1.0,83.0,50.0,51.0,0.0,0.0,0.0,1.0,"[0, 1, 346]",187.3,197.3,312.4,322.4,317.4,192.3,10.0,10.0,78.53981633974483,31.41592653589793
svg/g/circle_328,1,1.0,235.0,90.99999999999999,61.0,0.0,0.0,0.0,1.0,"[0, 1, 347]",137.8,147.8,324.8,334.8,329.8,142.8,10.0,10.0,78.53981633974483,31.41592653589793
svg/g/ellipse_25,2,1.0,235.0,90.99999999999999,61.0,0.0,0.0,0.0,1.0,"[0, 1, 348]",150.2,160.2,324.8,334.8,329.8,155.2,10.0,10.0,78.53981633974483,62.83185307179586
svg/g/circle_327,1,1.0,8.000000000000005,80.00000000000004,63.0,0.0,0.0,0.0,1.0,"[0, 1, 349]",162.6,172.6,324.8,334.8,329.8,167.6,10.0,10.0,78.53981633974483,31.41592653589793
svg/g/circle_326,1,1.0,34.0,93.0,57.99999999999999,0.0,0.0,0.0,1.0,"[0, 1, 350]",174.9,184.9,324.8,334.8,329.8,179.9,10.0,10.0,78.53981633974483,31.41592653589793
svg/g/circle_325,1,1.0,83.0,50.0,51.0,0.0,0.0,0.0,1.0,"[0, 1, 351]",187.3,197.3,324.8,334.8,329.8,192.3,10.0,10.0,78.53981633974483,31.41592653589793
svg/g/circle_324,1,1.0,235.0,90.99999999999999,61.0,0.0,0.0,0.0,1.0,"[0, 1, 352]",137.8,147.8,337.3,347.3,342.3,142.8,10.0,10.0,78.53981633974483,31.41592653589793
svg/g/ellipse_24,2,1.0,235.0,90.99999999999999,61.0,0.0,0.0,0.0,1.0,"[0, 1, 353]",150.2,160.2,337.3,347.3,342.3,155.2,10.0,10.0,78.53981633974483,62.83185307179586
svg/g/circle_323,1,1.0,34.0,93.0,57.99999999999999,0.0,0.0,0.0,1.0,"[0, 1, 354]",162.6,172.6,337.3,347.3,342.3,167.6,10.0,10.0,78.53981633974483,31.41592653589793
svg/g/circle_322,1,1.0,34.0,93.0,57.99999999999999,0.0,0.0,0.0,1.0,"[0, 1, 355]",174.9,184.9,337.3,347.3,342.3,179.9,10.0,10.0,78.53981633974483,31.41592653589793
svg/g/circle_321,1,1.0,31.999999999999993,35.00000000000002,46.0,0.0,0.0,0.0,1.0,"[0, 1, 356]",187.3,197.3,337.3,347.3,342.3,192.3,10.0,10.0,78.53981633974483,31.41592653589793
svg/g/circle_320,1,1.0,235.0,90.99999999999999,61.0,0.0,0.0,0.0,1.0,"[0, 1, 357]",137.8,147.8,382.6,392.6,387.6,142.8,10.0,10.0,78.53981633974483,31.41592653589793
svg/g/ellipse_23,2,1.0,34.0,93.0,57.99999999999999,0.0,0.0,0.0,1.0,"[0, 1, 358]",150.2,160.2,382.6,392.6,387.6,155.2,10.0,10.0,78.53981633974483,62.83185307179586
svg/g/circle_319,1,1.0,34.0,93.0,57.99999999999999,0.0,0.0,0.0,1.0,"[0, 1, 359]",162.6,172.6,382.6,392.6,387.6,167.6,10.0,10.0,78.53981633974483,31.41592653589793
svg/g/circle_318,1,1.0,83.0,50.0,51.0,0.0,0.0,0.0,1.0,"[0, 1, 360]",174.9,184.9,382.6,392.6,387.6,179.9,10.0,10.0,78.53981633974483,31.41592653589793
svg/g/circle_317,1,1.0,31.999999999999993,35.00000000000002,46.0,0.0,0.0,0.0,1.0,"[0, 1, 361]",187.3,197.3,382.6,392.6,387.6,192.3,10.0,10.0,78.53981633974483,31.41592653589793
svg/g/circle_316,1,1.0,235.0,90.99999999999999,61.0,0.0,0.0,0.0,1.0,"[0, 1, 362]",137.8,147.8,395.1,405.1,400.1,142.8,10.0,10.0,78.53981633974483,31.41592653589793
svg/g/ellipse_22,2,1.0,34.0,93.0,57.99999999999999,0.0,0.0,0.0,1.0,"[0, 1, 363]",150.2,160.2,395.1,405.1,400.1,155.2,10.0,10.0,78.53981633974483,62.83185307179586
svg/g/circle_315,1,1.0,34.0,93.0,57.99999999999999,0.0,0.0,0.0,1.0,"[0, 1, 364]",162.6,172.6,395.1,405.1,400.1,167.6,10.0,10.0,78.53981633974483,31.41592653589793
svg/g/circle_314,1,1.0,83.0,50.0,51.0,0.0,0.0,0.0,1.0,"[0, 1, 365]",174.9,184.9,395.1,405.1,400.1,179.9,10.0,10.0,78.53981633974483,31.41592653589793
svg/g/circle_313,1,1.0,31.999999999999993,35.00000000000002,46.0,0.0,0.0,0.0,1.0,"[0, 1, 366]",187.3,197.3,395.1,405.1,400.1,192.3,10.0,10.0,78.53981633974483,31.41592653589793
svg/g/circle_312,1,1.0,235.0,90.99999999999999,61.0,0.0,0.0,0.0,1.0,"[0, 1, 367]",137.8,147.8,407.5,417.5,412.5,142.8,10.0,10.0,78.53981633974483,31.41592653589793
svg/g/ellipse_21,2,1.0,34.0,93.0,57.99999999999999,0.0,0.0,0.0,1.0,"[0, 1, 368]",150.2,160.2,407.5,417.5,412.5,155.2,10.0,10.0,78.53981633974483,62.83185307179586
svg/g/circle_311,1,1.0,34.0,93.0,57.99999999999999,0.0,0.0,0.0,1.0,"[0, 1, 369]",162.6,172.6,407.5,417.5,412.5,167.6,10.0,10.0,78.53981633974483,31.41592653589793
svg/g/circle_310,1,1.0,83.0,50.0,51.0,0.0,0.0,0.0,1.0,"[0, 1, 370]",174.9,184.9,407.5,417.5,412.5,179.9,10.0,10.0,78.53981633974483,31.41592653589793
svg/g/circle_309,1,1.0,31.999999999999993,35.00000000000002,46.0,0.0,0.0,0.0,1.0,"[0, 1, 371]",187.3,197.3,407.5,417.5,412.5,192.3,10.0,10.0,78.53981633974483,31.41592653589793
svg/g/circle_308,1,1.0,235.0,90.99999999999999,61.0,0.0,0.0,0.0,1.0,"[0, 1, 372]",137.8,147.8,419.8,429.8,424.8,142.8,10.0,10.0,78.53981633974483,31.41592653589793
svg/g/ellipse_20,2,1.0,34.0,93.0,57.99999999999999,0.0,0.0,0.0,1.0,"[0, 1, 373]",150.2,160.2,419.8,429.8,424.8,155.2,10.0,10.0,78.53981633974483,62.83185307179586
svg/g/circle_307,1,1.0,34.0,93.0,57.99999999999999,0.0,0.0,0.0,1.0,"[0, 1, 374]",162.6,172.6,419.8,429.8,424.8,167.6,10.0,10.0,78.53981633974483,31.41592653589793
svg/g/circle_306,1,1.0,83.0,50.0,51.0,0.0,0.0,0.0,1.0,"[0, 1, 375]",174.9,184.9,419.8,429.8,424.8,179.9,10.0,10.0,78.53981633974483,31.41592653589793
svg/g/circle_305,1,1.0,31.999999999999993,35.00000000000002,46.0,0.0,0.0,0.0,1.0,"[0, 1, 376]",187.3,197.3,419.8,429.8,424.8,192.3,10.0,10.0,78.53981633974483,31.41592653589793
svg/g/circle_304,1,1.0,235.0,90.99999999999999,61.0,0.0,0.0,0.0,1.0,"[0, 1, 377]",137.8,147.8,432.2,442.2,437.2,142.8,10.0,10.0,78.53981633974483,31.41592653589793
svg/g/ellipse_19,2,1.0,34.0,93.0,57.99999999999999,0.0,0.0,0.0,1.0,"[0, 1, 378]",150.2,160.2,432.2,442.2,437.2,155.2,10.0,10.0,78.53981633974483,62.83185307179586
svg/g/circle_303,1,1.0,34.0,93.0,57.99999999999999,0.0,0.0,0.0,1.0,"[0, 1, 379]",162.6,172.6,432.2,442.2,437.2,167.6,10.0,10.0,78.53981633974483,31.41592653589793
svg/g/circle_302,1,1.0,83.0,50.0,51.0,0.0,0.0,0.0,1.0,"[0, 1, 380]",174.9,184.9,432.2,442.2,437.2,179.9,10.0,10.0,78.53981633974483,31.41592653589793
svg/g/circle_301,1,1.0,31.999999999999993,35.00000000000002,46.0,0.0,0.0,0.0,1.0,"[0, 1, 381]",187.3,197.3,432.2,442.2,437.2,192.3,10.0,10.0,78.53981633974483,31.41592653589793
svg/g/circle_300,1,1.0,235.0,90.99999999999999,61.0,0.0,0.0,0.0,1.0,"[0, 1, 382]",137.8,147.8,444.7,454.7,449.7,142.8,10.0,10.0,78.53981633974483,31.41592653589793
svg/g/ellipse_18,2,1.0,34.0,93.0,57.99999999999999,0.0,0.0,0.0,1.0,"[0, 1, 383]",150.2,160.2,444.7,454.7,449.7,155.2,10.0,10.0,78.53981633974483,62.83185307179586
svg/g/circle_299,1,1.0,34.0,93.0,57.99999999999999,0.0,0.0,0.0,1.0,"[0, 1, 384]",162.6,172.6,444.7,454.7,449.7,167.6,10.0,10.0,78.53981633974483,31.41592653589793
svg/g/circle_298,1,1.0,83.0,50.0,51.0,0.0,0.0,0.0,1.0,"[0, 1, 385]",174.9,184.9,444.7,454.7,449.7,179.9,10.0,10.0,78.53981633974483,31.41592653589793
svg/g/circle_297,1,1.0,31.999999999999993,35.00000000000002,46.0,0.0,0.0,0.0,1.0,"[0, 1, 386]",187.3,197.3,444.7,454.7,449.7,192.3,10.0,10.0,78.53981633974483,31.41592653589793
svg/g/circle_296,1,1.0,235.0,90.99999999999999,61.0,0.0,0.0,0.0,1.0,"[0, 1, 387]",137.8,147.8,456.8,466.8,461.8,142.8,10.0,10.0,78.53981633974483,31.41592653589793
svg/g/ellipse_17,2,1.0,34.0,93.0,57.99999999999999,0.0,0.0,0.0,1.0,"[0, 1, 388]",150.2,160.2,456.8,466.8,461.8,155.2,10.0,10.0,78.53981633974483,62.83185307179586
svg/g/circle_295,1,1.0,34.0,93.0,57.99999999999999,0.0,0.0,0.0,1.0,"[0, 1, 389]",162.6,172.6,456.8,466.8,461.8,167.6,10.0,10.0,78.53981633974483,31.41592653589793
svg/g/circle_294,1,1.0,83.0,50.0,51.0,0.0,0.0,0.0,1.0,"[0, 1, 390]",174.9,184.9,456.8,466.8,461.8,179.9,10.0,10.0,78.53981633974483,31.41592653589793
svg/g/circle_293,1,1.0,31.999999999999993,35.00000000000002,46.0,0.0,0.0,0.0,1.0,"[0, 1, 391]",187.3,197.3,456.8,466.8,461.8,192.3,10.0,10.0,78.53981633974483,31.41592653589793
svg/g/circle_292,1,1.0,235.0,90.99999999999999,61.0,0.0,0.0,0.0,1.0,"[0, 1, 392]",137.8,147.8,469.2,479.2,474.2,142.8,10.0,10.0,78.53981633974483,31.41592653589793
svg/g/ellipse_16,2,1.0,34.0,93.0,57.99999999999999,0.0,0.0,0.0,1.0,"[0, 1, 393]",150.2,160.2,469.2,479.2,474.2,155.2,10.0,10.0,78.53981633974483,62.83185307179586
svg/g/circle_291,1,1.0,34.0,93.0,57.99999999999999,0.0,0.0,0.0,1.0,"[0, 1, 394]",162.6,172.6,469.2,479.2,474.2,167.6,10.0,10.0,78.53981633974483,31.41592653589793
svg/g/circle_290,1,1.0,83.0,50.0,51.0,0.0,0.0,0.0,1.0,"[0, 1, 395]",174.9,184.9,469.2,479.2,474.2,179.9,10.0,10.0,78.53981633974483,31.41592653589793
svg/g/circle_289,1,1.0,31.999999999999993,35.00000000000002,46.0,0.0,0.0,0.0,1.0,"[0, 1, 396]",187.3,197.3,469.2,479.2,474.2,192.3,10.0,10.0,78.53981633974483,31.41592653589793
svg/g/circle_288,1,1.0,8.000000000000005,80.00000000000004,63.0,0.0,0.0,0.0,1.0,"[0, 1, 397]",137.8,147.8,481.7,491.7,486.7,142.8,10.0,10.0,78.53981633974483,31.41592653589793
svg/g/ellipse_15,2,1.0,34.0,93.0,57.99999999999999,0.0,0.0,0.0,1.0,"[0, 1, 398]",150.2,160.2,481.7,491.7,486.7,155.2,10.0,10.0,78.53981633974483,62.83185307179586
svg/g/circle_287,1,1.0,83.0,50.0,51.0,0.0,0.0,0.0,1.0,"[0, 1, 399]",162.6,172.6,481.7,491.7,486.7,167.6,10.0,10.0,78.53981633974483,31.41592653589793
svg/g/circle_286,1,1.0,83.0,50.0,51.0,0.0,0.0,0.0,1.0,"[0, 1, 400]",174.9,184.9,481.7,491.7,486.7,179.9,10.0,10.0,78.53981633974483,31.41592653589793
svg/g/circle_285,1,1.0,31.999999999999993,35.00000000000002,46.0,0.0,0.0,0.0,1.0,"[0, 1, 401]",187.3,197.3,481.7,491.7,486.7,192.3,10.0,10.0,78.53981633974483,31.41592653589793
svg/g/circle_284,1,1.0,8.000000000000005,80.00000000000004,63.0,0.0,0.0,0.0,1.0,"[0, 1, 402]",137.8,147.8,493.9,503.9,498.9,142.8,10.0,10.0,78.53981633974483,31.41592653589793
svg/g/ellipse_14,2,1.0,34.0,93.0,57.99999999999999,0.0,0.0,0.0,1.0,"[0, 1, 403]",150.2,160.2,493.9,503.9,498.9,155.2,10.0,10.0,78.53981633974483,62.83185307179586
svg/g/circle_283,1,1.0,83.0,50.0,51.0,0.0,0.0,0.0,1.0,"[0, 1, 404]",162.6,172.6,493.9,503.9,498.9,167.6,10.0,10.0,78.53981633974483,31.41592653589793
svg/g/circle_282,1,1.0,83.0,50.0,51.0,0.0,0.0,0.0,1.0,"[0, 1, 405]",174.9,184.9,493.9,503.9,498.9,179.9,10.0,10.0,78.53981633974483,31.41592653589793
svg/g/circle_281,1,1.0,8.000000000000005,80.00000000000004,63.0,0.0,0.0,0.0,1.0,"[0, 1, 406]",137.8,147.8,506.4,516.4,511.4,142.8,10.0,10.0,78.53981633974483,31.41592653589793
svg/g/ellipse_13,2,1.0,34.0,93.0,57.99999999999999,0.0,0.0,0.0,1.0,"[0, 1, 407]",150.2,160.2,506.4,516.4,511.4,155.2,10.0,10.0,78.53981633974483,62.83185307179586
svg/g/circle_280,1,1.0,83.0,50.0,51.0,0.0,0.0,0.0,1.0,"[0, 1, 408]",162.6,172.6,506.4,516.4,511.4,167.6,10.0,10.0,78.53981633974483,31.41592653589793
svg/g/circle_279,1,1.0,83.0,50.0,51.0,0.0,0.0,0.0,1.0,"[0, 1, 409]",174.9,184.9,506.4,516.4,511.4,179.9,10.0,10.0,78.53981633974483,31.41592653589793
svg/g/circle_278,1,1.0,8.000000000000005,80.00000000000004,63.0,0.0,0.0,0.0,1.0,"[0, 1, 410]",137.8,147.8,518.8,528.8,523.8,142.8,10.0,10.0,78.53981633974483,31.41592653589793
svg/g/ellipse_12,2,1.0,34.0,93.0,57.99999999999999,0.0,0.0,0.0,1.0,"[0, 1, 411]",150.2,160.2,518.8,528.8,523.8,155.2,10.0,10.0,78.53981633974483,62.83185307179586
svg/g/circle_277,1,1.0,83.0,50.0,51.0,0.0,0.0,0.0,1.0,"[0, 1, 412]",162.6,172.6,518.8,528.8,523.8,167.6,10.0,10.0,78.53981633974483,31.41592653589793
svg/g/circle_276,1,1.0,83.0,50.0,51.0,0.0,0.0,0.0,1.0,"[0, 1, 413]",174.9,184.9,518.8,528.8,523.8,179.9,10.0,10.0,78.53981633974483,31.41592653589793
svg/g/circle_275,1,1.0,235.0,90.99999999999999,61.0,0.0,0.0,0.0,1.0,"[0, 1, 414]",137.8,147.8,564.2,574.2,569.2,142.8,10.0,10.0,78.53981633974483,31.41592653589793
svg/g/ellipse_11,2,1.0,8.000000000000005,80.00000000000004,63.0,0.0,0.0,0.0,1.0,"[0, 1, 415]",150.2,160.2,564.2,574.2,569.2,155.2,10.0,10.0,78.53981633974483,62.83185307179586
svg/g/circle_274,1,1.0,8.000000000000005,80.00000000000004,63.0,0.0,0.0,0.0,1.0,"[0, 1, 416]",162.6,172.6,564.2,574.2,569.2,167.6,10.0,10.0,78.53981633974483,31.41592653589793
svg/g/circle_273,1,1.0,34.0,93.0,57.99999999999999,0.0,0.0,0.0,1.0,"[0, 1, 417]",174.9,184.9,564.2,574.2,569.2,179.9,10.0,10.0,78.53981633974483,31.41592653589793
svg/g/circle_272,1,1.0,83.0,50.0,51.0,0.0,0.0,0.0,1.0,"[0, 1, 418]",187.3,197.3,564.2,574.2,569.2,192.3,10.0,10.0,78.53981633974483,31.41592653589793
svg/g/circle_271,1,1.0,235.0,90.99999999999999,61.0,0.0,0.0,0.0,1.0,"[0, 1, 419]",137.8,147.8,576.6,586.6,581.6,142.8,10.0,10.0,78.53981633974483,31.41592653589793
svg/g/ellipse_10,2,1.0,8.000000000000005,80.00000000000004,63.0,0.0,0.0,0.0,1.0,"[0, 1, 420]",150.2,160.2,576.6,586.6,581.6,155.2,10.0,10.0,78.53981633974483,62.83185307179586
svg/g/circle_270,1,1.0,8.000000000000005,80.00000000000004,63.0,0.0,0.0,0.0,1.0,"[0, 1, 421]",162.6,172.6,576.6,586.6,581.6,167.6,10.0,10.0,78.53981633974483,31.41592653589793
svg/g/circle_269,1,1.0,34.0,93.0,57.99999999999999,0.0,0.0,0.0,1.0,"[0, 1, 422]",174.9,184.9,576.6,586.6,581.6,179.9,10.0,10.0,78.53981633974483,31.41592653589793
svg/g/circle_268,1,1.0,31.999999999999993,35.00000000000002,46.0,0.0,0.0,0.0,1.0,"[0, 1, 423]",187.3,197.3,576.6,586.6,581.6,192.3,10.0,10.0,78.53981633974483,31.41592653589793
svg/g/circle_267,1,1.0,235.0,90.99999999999999,61.0,0.0,0.0,0.0,1.0,"[0, 1, 424]",137.8,147.8,589.0,599.0,594.0,142.8,10.0,10.0,78.53981633974483,31.41592653589793
svg/g/ellipse_9,2,1.0,8.000000000000005,80.00000000000004,63.0,0.0,0.0,0.0,1.0,"[0, 1, 425]",150.2,160.2,589.0,599.0,594.0,155.2,10.0,10.0,78.53981633974483,62.83185307179586
svg/g/circle_266,1,1.0,8.000000000000005,80.00000000000004,63.0,0.0,0.0,0.0,1.0,"[0, 1, 426]",162.6,172.6,589.0,599.0,594.0,167.6,10.0,10.0,78.53981633974483,31.41592653589793
svg/g/circle_265,1,1.0,34.0,93.0,57.99999999999999,0.0,0.0,0.0,1.0,"[0, 1, 427]",174.9,184.9,589.0,599.0,594.0,179.9,10.0,10.0,78.53981633974483,31.41592653589793
svg/g/circle_264,1,1.0,31.999999999999993,35.00000000000002,46.0,0.0,0.0,0.0,1.0,"[0, 1, 428]",187.3,197.3,589.0,599.0,594.0,192.3,10.0,10.0,78.53981633974483,31.41592653589793
svg/g/circle_263,1,1.0,235.0,90.99999999999999,61.0,0.0,0.0,0.0,1.0,"[0, 1, 429]",137.8,147.8,601.3,611.3,606.3,142.8,10.0,10.0,78.53981633974483,31.41592653589793
svg/g/ellipse_8,2,1.0,8.000000000000005,80.00000000000004,63.0,0.0,0.0,0.0,1.0,"[0, 1, 430]",150.2,160.2,601.3,611.3,606.3,155.2,10.0,10.0,78.53981633974483,62.83185307179586
svg/g/circle_262,1,1.0,8.000000000000005,80.00000000000004,63.0,0.0,0.0,0.0,1.0,"[0, 1, 431]",162.6,172.6,601.3,611.3,606.3,167.6,10.0,10.0,78.53981633974483,31.41592653589793
svg/g/circle_261,1,1.0,83.0,50.0,51.0,0.0,0.0,0.0,1.0,"[0, 1, 432]",174.9,184.9,601.3,611.3,606.3,179.9,10.0,10.0,78.53981633974483,31.41592653589793
svg/g/circle_260,1,1.0,31.999999999999993,35.00000000000002,46.0,0.0,0.0,0.0,1.0,"[0, 1, 433]",187.3,197.3,601.3,611.3,606.3,192.3,10.0,10.0,78.53981633974483,31.41592653589793
svg/g/circle_259,1,1.0,235.0,90.99999999999999,61.0,0.0,0.0,0.0,1.0,"[0, 1, 434]",137.8,147.8,613.8,623.8,618.8,142.8,10.0,10.0,78.53981633974483,31.41592653589793
svg/g/ellipse_7,2,1.0,8.000000000000005,80.00000000000004,63.0,0.0,0.0,0.0,1.0,"[0, 1, 435]",150.2,160.2,613.8,623.8,618.8,155.2,10.0,10.0,78.53981633974483,62.83185307179586
svg/g/circle_258,1,1.0,8.000000000000005,80.00000000000004,63.0,0.0,0.0,0.0,1.0,"[0, 1, 436]",162.6,172.6,613.8,623.8,618.8,167.6,10.0,10.0,78.53981633974483,31.41592653589793
svg/g/circle_257,1,1.0,83.0,50.0,51.0,0.0,0.0,0.0,1.0,"[0, 1, 437]",174.9,184.9,613.8,623.8,618.8,179.9,10.0,10.0,78.53981633974483,31.41592653589793
svg/g/circle_256,1,1.0,31.999999999999993,35.00000000000002,46.0,0.0,0.0,0.0,1.0,"[0, 1, 438]",187.3,197.3,613.8,623.8,618.8,192.3,10.0,10.0,78.53981633974483,31.41592653589793
svg/g/circle_255,1,1.0,235.0,90.99999999999999,61.0,0.0,0.0,0.0,1.0,"[0, 1, 439]",137.8,147.8,626.2,636.2,631.2,142.8,10.0,10.0,78.53981633974483,31.41592653589793
svg/g/ellipse_6,2,1.0,8.000000000000005,80.00000000000004,63.0,0.0,0.0,0.0,1.0,"[0, 1, 440]",150.2,160.2,626.2,636.2,631.2,155.2,10.0,10.0,78.53981633974483,62.83185307179586
svg/g/circle_254,1,1.0,8.000000000000005,80.00000000000004,63.0,0.0,0.0,0.0,1.0,"[0, 1, 441]",162.6,172.6,626.2,636.2,631.2,167.6,10.0,10.0,78.53981633974483,31.41592653589793
svg/g/circle_253,1,1.0,83.0,50.0,51.0,0.0,0.0,0.0,1.0,"[0, 1, 442]",174.9,184.9,626.2,636.2,631.2,179.9,10.0,10.0,78.53981633974483,31.41592653589793
svg/g/circle_252,1,1.0,31.999999999999993,35.00000000000002,46.0,0.0,0.0,0.0,1.0,"[0, 1, 443]",187.3,197.3,626.2,636.2,631.2,192.3,10.0,10.0,78.53981633974483,31.41592653589793
svg/g/circle_251,1,1.0,235.0,90.99999999999999,61.0,0.0,0.0,0.0,1.0,"[0, 1, 444]",137.8,147.8,638.3,648.3,643.3,142.8,10.0,10.0,78.53981633974483,31.41592653589793
svg/g/ellipse_5,2,1.0,8.000000000000005,80.00000000000004,63.0,0.0,0.0,0.0,1.0,"[0, 1, 445]",150.2,160.2,638.3,648.3,643.3,155.2,10.0,10.0,78.53981633974483,62.83185307179586
svg/g/circle_250,1,1.0,8.000000000000005,80.00000000000004,63.0,0.0,0.0,0.0,1.0,"[0, 1, 446]",162.6,172.6,638.3,648.3,643.3,167.6,10.0,10.0,78.53981633974483,31.41592653589793
svg/g/circle_249,1,1.0,83.0,50.0,51.0,0.0,0.0,0.0,1.0,"[0, 1, 447]",174.9,184.9,638.3,648.3,643.3,179.9,10.0,10.0,78.53981633974483,31.41592653589793
svg/g/circle_248,1,1.0,31.999999999999993,35.00000000000002,46.0,0.0,0.0,0.0,1.0,"[0, 1, 448]",187.3,197.3,638.3,648.3,643.3,192.3,10.0,10.0,78.53981633974483,31.41592653589793
svg/g/circle_247,1,1.0,235.0,90.99999999999999,61.0,0.0,0.0,0.0,1.0,"[0, 1, 449]",137.8,147.8,650.8,660.8,655.8,142.8,10.0,10.0,78.53981633974483,31.41592653589793
svg/g/ellipse_4,2,1.0,8.000000000000005,80.00000000000004,63.0,0.0,0.0,0.0,1.0,"[0, 1, 450]",150.2,160.2,650.8,660.8,655.8,155.2,10.0,10.0,78.53981633974483,62.83185307179586
svg/g/circle_246,1,1.0,8.000000000000005,80.00000000000004,63.0,0.0,0.0,0.0,1.0,"[0, 1, 451]",162.6,172.6,650.8,660.8,655.8,167.6,10.0,10.0,78.53981633974483,31.41592653589793
svg/g/circle_245,1,1.0,83.0,50.0,51.0,0.0,0.0,0.0,1.0,"[0, 1, 452]",174.9,184.9,650.8,660.8,655.8,179.9,10.0,10.0,78.53981633974483,31.41592653589793
svg/g/circle_244,1,1.0,31.999999999999993,35.00000000000002,46.0,0.0,0.0,0.0,1.0,"[0, 1, 453]",187.3,197.3,650.8,660.8,655.8,192.3,10.0,10.0,78.53981633974483,31.41592653589793
svg/g/circle_243,1,1.0,235.0,90.99999999999999,61.0,0.0,0.0,0.0,1.0,"[0, 1, 454]",137.8,147.8,663.2,673.2,668.2,142.8,10.0,10.0,78.53981633974483,31.41592653589793
svg/g/ellipse_3,2,1.0,8.000000000000005,80.00000000000004,63.0,0.0,0.0,0.0,1.0,"[0, 1, 455]",150.2,160.2,663.2,673.2,668.2,155.2,10.0,10.0,78.53981633974483,62.83185307179586
svg/g/circle_242,1,1.0,8.000000000000005,80.00000000000004,63.0,0.0,0.0,0.0,1.0,"[0, 1, 456]",162.6,172.6,663.2,673.2,668.2,167.6,10.0,10.0,78.53981633974483,31.41592653589793
svg/g/circle_241,1,1.0,83.0,50.0,51.0,0.0,0.0,0.0,1.0,"[0, 1, 457]",174.9,184.9,663.2,673.2,668.2,179.9,10.0,10.0,78.53981633974483,31.41592653589793
svg/g/circle_240,1,1.0,8.000000000000005,80.00000000000004,63.0,0.0,0.0,0.0,1.0,"[0, 1, 458]",137.8,147.8,675.5,685.5,680.5,142.8,10.0,10.0,78.53981633974483,31.41592653589793
svg/g/ellipse_2,2,1.0,8.000000000000005,80.00000000000004,63.0,0.0,0.0,0.0,1.0,"[0, 1, 459]",150.2,160.2,675.5,685.5,680.5,155.2,10.0,10.0,78.53981633974483,62.83185307179586
svg/g/circle_239,1,1.0,8.000000000000005,80.00000000000004,63.0,0.0,0.0,0.0,1.0,"[0, 1, 460]",162.6,172.6,675.5,685.5,680.5,167.6,10.0,10.0,78.53981633974483,31.41592653589793
svg/g/circle_238,1,1.0,83.0,50.0,51.0,0.0,0.0,0.0,1.0,"[0, 1, 461]",174.9,184.9,675.5,685.5,680.5,179.9,10.0,10.0,78.53981633974483,31.41592653589793
svg/g/circle_237,1,1.0,8.000000000000005,80.00000000000004,63.0,0.0,0.0,0.0,1.0,"[0, 1, 462]",137.8,147.8,687.9,697.9,692.9,142.8,10.0,10.0,78.53981633974483,31.41592653589793
svg/g/ellipse_1,2,1.0,8.000000000000005,80.00000000000004,63.0,0.0,0.0,0.0,1.0,"[0, 1, 463]",150.2,160.2,687.9,697.9,692.9,155.2,10.0,10.0,78.53981633974483,62.83185307179586
svg/g/circle_236,1,1.0,8.000000000000005,80.00000000000004,63.0,0.0,0.0,0.0,1.0,"[0, 1, 464]",162.6,172.6,687.9,697.9,692.9,167.6,10.0,10.0,78.53981633974483,31.41592653589793
svg/g/circle_235,1,1.0,83.0,50.0,51.0,0.0,0.0,0.0,1.0,"[0, 1, 465]",174.9,184.9,687.9,697.9,692.9,179.9,10.0,10.0,78.53981633974483,31.41592653589793
svg/g/circle_234,1,1.0,8.000000000000005,80.00000000000004,63.0,0.0,0.0,0.0,1.0,"[0, 1, 466]",137.8,147.8,700.4,710.4,705.4,142.8,10.0,10.0,78.53981633974483,31.41592653589793
svg/g/ellipse,2,1.0,8.000000000000005,80.00000000000004,63.0,0.0,0.0,0.0,1.0,"[0, 1, 467]",150.2,160.2,700.4,710.4,705.4,155.2,10.0,10.0,78.53981633974483,62.83185307179586
svg/g/circle_233,1,1.0,8.000000000000005,80.00000000000004,63.0,0.0,0.0,0.0,1.0,"[0, 1, 468]",162.6,172.6,700.4,710.4,705.4,167.6,10.0,10.0,78.53981633974483,31.41592653589793
svg/g/circle_232,1,1.0,83.0,50.0,51.0,0.0,0.0,0.0,1.0,"[0, 1, 469]",174.9,184.9,700.4,710.4,705.4,179.9,10.0,10.0,78.53981633974483,31.41592653589793
svg/g/g_18/path_22,6,1.0,0.0,0.0,38.0,0.0,0.0,0.0,1.0,"[0, 1, 470, 0]",120.8,129.89999999999998,20.000000000000004,29.099999999999998,24.55,125.35,9.099999999999994,9.09999999999998,0.0,76.30435647305221
svg/g/g_18/path_21,6,1.0,0.0,0.0,38.0,0.0,0.0,0.0,1.0,"[0, 1, 470, 1]",121.10000000000001,130.0,30.29999999999999,39.1,34.699999999999996,125.55000000000001,8.800000000000011,8.899999999999991,0.0,72.80009369294737
svg/g/g_18/path_20,6,1.0,0.0,0.0,38.0,0.0,0.0,0.0,1.0,"[0, 1, 470, 2]",121.39999999999999,129.6,40.599999999999994,49.5,45.05,125.5,8.900000000000006,8.200000000000003,0.0,92.16528411326942
svg/g/g_18/path_19,6,1.0,0.0,0.0,38.0,0.0,0.0,0.0,1.0,"[0, 1, 470, 3]",121.5,129.3,50.800000000000004,59.6,55.2,125.4,8.799999999999997,7.800000000000011,0.0,77.6544739563293
svg/g/g_17/path_18,6,1.0,0.0,0.0,38.0,0.0,0.0,0.0,1.0,"[0, 1, 471, 0]",120.8,129.99999999999997,201.7,211.1,206.39999999999998,125.39999999999998,9.400000000000006,9.199999999999974,0.0,117.6004478583498
svg/g/g_17/path_17,6,1.0,0.0,0.0,38.0,0.0,0.0,0.0,1.0,"[0, 1, 471, 1]",121.10000000000004,129.60000000000002,212.7,221.19999999999996,216.95,125.35000000000002,8.499999999999972,8.499999999999986,0.0,66.79369299245627
svg/g/g_17/path_16,6,1.0,0.0,0.0,38.0,0.0,0.0,0.0,1.0,"[0, 1, 471, 2]",121.29999999999997,130.1,222.09999999999997,231.50000000000003,226.8,125.69999999999999,9.400000000000063,8.800000000000026,0.0,107.47052808326266
svg/g/g_16/path_15,6,1.0,0.0,0.0,38.0,0.0,0.0,0.0,1.0,"[0, 1, 472, 0]",120.8,129.99999999999997,382.70000000000005,392.1,387.40000000000003,125.39999999999998,9.399999999999977,9.199999999999974,0.0,117.7240546560999
svg/g/g_16/path_14,6,1.0,0.0,0.0,38.0,0.0,0.0,0.0,1.0,"[0, 1, 472, 1]",120.89999999999999,129.79999999999998,393.1000000000001,402.3,397.70000000000005,125.35,9.199999999999932,8.899999999999991,0.0,59.444515712933494
svg/g/g_15/path_13,6,1.0,0.0,0.0,38.0,0.0,0.0,0.0,1.0,"[0, 1, 473, 0]",120.99999999999999,129.79999999999998,563.9000000000001,573.2,568.5500000000001,125.39999999999998,9.299999999999955,8.799999999999997,0.0,74.44779055198347
svg/g/g_15/path_12,6,1.0,0.0,0.0,38.0,0.0,0.0,0.0,1.0,"[0, 1, 473, 1]",120.89999999999999,130.2,574.4,582.9999999999999,578.6999999999999,125.54999999999998,8.599999999999909,9.299999999999997,0.0,100.49116599161664
svg/g/g_15/path_11,6,1.0,0.0,0.0,38.0,0.0,0.0,0.0,1.0,"[0, 1, 473, 2]",120.8,129.79999999999998,584.4,593.6999999999999,589.05,125.29999999999998,9.299999999999955,8.999999999999986,0.0,104.06744031898205
svg/g/circle_231,1,1.0,235.0,90.99999999999999,61.0,0.0,0.0,0.0,1.0,"[0, 1, 474]",33.5,43.5,19.5,29.5,24.5,38.5,10.0,10.0,78.53981633974483,31.41592653589793
svg/g/circle_230,1,1.0,235.0,90.99999999999999,61.0,0.0,0.0,0.0,1.0,"[0, 1, 475]",45.9,55.9,19.5,29.5,24.5,50.9,10.0,10.0,78.53981633974483,31.41592653589793
svg/g/circle_229,1,1.0,8.000000000000005,80.00000000000004,63.0,0.0,0.0,0.0,1.0,"[0, 1, 476]",58.3,68.3,19.5,29.5,24.5,63.3,10.0,10.0,78.53981633974483,31.41592653589793
svg/g/circle_228,1,1.0,34.0,93.0,57.99999999999999,0.0,0.0,0.0,1.0,"[0, 1, 477]",70.6,80.6,19.5,29.5,24.5,75.6,10.0,10.0,78.53981633974483,31.41592653589793
svg/g/circle_227,1,1.0,83.0,50.0,51.0,0.0,0.0,0.0,1.0,"[0, 1, 478]",83.0,93.0,19.5,29.5,24.5,88.0,10.0,10.0,78.53981633974483,31.41592653589793
svg/g/circle_226,1,1.0,235.0,90.99999999999999,61.0,0.0,0.0,0.0,1.0,"[0, 1, 479]",33.5,43.5,31.9,41.9,36.9,38.5,10.0,10.0,78.53981633974483,31.41592653589793
svg/g/circle_225,1,1.0,235.0,90.99999999999999,61.0,0.0,0.0,0.0,1.0,"[0, 1, 480]",45.9,55.9,31.9,41.9,36.9,50.9,10.0,10.0,78.53981633974483,31.41592653589793
svg/g/circle_224,1,1.0,8.000000000000005,80.00000000000004,63.0,0.0,0.0,0.0,1.0,"[0, 1, 481]",58.3,68.3,31.9,41.9,36.9,63.3,10.0,10.0,78.53981633974483,31.41592653589793
svg/g/circle_223,1,1.0,34.0,93.0,57.99999999999999,0.0,0.0,0.0,1.0,"[0, 1, 482]",70.6,80.6,31.9,41.9,36.9,75.6,10.0,10.0,78.53981633974483,31.41592653589793
svg/g/circle_222,1,1.0,83.0,50.0,51.0,0.0,0.0,0.0,1.0,"[0, 1, 483]",83.0,93.0,31.9,41.9,36.9,88.0,10.0,10.0,78.53981633974483,31.41592653589793
svg/g/circle_221,1,1.0,235.0,90.99999999999999,61.0,0.0,0.0,0.0,1.0,"[0, 1, 484]",33.5,43.5,44.4,54.4,49.4,38.5,10.0,10.0,78.53981633974483,31.41592653589793
svg/g/circle_220,1,1.0,235.0,90.99999999999999,61.0,0.0,0.0,0.0,1.0,"[0, 1, 485]",45.9,55.9,44.4,54.4,49.4,50.9,10.0,10.0,78.53981633974483,31.41592653589793
svg/g/circle_219,1,1.0,8.000000000000005,80.00000000000004,63.0,0.0,0.0,0.0,1.0,"[0, 1, 486]",58.3,68.3,44.4,54.4,49.4,63.3,10.0,10.0,78.53981633974483,31.41592653589793
svg/g/circle_218,1,1.0,34.0,93.0,57.99999999999999,0.0,0.0,0.0,1.0,"[0, 1, 487]",70.6,80.6,44.4,54.4,49.4,75.6,10.0,10.0,78.53981633974483,31.41592653589793
svg/g/circle_217,1,1.0,83.0,50.0,51.0,0.0,0.0,0.0,1.0,"[0, 1, 488]",83.0,93.0,44.4,54.4,49.4,88.0,10.0,10.0,78.53981633974483,31.41592653589793
svg/g/circle_216,1,1.0,235.0,90.99999999999999,61.0,0.0,0.0,0.0,1.0,"[0, 1, 489]",33.5,43.5,56.7,66.7,61.7,38.5,10.0,10.0,78.53981633974483,31.41592653589793
svg/g/circle_215,1,1.0,235.0,90.99999999999999,61.0,0.0,0.0,0.0,1.0,"[0, 1, 490]",45.9,55.9,56.7,66.7,61.7,50.9,10.0,10.0,78.53981633974483,31.41592653589793
svg/g/circle_214,1,1.0,8.000000000000005,80.00000000000004,63.0,0.0,0.0,0.0,1.0,"[0, 1, 491]",58.3,68.3,56.7,66.7,61.7,63.3,10.0,10.0,78.53981633974483,31.41592653589793
svg/g/circle_213,1,1.0,34.0,93.0,57.99999999999999,0.0,0.0,0.0,1.0,"[0, 1, 492]",70.6,80.6,56.7,66.7,61.7,75.6,10.0,10.0,78.53981633974483,31.41592653589793
svg/g/circle_212,1,1.0,83.0,50.0,51.0,0.0,0.0,0.0,1.0,"[0, 1, 493]",83.0,93.0,56.7,66.7,61.7,88.0,10.0,10.0,78.53981633974483,31.41592653589793
svg/g/circle_211,1,1.0,235.0,90.99999999999999,61.0,0.0,0.0,0.0,1.0,"[0, 1, 494]",33.5,43.5,69.1,79.1,74.1,38.5,10.0,10.0,78.53981633974483,31.41592653589793
svg/g/circle_210,1,1.0,235.0,90.99999999999999,61.0,0.0,0.0,0.0,1.0,"[0, 1, 495]",45.9,55.9,69.1,79.1,74.1,50.9,10.0,10.0,78.53981633974483,31.41592653589793
svg/g/circle_209,1,1.0,8.000000000000005,80.00000000000004,63.0,0.0,0.0,0.0,1.0,"[0, 1, 496]",58.3,68.3,69.1,79.1,74.1,63.3,10.0,10.0,78.53981633974483,31.41592653589793
svg/g/circle_208,1,1.0,34.0,93.0,57.99999999999999,0.0,0.0,0.0,1.0,"[0, 1, 497]",70.6,80.6,69.1,79.1,74.1,75.6,10.0,10.0,78.53981633974483,31.41592653589793
svg/g/circle_207,1,1.0,31.999999999999993,35.00000000000002,46.0,0.0,0.0,0.0,1.0,"[0, 1, 498]",83.0,93.0,69.1,79.1,74.1,88.0,10.0,10.0,78.53981633974483,31.41592653589793
svg/g/circle_206,1,1.0,235.0,90.99999999999999,61.0,0.0,0.0,0.0,1.0,"[0, 1, 499]",33.5,43.5,81.5,91.5,86.5,38.5,10.0,10.0,78.53981633974483,31.41592653589793
svg/g/circle_205,1,1.0,8.000000000000005,80.00000000000004,63.0,0.0,0.0,0.0,1.0,"[0, 1, 500]",45.9,55.9,81.5,91.5,86.5,50.9,10.0,10.0,78.53981633974483,31.41592653589793
svg/g/circle_204,1,1.0,8.000000000000005,80.00000000000004,63.0,0.0,0.0,0.0,1.0,"[0, 1, 501]",58.3,68.3,81.5,91.5,86.5,63.3,10.0,10.0,78.53981633974483,31.41592653589793
svg/g/circle_203,1,1.0,34.0,93.0,57.99999999999999,0.0,0.0,0.0,1.0,"[0, 1, 502]",70.6,80.6,81.5,91.5,86.5,75.6,10.0,10.0,78.53981633974483,31.41592653589793
svg/g/circle_202,1,1.0,31.999999999999993,35.00000000000002,46.0,0.0,0.0,0.0,1.0,"[0, 1, 503]",83.0,93.0,81.5,91.5,86.5,88.0,10.0,10.0,78.53981633974483,31.41592653589793
svg/g/circle_201,1,1.0,235.0,90.99999999999999,61.0,0.0,0.0,0.0,1.0,"[0, 1, 504]",33.5,43.5,93.7,103.7,98.7,38.5,10.0,10.0,78.53981633974483,31.41592653589793
svg/g/circle_200,1,1.0,8.000000000000005,80.00000000000004,63.0,0.0,0.0,0.0,1.0,"[0, 1, 505]",45.9,55.9,93.7,103.7,98.7,50.9,10.0,10.0,78.53981633974483,31.41592653589793
svg/g/circle_199,1,1.0,8.000000000000005,80.00000000000004,63.0,0.0,0.0,0.0,1.0,"[0, 1, 506]",58.3,68.3,93.7,103.7,98.7,63.3,10.0,10.0,78.53981633974483,31.41592653589793
svg/g/circle_198,1,1.0,34.0,93.0,57.99999999999999,0.0,0.0,0.0,1.0,"[0, 1, 507]",70.6,80.6,93.7,103.7,98.7,75.6,10.0,10.0,78.53981633974483,31.41592653589793
svg/g/circle_197,1,1.0,31.999999999999993,35.00000000000002,46.0,0.0,0.0,0.0,1.0,"[0, 1, 508]",83.0,93.0,93.7,103.7,98.7,88.0,10.0,10.0,78.53981633974483,31.41592653589793
svg/g/circle_196,1,1.0,235.0,90.99999999999999,61.0,0.0,0.0,0.0,1.0,"[0, 1, 509]",33.5,43.5,106.1,116.1,111.1,38.5,10.0,10.0,78.53981633974483,31.41592653589793
svg/g/circle_195,1,1.0,8.000000000000005,80.00000000000004,63.0,0.0,0.0,0.0,1.0,"[0, 1, 510]",45.9,55.9,106.1,116.1,111.1,50.9,10.0,10.0,78.53981633974483,31.41592653589793
svg/g/circle_194,1,1.0,8.000000000000005,80.00000000000004,63.0,0.0,0.0,0.0,1.0,"[0, 1, 511]",58.3,68.3,106.1,116.1,111.1,63.3,10.0,10.0,78.53981633974483,31.41592653589793
svg/g/circle_193,1,1.0,34.0,93.0,57.99999999999999,0.0,0.0,0.0,1.0,"[0, 1, 512]",70.6,80.6,106.1,116.1,111.1,75.6,10.0,10.0,78.53981633974483,31.41592653589793
svg/g/circle_192,1,1.0,31.999999999999993,35.00000000000002,46.0,0.0,0.0,0.0,1.0,"[0, 1, 513]",83.0,93.0,106.1,116.1,111.1,88.0,10.0,10.0,78.53981633974483,31.41592653589793
svg/g/circle_191,1,1.0,235.0,90.99999999999999,61.0,0.0,0.0,0.0,1.0,"[0, 1, 514]",33.5,43.5,118.5,128.5,123.5,38.5,10.0,10.0,78.53981633974483,31.41592653589793
svg/g/circle_190,1,1.0,8.000000000000005,80.00000000000004,63.0,0.0,0.0,0.0,1.0,"[0, 1, 515]",45.9,55.9,118.5,128.5,123.5,50.9,10.0,10.0,78.53981633974483,31.41592653589793
svg/g/circle_189,1,1.0,8.000000000000005,80.00000000000004,63.0,0.0,0.0,0.0,1.0,"[0, 1, 516]",58.3,68.3,118.5,128.5,123.5,63.3,10.0,10.0,78.53981633974483,31.41592653589793
svg/g/circle_188,1,1.0,83.0,50.0,51.0,0.0,0.0,0.0,1.0,"[0, 1, 517]",70.6,80.6,118.5,128.5,123.5,75.6,10.0,10.0,78.53981633974483,31.41592653589793
svg/g/circle_187,1,1.0,31.999999999999993,35.00000000000002,46.0,0.0,0.0,0.0,1.0,"[0, 1, 518]",83.0,93.0,118.5,128.5,123.5,88.0,10.0,10.0,78.53981633974483,31.41592653589793
svg/g/circle_186,1,1.0,235.0,90.99999999999999,61.0,0.0,0.0,0.0,1.0,"[0, 1, 519]",33.5,43.5,130.8,140.8,135.8,38.5,10.0,10.0,78.53981633974483,31.41592653589793
svg/g/circle_185,1,1.0,8.000000000000005,80.00000000000004,63.0,0.0,0.0,0.0,1.0,"[0, 1, 520]",45.9,55.9,130.8,140.8,135.8,50.9,10.0,10.0,78.53981633974483,31.41592653589793
svg/g/circle_184,1,1.0,8.000000000000005,80.00000000000004,63.0,0.0,0.0,0.0,1.0,"[0, 1, 521]",58.3,68.3,130.8,140.8,135.8,63.3,10.0,10.0,78.53981633974483,31.41592653589793
svg/g/circle_183,1,1.0,83.0,50.0,51.0,0.0,0.0,0.0,1.0,"[0, 1, 522]",70.6,80.6,130.8,140.8,135.8,75.6,10.0,10.0,78.53981633974483,31.41592653589793
svg/g/circle_182,1,1.0,31.999999999999993,35.00000000000002,46.0,0.0,0.0,0.0,1.0,"[0, 1, 523]",83.0,93.0,130.8,140.8,135.8,88.0,10.0,10.0,78.53981633974483,31.41592653589793
svg/g/circle_181,1,1.0,235.0,90.99999999999999,61.0,0.0,0.0,0.0,1.0,"[0, 1, 524]",33.5,43.5,143.3,153.3,148.3,38.5,10.0,10.0,78.53981633974483,31.41592653589793
svg/g/circle_180,1,1.0,8.000000000000005,80.00000000000004,63.0,0.0,0.0,0.0,1.0,"[0, 1, 525]",45.9,55.9,143.3,153.3,148.3,50.9,10.0,10.0,78.53981633974483,31.41592653589793
svg/g/circle_179,1,1.0,8.000000000000005,80.00000000000004,63.0,0.0,0.0,0.0,1.0,"[0, 1, 526]",58.3,68.3,143.3,153.3,148.3,63.3,10.0,10.0,78.53981633974483,31.41592653589793
svg/g/circle_178,1,1.0,83.0,50.0,51.0,0.0,0.0,0.0,1.0,"[0, 1, 527]",70.6,80.6,143.3,153.3,148.3,75.6,10.0,10.0,78.53981633974483,31.41592653589793
svg/g/circle_177,1,1.0,235.0,90.99999999999999,61.0,0.0,0.0,0.0,1.0,"[0, 1, 528]",33.5,43.5,155.7,165.7,160.7,38.5,10.0,10.0,78.53981633974483,31.41592653589793
svg/g/circle_176,1,1.0,8.000000000000005,80.00000000000004,63.0,0.0,0.0,0.0,1.0,"[0, 1, 529]",45.9,55.9,155.7,165.7,160.7,50.9,10.0,10.0,78.53981633974483,31.41592653589793
svg/g/circle_175,1,1.0,34.0,93.0,57.99999999999999,0.0,0.0,0.0,1.0,"[0, 1, 530]",58.3,68.3,155.7,165.7,160.7,63.3,10.0,10.0,78.53981633974483,31.41592653589793
svg/g/circle_174,1,1.0,83.0,50.0,51.0,0.0,0.0,0.0,1.0,"[0, 1, 531]",70.6,80.6,155.7,165.7,160.7,75.6,10.0,10.0,78.53981633974483,31.41592653589793
svg/g/circle_173,1,1.0,235.0,90.99999999999999,61.0,0.0,0.0,0.0,1.0,"[0, 1, 532]",33.5,43.5,201.1,211.1,206.1,38.5,10.0,10.0,78.53981633974483,31.41592653589793
svg/g/circle_172,1,1.0,235.0,90.99999999999999,61.0,0.0,0.0,0.0,1.0,"[0, 1, 533]",45.9,55.9,201.1,211.1,206.1,50.9,10.0,10.0,78.53981633974483,31.41592653589793
svg/g/circle_171,1,1.0,8.000000000000005,80.00000000000004,63.0,0.0,0.0,0.0,1.0,"[0, 1, 534]",58.3,68.3,201.1,211.1,206.1,63.3,10.0,10.0,78.53981633974483,31.41592653589793
svg/g/circle_170,1,1.0,8.000000000000005,80.00000000000004,63.0,0.0,0.0,0.0,1.0,"[0, 1, 535]",70.6,80.6,201.1,211.1,206.1,75.6,10.0,10.0,78.53981633974483,31.41592653589793
svg/g/circle_169,1,1.0,83.0,50.0,51.0,0.0,0.0,0.0,1.0,"[0, 1, 536]",83.0,93.0,201.1,211.1,206.1,88.0,10.0,10.0,78.53981633974483,31.41592653589793
svg/g/circle_168,1,1.0,235.0,90.99999999999999,61.0,0.0,0.0,0.0,1.0,"[0, 1, 537]",33.5,43.5,213.5,223.5,218.5,38.5,10.0,10.0,78.53981633974483,31.41592653589793
svg/g/circle_167,1,1.0,235.0,90.99999999999999,61.0,0.0,0.0,0.0,1.0,"[0, 1, 538]",45.9,55.9,213.5,223.5,218.5,50.9,10.0,10.0,78.53981633974483,31.41592653589793
svg/g/circle_166,1,1.0,8.000000000000005,80.00000000000004,63.0,0.0,0.0,0.0,1.0,"[0, 1, 539]",58.3,68.3,213.5,223.5,218.5,63.3,10.0,10.0,78.53981633974483,31.41592653589793
svg/g/circle_165,1,1.0,8.000000000000005,80.00000000000004,63.0,0.0,0.0,0.0,1.0,"[0, 1, 540]",70.6,80.6,213.5,223.5,218.5,75.6,10.0,10.0,78.53981633974483,31.41592653589793
svg/g/circle_164,1,1.0,83.0,50.0,51.0,0.0,0.0,0.0,1.0,"[0, 1, 541]",83.0,93.0,213.5,223.5,218.5,88.0,10.0,10.0,78.53981633974483,31.41592653589793
svg/g/circle_163,1,1.0,235.0,90.99999999999999,61.0,0.0,0.0,0.0,1.0,"[0, 1, 542]",33.5,43.5,225.9,235.9,230.9,38.5,10.0,10.0,78.53981633974483,31.41592653589793
svg/g/circle_162,1,1.0,235.0,90.99999999999999,61.0,0.0,0.0,0.0,1.0,"[0, 1, 543]",45.9,55.9,225.9,235.9,230.9,50.9,10.0,10.0,78.53981633974483,31.41592653589793
svg/g/circle_161,1,1.0,8.000000000000005,80.00000000000004,63.0,0.0,0.0,0.0,1.0,"[0, 1, 544]",58.3,68.3,225.9,235.9,230.9,63.3,10.0,10.0,78.53981633974483,31.41592653589793
svg/g/circle_160,1,1.0,8.000000000000005,80.00000000000004,63.0,0.0,0.0,0.0,1.0,"[0, 1, 545]",70.6,80.6,225.9,235.9,230.9,75.6,10.0,10.0,78.53981633974483,31.41592653589793
svg/g/circle_159,1,1.0,83.0,50.0,51.0,0.0,0.0,0.0,1.0,"[0, 1, 546]",83.0,93.0,225.9,235.9,230.9,88.0,10.0,10.0,78.53981633974483,31.41592653589793
svg/g/circle_158,1,1.0,235.0,90.99999999999999,61.0,0.0,0.0,0.0,1.0,"[0, 1, 547]",33.5,43.5,238.2,248.2,243.2,38.5,10.0,10.0,78.53981633974483,31.41592653589793
svg/g/circle_157,1,1.0,235.0,90.99999999999999,61.0,0.0,0.0,0.0,1.0,"[0, 1, 548]",45.9,55.9,238.2,248.2,243.2,50.9,10.0,10.0,78.53981633974483,31.41592653589793
svg/g/circle_156,1,1.0,8.000000000000005,80.00000000000004,63.0,0.0,0.0,0.0,1.0,"[0, 1, 549]",58.3,68.3,238.2,248.2,243.2,63.3,10.0,10.0,78.53981633974483,31.41592653589793
svg/g/circle_155,1,1.0,34.0,93.0,57.99999999999999,0.0,0.0,0.0,1.0,"[0, 1, 550]",70.6,80.6,238.2,248.2,243.2,75.6,10.0,10.0,78.53981633974483,31.41592653589793
svg/g/circle_154,1,1.0,83.0,50.0,51.0,0.0,0.0,0.0,1.0,"[0, 1, 551]",83.0,93.0,238.2,248.2,243.2,88.0,10.0,10.0,78.53981633974483,31.41592653589793
svg/g/circle_153,1,1.0,235.0,90.99999999999999,61.0,0.0,0.0,0.0,1.0,"[0, 1, 552]",33.5,43.5,250.7,260.7,255.7,38.5,10.0,10.0,78.53981633974483,31.41592653589793
svg/g/circle_152,1,1.0,235.0,90.99999999999999,61.0,0.0,0.0,0.0,1.0,"[0, 1, 553]",45.9,55.9,250.7,260.7,255.7,50.9,10.0,10.0,78.53981633974483,31.41592653589793
svg/g/circle_151,1,1.0,8.000000000000005,80.00000000000004,63.0,0.0,0.0,0.0,1.0,"[0, 1, 554]",58.3,68.3,250.7,260.7,255.7,63.3,10.0,10.0,78.53981633974483,31.41592653589793
svg/g/circle_150,1,1.0,34.0,93.0,57.99999999999999,0.0,0.0,0.0,1.0,"[0, 1, 555]",70.6,80.6,250.7,260.7,255.7,75.6,10.0,10.0,78.53981633974483,31.41592653589793
svg/g/circle_149,1,1.0,83.0,50.0,51.0,0.0,0.0,0.0,1.0,"[0, 1, 556]",83.0,93.0,250.7,260.7,255.7,88.0,10.0,10.0,78.53981633974483,31.41592653589793
svg/g/circle_148,1,1.0,235.0,90.99999999999999,61.0,0.0,0.0,0.0,1.0,"[0, 1, 557]",33.5,43.5,263.1,273.1,268.1,38.5,10.0,10.0,78.53981633974483,31.41592653589793
svg/g/circle_147,1,1.0,235.0,90.99999999999999,61.0,0.0,0.0,0.0,1.0,"[0, 1, 558]",45.9,55.9,263.1,273.1,268.1,50.9,10.0,10.0,78.53981633974483,31.41592653589793
svg/g/circle_146,1,1.0,8.000000000000005,80.00000000000004,63.0,0.0,0.0,0.0,1.0,"[0, 1, 559]",58.3,68.3,263.1,273.1,268.1,63.3,10.0,10.0,78.53981633974483,31.41592653589793
svg/g/circle_145,1,1.0,34.0,93.0,57.99999999999999,0.0,0.0,0.0,1.0,"[0, 1, 560]",70.6,80.6,263.1,273.1,268.1,75.6,10.0,10.0,78.53981633974483,31.41592653589793
svg/g/circle_144,1,1.0,83.0,50.0,51.0,0.0,0.0,0.0,1.0,"[0, 1, 561]",83.0,93.0,263.1,273.1,268.1,88.0,10.0,10.0,78.53981633974483,31.41592653589793
svg/g/circle_143,1,1.0,235.0,90.99999999999999,61.0,0.0,0.0,0.0,1.0,"[0, 1, 562]",33.5,43.5,275.2,285.2,280.2,38.5,10.0,10.0,78.53981633974483,31.41592653589793
svg/g/circle_142,1,1.0,235.0,90.99999999999999,61.0,0.0,0.0,0.0,1.0,"[0, 1, 563]",45.9,55.9,275.2,285.2,280.2,50.9,10.0,10.0,78.53981633974483,31.41592653589793
svg/g/circle_141,1,1.0,8.000000000000005,80.00000000000004,63.0,0.0,0.0,0.0,1.0,"[0, 1, 564]",58.3,68.3,275.2,285.2,280.2,63.3,10.0,10.0,78.53981633974483,31.41592653589793
svg/g/circle_140,1,1.0,34.0,93.0,57.99999999999999,0.0,0.0,0.0,1.0,"[0, 1, 565]",70.6,80.6,275.2,285.2,280.2,75.6,10.0,10.0,78.53981633974483,31.41592653589793
svg/g/circle_139,1,1.0,83.0,50.0,51.0,0.0,0.0,0.0,1.0,"[0, 1, 566]",83.0,93.0,275.2,285.2,280.2,88.0,10.0,10.0,78.53981633974483,31.41592653589793
svg/g/circle_138,1,1.0,235.0,90.99999999999999,61.0,0.0,0.0,0.0,1.0,"[0, 1, 567]",33.5,43.5,287.7,297.7,292.7,38.5,10.0,10.0,78.53981633974483,31.41592653589793
svg/g/circle_137,1,1.0,235.0,90.99999999999999,61.0,0.0,0.0,0.0,1.0,"[0, 1, 568]",45.9,55.9,287.7,297.7,292.7,50.9,10.0,10.0,78.53981633974483,31.41592653589793
svg/g/circle_136,1,1.0,8.000000000000005,80.00000000000004,63.0,0.0,0.0,0.0,1.0,"[0, 1, 569]",58.3,68.3,287.7,297.7,292.7,63.3,10.0,10.0,78.53981633974483,31.41592653589793
svg/g/circle_135,1,1.0,34.0,93.0,57.99999999999999,0.0,0.0,0.0,1.0,"[0, 1, 570]",70.6,80.6,287.7,297.7,292.7,75.6,10.0,10.0,78.53981633974483,31.41592653589793
svg/g/circle_134,1,1.0,83.0,50.0,51.0,0.0,0.0,0.0,1.0,"[0, 1, 571]",83.0,93.0,287.7,297.7,292.7,88.0,10.0,10.0,78.53981633974483,31.41592653589793
svg/g/circle_133,1,1.0,235.0,90.99999999999999,61.0,0.0,0.0,0.0,1.0,"[0, 1, 572]",33.5,43.5,300.1,310.1,305.1,38.5,10.0,10.0,78.53981633974483,31.41592653589793
svg/g/circle_132,1,1.0,235.0,90.99999999999999,61.0,0.0,0.0,0.0,1.0,"[0, 1, 573]",45.9,55.9,300.1,310.1,305.1,50.9,10.0,10.0,78.53981633974483,31.41592653589793
svg/g/circle_131,1,1.0,8.000000000000005,80.00000000000004,63.0,0.0,0.0,0.0,1.0,"[0, 1, 574]",58.3,68.3,300.1,310.1,305.1,63.3,10.0,10.0,78.53981633974483,31.41592653589793
svg/g/circle_130,1,1.0,34.0,93.0,57.99999999999999,0.0,0.0,0.0,1.0,"[0, 1, 575]",70.6,80.6,300.1,310.1,305.1,75.6,10.0,10.0,78.53981633974483,31.41592653589793
svg/g/circle_129,1,1.0,83.0,50.0,51.0,0.0,0.0,0.0,1.0,"[0, 1, 576]",83.0,93.0,300.1,310.1,305.1,88.0,10.0,10.0,78.53981633974483,31.41592653589793
svg/g/circle_128,1,1.0,235.0,90.99999999999999,61.0,0.0,0.0,0.0,1.0,"[0, 1, 577]",33.5,43.5,312.4,322.4,317.4,38.5,10.0,10.0,78.53981633974483,31.41592653589793
svg/g/circle_127,1,1.0,235.0,90.99999999999999,61.0,0.0,0.0,0.0,1.0,"[0, 1, 578]",45.9,55.9,312.4,322.4,317.4,50.9,10.0,10.0,78.53981633974483,31.41592653589793
svg/g/circle_126,1,1.0,8.000000000000005,80.00000000000004,63.0,0.0,0.0,0.0,1.0,"[0, 1, 579]",58.3,68.3,312.4,322.4,317.4,63.3,10.0,10.0,78.53981633974483,31.41592653589793
svg/g/circle_125,1,1.0,34.0,93.0,57.99999999999999,0.0,0.0,0.0,1.0,"[0, 1, 580]",70.6,80.6,312.4,322.4,317.4,75.6,10.0,10.0,78.53981633974483,31.41592653589793
svg/g/circle_124,1,1.0,31.999999999999993,35.00000000000002,46.0,0.0,0.0,0.0,1.0,"[0, 1, 581]",83.0,93.0,312.4,322.4,317.4,88.0,10.0,10.0,78.53981633974483,31.41592653589793
svg/g/circle_123,1,1.0,235.0,90.99999999999999,61.0,0.0,0.0,0.0,1.0,"[0, 1, 582]",33.5,43.5,324.8,334.8,329.8,38.5,10.0,10.0,78.53981633974483,31.41592653589793
svg/g/circle_122,1,1.0,235.0,90.99999999999999,61.0,0.0,0.0,0.0,1.0,"[0, 1, 583]",45.9,55.9,324.8,334.8,329.8,50.9,10.0,10.0,78.53981633974483,31.41592653589793
svg/g/circle_121,1,1.0,8.000000000000005,80.00000000000004,63.0,0.0,0.0,0.0,1.0,"[0, 1, 584]",58.3,68.3,324.8,334.8,329.8,63.3,10.0,10.0,78.53981633974483,31.41592653589793
svg/g/circle_120,1,1.0,34.0,93.0,57.99999999999999,0.0,0.0,0.0,1.0,"[0, 1, 585]",70.6,80.6,324.8,334.8,329.8,75.6,10.0,10.0,78.53981633974483,31.41592653589793
svg/g/circle_119,1,1.0,31.999999999999993,35.00000000000002,46.0,0.0,0.0,0.0,1.0,"[0, 1, 586]",83.0,93.0,324.8,334.8,329.8,88.0,10.0,10.0,78.53981633974483,31.41592653589793
svg/g/circle_118,1,1.0,235.0,90.99999999999999,61.0,0.0,0.0,0.0,1.0,"[0, 1, 587]",33.5,43.5,337.3,347.3,342.3,38.5,10.0,10.0,78.53981633974483,31.41592653589793
svg/g/circle_117,1,1.0,8.000000000000005,80.00000000000004,63.0,0.0,0.0,0.0,1.0,"[0, 1, 588]",45.9,55.9,337.3,347.3,342.3,50.9,10.0,10.0,78.53981633974483,31.41592653589793
svg/g/circle_116,1,1.0,8.000000000000005,80.00000000000004,63.0,0.0,0.0,0.0,1.0,"[0, 1, 589]",58.3,68.3,337.3,347.3,342.3,63.3,10.0,10.0,78.53981633974483,31.41592653589793
svg/g/circle_115,1,1.0,34.0,93.0,57.99999999999999,0.0,0.0,0.0,1.0,"[0, 1, 590]",70.6,80.6,337.3,347.3,342.3,75.6,10.0,10.0,78.53981633974483,31.41592653589793
svg/g/circle_114,1,1.0,235.0,90.99999999999999,61.0,0.0,0.0,0.0,1.0,"[0, 1, 591]",33.5,43.5,382.6,392.6,387.6,38.5,10.0,10.0,78.53981633974483,31.41592653589793
svg/g/circle_113,1,1.0,8.000000000000005,80.00000000000004,63.0,0.0,0.0,0.0,1.0,"[0, 1, 592]",45.9,55.9,382.6,392.6,387.6,50.9,10.0,10.0,78.53981633974483,31.41592653589793
svg/g/circle_112,1,1.0,8.000000000000005,80.00000000000004,63.0,0.0,0.0,0.0,1.0,"[0, 1, 593]",58.3,68.3,382.6,392.6,387.6,63.3,10.0,10.0,78.53981633974483,31.41592653589793
svg/g/circle_111,1,1.0,34.0,93.0,57.99999999999999,0.0,0.0,0.0,1.0,"[0, 1, 594]",70.6,80.6,382.6,392.6,387.6,75.6,10.0,10.0,78.53981633974483,31.41592653589793
svg/g/circle_110,1,1.0,83.0,50.0,51.0,0.0,0.0,0.0,1.0,"[0, 1, 595]",83.0,93.0,382.6,392.6,387.6,88.0,10.0,10.0,78.53981633974483,31.41592653589793
svg/g/circle_109,1,1.0,235.0,90.99999999999999,61.0,0.0,0.0,0.0,1.0,"[0, 1, 596]",33.5,43.5,395.1,405.1,400.1,38.5,10.0,10.0,78.53981633974483,31.41592653589793
svg/g/circle_108,1,1.0,8.000000000000005,80.00000000000004,63.0,0.0,0.0,0.0,1.0,"[0, 1, 597]",45.9,55.9,395.1,405.1,400.1,50.9,10.0,10.0,78.53981633974483,31.41592653589793
svg/g/circle_107,1,1.0,8.000000000000005,80.00000000000004,63.0,0.0,0.0,0.0,1.0,"[0, 1, 598]",58.3,68.3,395.1,405.1,400.1,63.3,10.0,10.0,78.53981633974483,31.41592653589793
svg/g/circle_106,1,1.0,34.0,93.0,57.99999999999999,0.0,0.0,0.0,1.0,"[0, 1, 599]",70.6,80.6,395.1,405.1,400.1,75.6,10.0,10.0,78.53981633974483,31.41592653589793
svg/g/circle_105,1,1.0,83.0,50.0,51.0,0.0,0.0,0.0,1.0,"[0, 1, 600]",83.0,93.0,395.1,405.1,400.1,88.0,10.0,10.0,78.53981633974483,31.41592653589793
svg/g/circle_104,1,1.0,235.0,90.99999999999999,61.0,0.0,0.0,0.0,1.0,"[0, 1, 601]",33.5,43.5,407.5,417.5,412.5,38.5,10.0,10.0,78.53981633974483,31.41592653589793
svg/g/circle_103,1,1.0,8.000000000000005,80.00000000000004,63.0,0.0,0.0,0.0,1.0,"[0, 1, 602]",45.9,55.9,407.5,417.5,412.5,50.9,10.0,10.0,78.53981633974483,31.41592653589793
svg/g/circle_102,1,1.0,8.000000000000005,80.00000000000004,63.0,0.0,0.0,0.0,1.0,"[0, 1, 603]",58.3,68.3,407.5,417.5,412.5,63.3,10.0,10.0,78.53981633974483,31.41592653589793
svg/g/circle_101,1,1.0,34.0,93.0,57.99999999999999,0.0,0.0,0.0,1.0,"[0, 1, 604]",70.6,80.6,407.5,417.5,412.5,75.6,10.0,10.0,78.53981633974483,31.41592653589793
svg/g/circle_100,1,1.0,31.999999999999993,35.00000000000002,46.0,0.0,0.0,0.0,1.0,"[0, 1, 605]",83.0,93.0,407.5,417.5,412.5,88.0,10.0,10.0,78.53981633974483,31.41592653589793
svg/g/circle_99,1,1.0,235.0,90.99999999999999,61.0,0.0,0.0,0.0,1.0,"[0, 1, 606]",33.5,43.5,419.8,429.8,424.8,38.5,10.0,10.0,78.53981633974483,31.41592653589793
svg/g/circle_98,1,1.0,8.000000000000005,80.00000000000004,63.0,0.0,0.0,0.0,1.0,"[0, 1, 607]",45.9,55.9,419.8,429.8,424.8,50.9,10.0,10.0,78.53981633974483,31.41592653589793
svg/g/circle_97,1,1.0,8.000000000000005,80.00000000000004,63.0,0.0,0.0,0.0,1.0,"[0, 1, 608]",58.3,68.3,419.8,429.8,424.8,63.3,10.0,10.0,78.53981633974483,31.41592653589793
svg/g/circle_96,1,1.0,34.0,93.0,57.99999999999999,0.0,0.0,0.0,1.0,"[0, 1, 609]",70.6,80.6,419.8,429.8,424.8,75.6,10.0,10.0,78.53981633974483,31.41592653589793
svg/g/circle_95,1,1.0,31.999999999999993,35.00000000000002,46.0,0.0,0.0,0.0,1.0,"[0, 1, 610]",83.0,93.0,419.8,429.8,424.8,88.0,10.0,10.0,78.53981633974483,31.41592653589793
svg/g/circle_94,1,1.0,8.000000000000005,80.00000000000004,63.0,0.0,0.0,0.0,1.0,"[0, 1, 611]",33.5,43.5,432.2,442.2,437.2,38.5,10.0,10.0,78.53981633974483,31.41592653589793
svg/g/circle_93,1,1.0,8.000000000000005,80.00000000000004,63.0,0.0,0.0,0.0,1.0,"[0, 1, 612]",45.9,55.9,432.2,442.2,437.2,50.9,10.0,10.0,78.53981633974483,31.41592653589793
svg/g/circle_92,1,1.0,8.000000000000005,80.00000000000004,63.0,0.0,0.0,0.0,1.0,"[0, 1, 613]",58.3,68.3,432.2,442.2,437.2,63.3,10.0,10.0,78.53981633974483,31.41592653589793
svg/g/circle_91,1,1.0,34.0,93.0,57.99999999999999,0.0,0.0,0.0,1.0,"[0, 1, 614]",70.6,80.6,432.2,442.2,437.2,75.6,10.0,10.0,78.53981633974483,31.41592653589793
svg/g/circle_90,1,1.0,31.999999999999993,35.00000000000002,46.0,0.0,0.0,0.0,1.0,"[0, 1, 615]",83.0,93.0,432.2,442.2,437.2,88.0,10.0,10.0,78.53981633974483,31.41592653589793
svg/g/circle_89,1,1.0,8.000000000000005,80.00000000000004,63.0,0.0,0.0,0.0,1.0,"[0, 1, 616]",33.5,43.5,444.7,454.7,449.7,38.5,10.0,10.0,78.53981633974483,31.41592653589793
svg/g/circle_88,1,1.0,8.000000000000005,80.00000000000004,63.0,0.0,0.0,0.0,1.0,"[0, 1, 617]",45.9,55.9,444.7,454.7,449.7,50.9,10.0,10.0,78.53981633974483,31.41592653589793
svg/g/circle_87,1,1.0,8.000000000000005,80.00000000000004,63.0,0.0,0.0,0.0,1.0,"[0, 1, 618]",58.3,68.3,444.7,454.7,449.7,63.3,10.0,10.0,78.53981633974483,31.41592653589793
svg/g/circle_86,1,1.0,34.0,93.0,57.99999999999999,0.0,0.0,0.0,1.0,"[0, 1, 619]",70.6,80.6,444.7,454.7,449.7,75.6,10.0,10.0,78.53981633974483,31.41592653589793
svg/g/circle_85,1,1.0,31.999999999999993,35.00000000000002,46.0,0.0,0.0,0.0,1.0,"[0, 1, 620]",83.0,93.0,444.7,454.7,449.7,88.0,10.0,10.0,78.53981633974483,31.41592653589793
svg/g/circle_84,1,1.0,8.000000000000005,80.00000000000004,63.0,0.0,0.0,0.0,1.0,"[0, 1, 621]",33.5,43.5,456.8,466.8,461.8,38.5,10.0,10.0,78.53981633974483,31.41592653589793
svg/g/circle_83,1,1.0,8.000000000000005,80.00000000000004,63.0,0.0,0.0,0.0,1.0,"[0, 1, 622]",45.9,55.9,456.8,466.8,461.8,50.9,10.0,10.0,78.53981633974483,31.41592653589793
svg/g/circle_82,1,1.0,8.000000000000005,80.00000000000004,63.0,0.0,0.0,0.0,1.0,"[0, 1, 623]",58.3,68.3,456.8,466.8,461.8,63.3,10.0,10.0,78.53981633974483,31.41592653589793
svg/g/circle_81,1,1.0,34.0,93.0,57.99999999999999,0.0,0.0,0.0,1.0,"[0, 1, 624]",70.6,80.6,456.8,466.8,461.8,75.6,10.0,10.0,78.53981633974483,31.41592653589793
svg/g/circle_80,1,1.0,31.999999999999993,35.00000000000002,46.0,0.0,0.0,0.0,1.0,"[0, 1, 625]",83.0,93.0,456.8,466.8,461.8,88.0,10.0,10.0,78.53981633974483,31.41592653589793
svg/g/circle_79,1,1.0,8.000000000000005,80.00000000000004,63.0,0.0,0.0,0.0,1.0,"[0, 1, 626]",33.5,43.5,469.2,479.2,474.2,38.5,10.0,10.0,78.53981633974483,31.41592653589793
svg/g/circle_78,1,1.0,8.000000000000005,80.00000000000004,63.0,0.0,0.0,0.0,1.0,"[0, 1, 627]",45.9,55.9,469.2,479.2,474.2,50.9,10.0,10.0,78.53981633974483,31.41592653589793
svg/g/circle_77,1,1.0,8.000000000000005,80.00000000000004,63.0,0.0,0.0,0.0,1.0,"[0, 1, 628]",58.3,68.3,469.2,479.2,474.2,63.3,10.0,10.0,78.53981633974483,31.41592653589793
svg/g/circle_76,1,1.0,34.0,93.0,57.99999999999999,0.0,0.0,0.0,1.0,"[0, 1, 629]",70.6,80.6,469.2,479.2,474.2,75.6,10.0,10.0,78.53981633974483,31.41592653589793
svg/g/circle_75,1,1.0,8.000000000000005,80.00000000000004,63.0,0.0,0.0,0.0,1.0,"[0, 1, 630]",33.5,43.5,481.7,491.7,486.7,38.5,10.0,10.0,78.53981633974483,31.41592653589793
svg/g/circle_74,1,1.0,8.000000000000005,80.00000000000004,63.0,0.0,0.0,0.0,1.0,"[0, 1, 631]",45.9,55.9,481.7,491.7,486.7,50.9,10.0,10.0,78.53981633974483,31.41592653589793
svg/g/circle_73,1,1.0,8.000000000000005,80.00000000000004,63.0,0.0,0.0,0.0,1.0,"[0, 1, 632]",58.3,68.3,481.7,491.7,486.7,63.3,10.0,10.0,78.53981633974483,31.41592653589793
svg/g/circle_72,1,1.0,34.0,93.0,57.99999999999999,0.0,0.0,0.0,1.0,"[0, 1, 633]",70.6,80.6,481.7,491.7,486.7,75.6,10.0,10.0,78.53981633974483,31.41592653589793
svg/g/circle_71,1,1.0,8.000000000000005,80.00000000000004,63.0,0.0,0.0,0.0,1.0,"[0, 1, 634]",33.5,43.5,493.9,503.9,498.9,38.5,10.0,10.0,78.53981633974483,31.41592653589793
svg/g/circle_70,1,1.0,8.000000000000005,80.00000000000004,63.0,0.0,0.0,0.0,1.0,"[0, 1, 635]",45.9,55.9,493.9,503.9,498.9,50.9,10.0,10.0,78.53981633974483,31.41592653589793
svg/g/circle_69,1,1.0,8.000000000000005,80.00000000000004,63.0,0.0,0.0,0.0,1.0,"[0, 1, 636]",58.3,68.3,493.9,503.9,498.9,63.3,10.0,10.0,78.53981633974483,31.41592653589793
svg/g/circle_68,1,1.0,34.0,93.0,57.99999999999999,0.0,0.0,0.0,1.0,"[0, 1, 637]",70.6,80.6,493.9,503.9,498.9,75.6,10.0,10.0,78.53981633974483,31.41592653589793
svg/g/circle_67,1,1.0,8.000000000000005,80.00000000000004,63.0,0.0,0.0,0.0,1.0,"[0, 1, 638]",33.5,43.5,506.4,516.4,511.4,38.5,10.0,10.0,78.53981633974483,31.41592653589793
svg/g/circle_66,1,1.0,8.000000000000005,80.00000000000004,63.0,0.0,0.0,0.0,1.0,"[0, 1, 639]",45.9,55.9,506.4,516.4,511.4,50.9,10.0,10.0,78.53981633974483,31.41592653589793
svg/g/circle_65,1,1.0,8.000000000000005,80.00000000000004,63.0,0.0,0.0,0.0,1.0,"[0, 1, 640]",58.3,68.3,506.4,516.4,511.4,63.3,10.0,10.0,78.53981633974483,31.41592653589793
svg/g/circle_64,1,1.0,83.0,50.0,51.0,0.0,0.0,0.0,1.0,"[0, 1, 641]",70.6,80.6,506.4,516.4,511.4,75.6,10.0,10.0,78.53981633974483,31.41592653589793
svg/g/circle_63,1,1.0,8.000000000000005,80.00000000000004,63.0,0.0,0.0,0.0,1.0,"[0, 1, 642]",33.5,43.5,518.8,528.8,523.8,38.5,10.0,10.0,78.53981633974483,31.41592653589793
svg/g/circle_62,1,1.0,8.000000000000005,80.00000000000004,63.0,0.0,0.0,0.0,1.0,"[0, 1, 643]",45.9,55.9,518.8,528.8,523.8,50.9,10.0,10.0,78.53981633974483,31.41592653589793
svg/g/circle_61,1,1.0,34.0,93.0,57.99999999999999,0.0,0.0,0.0,1.0,"[0, 1, 644]",58.3,68.3,518.8,528.8,523.8,63.3,10.0,10.0,78.53981633974483,31.41592653589793
svg/g/circle_60,1,1.0,83.0,50.0,51.0,0.0,0.0,0.0,1.0,"[0, 1, 645]",70.6,80.6,518.8,528.8,523.8,75.6,10.0,10.0,78.53981633974483,31.41592653589793
svg/g/circle_59,1,1.0,235.0,90.99999999999999,61.0,0.0,0.0,0.0,1.0,"[0, 1, 646]",33.5,43.5,564.2,574.2,569.2,38.5,10.0,10.0,78.53981633974483,31.41592653589793
svg/g/circle_58,1,1.0,235.0,90.99999999999999,61.0,0.0,0.0,0.0,1.0,"[0, 1, 647]",45.9,55.9,564.2,574.2,569.2,50.9,10.0,10.0,78.53981633974483,31.41592653589793
svg/g/circle_57,1,1.0,8.000000000000005,80.00000000000004,63.0,0.0,0.0,0.0,1.0,"[0, 1, 648]",58.3,68.3,564.2,574.2,569.2,63.3,10.0,10.0,78.53981633974483,31.41592653589793
svg/g/circle_56,1,1.0,83.0,50.0,51.0,0.0,0.0,0.0,1.0,"[0, 1, 649]",70.6,80.6,564.2,574.2,569.2,75.6,10.0,10.0,78.53981633974483,31.41592653589793
svg/g/circle_55,1,1.0,34.0,93.0,57.99999999999999,0.0,0.0,0.0,1.0,"[0, 1, 650]",83.0,93.0,564.2,574.2,569.2,88.0,10.0,10.0,78.53981633974483,31.41592653589793
svg/g/circle_54,1,1.0,235.0,90.99999999999999,61.0,0.0,0.0,0.0,1.0,"[0, 1, 651]",33.5,43.5,576.6,586.6,581.6,38.5,10.0,10.0,78.53981633974483,31.41592653589793
svg/g/circle_53,1,1.0,235.0,90.99999999999999,61.0,0.0,0.0,0.0,1.0,"[0, 1, 652]",45.9,55.9,576.6,586.6,581.6,50.9,10.0,10.0,78.53981633974483,31.41592653589793
svg/g/circle_52,1,1.0,8.000000000000005,80.00000000000004,63.0,0.0,0.0,0.0,1.0,"[0, 1, 653]",58.3,68.3,576.6,586.6,581.6,63.3,10.0,10.0,78.53981633974483,31.41592653589793
svg/g/circle_51,1,1.0,83.0,50.0,51.0,0.0,0.0,0.0,1.0,"[0, 1, 654]",70.6,80.6,576.6,586.6,581.6,75.6,10.0,10.0,78.53981633974483,31.41592653589793
svg/g/circle_50,1,1.0,34.0,93.0,57.99999999999999,0.0,0.0,0.0,1.0,"[0, 1, 655]",83.0,93.0,576.6,586.6,581.6,88.0,10.0,10.0,78.53981633974483,31.41592653589793
svg/g/circle_49,1,1.0,235.0,90.99999999999999,61.0,0.0,0.0,0.0,1.0,"[0, 1, 656]",33.5,43.5,589.0,599.0,594.0,38.5,10.0,10.0,78.53981633974483,31.41592653589793
svg/g/circle_48,1,1.0,235.0,90.99999999999999,61.0,0.0,0.0,0.0,1.0,"[0, 1, 657]",45.9,55.9,589.0,599.0,594.0,50.9,10.0,10.0,78.53981633974483,31.41592653589793
svg/g/circle_47,1,1.0,8.000000000000005,80.00000000000004,63.0,0.0,0.0,0.0,1.0,"[0, 1, 658]",58.3,68.3,589.0,599.0,594.0,63.3,10.0,10.0,78.53981633974483,31.41592653589793
svg/g/circle_46,1,1.0,83.0,50.0,51.0,0.0,0.0,0.0,1.0,"[0, 1, 659]",70.6,80.6,589.0,599.0,594.0,75.6,10.0,10.0,78.53981633974483,31.41592653589793
svg/g/circle_45,1,1.0,34.0,93.0,57.99999999999999,0.0,0.0,0.0,1.0,"[0, 1, 660]",83.0,93.0,589.0,599.0,594.0,88.0,10.0,10.0,78.53981633974483,31.41592653589793
svg/g/circle_44,1,1.0,235.0,90.99999999999999,61.0,0.0,0.0,0.0,1.0,"[0, 1, 661]",33.5,43.5,601.3,611.3,606.3,38.5,10.0,10.0,78.53981633974483,31.41592653589793
svg/g/circle_43,1,1.0,235.0,90.99999999999999,61.0,0.0,0.0,0.0,1.0,"[0, 1, 662]",45.9,55.9,601.3,611.3,606.3,50.9,10.0,10.0,78.53981633974483,31.41592653589793
svg/g/circle_42,1,1.0,8.000000000000005,80.00000000000004,63.0,0.0,0.0,0.0,1.0,"[0, 1, 663]",58.3,68.3,601.3,611.3,606.3,63.3,10.0,10.0,78.53981633974483,31.41592653589793
svg/g/circle_41,1,1.0,83.0,50.0,51.0,0.0,0.0,0.0,1.0,"[0, 1, 664]",70.6,80.6,601.3,611.3,606.3,75.6,10.0,10.0,78.53981633974483,31.41592653589793
svg/g/circle_40,1,1.0,34.0,93.0,57.99999999999999,0.0,0.0,0.0,1.0,"[0, 1, 665]",83.0,93.0,601.3,611.3,606.3,88.0,10.0,10.0,78.53981633974483,31.41592653589793
svg/g/circle_39,1,1.0,235.0,90.99999999999999,61.0,0.0,0.0,0.0,1.0,"[0, 1, 666]",33.5,43.5,613.8,623.8,618.8,38.5,10.0,10.0,78.53981633974483,31.41592653589793
svg/g/circle_38,1,1.0,235.0,90.99999999999999,61.0,0.0,0.0,0.0,1.0,"[0, 1, 667]",45.9,55.9,613.8,623.8,618.8,50.9,10.0,10.0,78.53981633974483,31.41592653589793
svg/g/circle_37,1,1.0,8.000000000000005,80.00000000000004,63.0,0.0,0.0,0.0,1.0,"[0, 1, 668]",58.3,68.3,613.8,623.8,618.8,63.3,10.0,10.0,78.53981633974483,31.41592653589793
svg/g/circle_36,1,1.0,83.0,50.0,51.0,0.0,0.0,0.0,1.0,"[0, 1, 669]",70.6,80.6,613.8,623.8,618.8,75.6,10.0,10.0,78.53981633974483,31.41592653589793
svg/g/circle_35,1,1.0,34.0,93.0,57.99999999999999,0.0,0.0,0.0,1.0,"[0, 1, 670]",83.0,93.0,613.8,623.8,618.8,88.0,10.0,10.0,78.53981633974483,31.41592653589793
svg/g/circle_34,1,1.0,235.0,90.99999999999999,61.0,0.0,0.0,0.0,1.0,"[0, 1, 671]",33.5,43.5,626.2,636.2,631.2,38.5,10.0,10.0,78.53981633974483,31.41592653589793
svg/g/circle_33,1,1.0,235.0,90.99999999999999,61.0,0.0,0.0,0.0,1.0,"[0, 1, 672]",45.9,55.9,626.2,636.2,631.2,50.9,10.0,10.0,78.53981633974483,31.41592653589793
svg/g/circle_32,1,1.0,8.000000000000005,80.00000000000004,63.0,0.0,0.0,0.0,1.0,"[0, 1, 673]",58.3,68.3,626.2,636.2,631.2,63.3,10.0,10.0,78.53981633974483,31.41592653589793
svg/g/circle_31,1,1.0,83.0,50.0,51.0,0.0,0.0,0.0,1.0,"[0, 1, 674]",70.6,80.6,626.2,636.2,631.2,75.6,10.0,10.0,78.53981633974483,31.41592653589793
svg/g/circle_30,1,1.0,34.0,93.0,57.99999999999999,0.0,0.0,0.0,1.0,"[0, 1, 675]",83.0,93.0,626.2,636.2,631.2,88.0,10.0,10.0,78.53981633974483,31.41592653589793
svg/g/circle_29,1,1.0,235.0,90.99999999999999,61.0,0.0,0.0,0.0,1.0,"[0, 1, 676]",33.5,43.5,638.3,648.3,643.3,38.5,10.0,10.0,78.53981633974483,31.41592653589793
svg/g/circle_28,1,1.0,235.0,90.99999999999999,61.0,0.0,0.0,0.0,1.0,"[0, 1, 677]",45.9,55.9,638.3,648.3,643.3,50.9,10.0,10.0,78.53981633974483,31.41592653589793
svg/g/circle_27,1,1.0,8.000000000000005,80.00000000000004,63.0,0.0,0.0,0.0,1.0,"[0, 1, 678]",58.3,68.3,638.3,648.3,643.3,63.3,10.0,10.0,78.53981633974483,31.41592653589793
svg/g/circle_26,1,1.0,83.0,50.0,51.0,0.0,0.0,0.0,1.0,"[0, 1, 679]",70.6,80.6,638.3,648.3,643.3,75.6,10.0,10.0,78.53981633974483,31.41592653589793
svg/g/circle_25,1,1.0,34.0,93.0,57.99999999999999,0.0,0.0,0.0,1.0,"[0, 1, 680]",83.0,93.0,638.3,648.3,643.3,88.0,10.0,10.0,78.53981633974483,31.41592653589793
svg/g/circle_24,1,1.0,235.0,90.99999999999999,61.0,0.0,0.0,0.0,1.0,"[0, 1, 681]",33.5,43.5,650.8,660.8,655.8,38.5,10.0,10.0,78.53981633974483,31.41592653589793
svg/g/circle_23,1,1.0,235.0,90.99999999999999,61.0,0.0,0.0,0.0,1.0,"[0, 1, 682]",45.9,55.9,650.8,660.8,655.8,50.9,10.0,10.0,78.53981633974483,31.41592653589793
svg/g/circle_22,1,1.0,8.000000000000005,80.00000000000004,63.0,0.0,0.0,0.0,1.0,"[0, 1, 683]",58.3,68.3,650.8,660.8,655.8,63.3,10.0,10.0,78.53981633974483,31.41592653589793
svg/g/circle_21,1,1.0,34.0,93.0,57.99999999999999,0.0,0.0,0.0,1.0,"[0, 1, 684]",70.6,80.6,650.8,660.8,655.8,75.6,10.0,10.0,78.53981633974483,31.41592653589793
svg/g/circle_20,1,1.0,34.0,93.0,57.99999999999999,0.0,0.0,0.0,1.0,"[0, 1, 685]",83.0,93.0,650.8,660.8,655.8,88.0,10.0,10.0,78.53981633974483,31.41592653589793
svg/g/circle_19,1,1.0,235.0,90.99999999999999,61.0,0.0,0.0,0.0,1.0,"[0, 1, 686]",33.5,43.5,663.2,673.2,668.2,38.5,10.0,10.0,78.53981633974483,31.41592653589793
svg/g/circle_18,1,1.0,235.0,90.99999999999999,61.0,0.0,0.0,0.0,1.0,"[0, 1, 687]",45.9,55.9,663.2,673.2,668.2,50.9,10.0,10.0,78.53981633974483,31.41592653589793
svg/g/circle_17,1,1.0,8.000000000000005,80.00000000000004,63.0,0.0,0.0,0.0,1.0,"[0, 1, 688]",58.3,68.3,663.2,673.2,668.2,63.3,10.0,10.0,78.53981633974483,31.41592653589793
svg/g/circle_16,1,1.0,34.0,93.0,57.99999999999999,0.0,0.0,0.0,1.0,"[0, 1, 689]",70.6,80.6,663.2,673.2,668.2,75.6,10.0,10.0,78.53981633974483,31.41592653589793
svg/g/circle_15,1,1.0,34.0,93.0,57.99999999999999,0.0,0.0,0.0,1.0,"[0, 1, 690]",83.0,93.0,663.2,673.2,668.2,88.0,10.0,10.0,78.53981633974483,31.41592653589793
svg/g/circle_14,1,1.0,235.0,90.99999999999999,61.0,0.0,0.0,0.0,1.0,"[0, 1, 691]",33.5,43.5,675.5,685.5,680.5,38.5,10.0,10.0,78.53981633974483,31.41592653589793
svg/g/circle_13,1,1.0,235.0,90.99999999999999,61.0,0.0,0.0,0.0,1.0,"[0, 1, 692]",45.9,55.9,675.5,685.5,680.5,50.9,10.0,10.0,78.53981633974483,31.41592653589793
svg/g/circle_12,1,1.0,8.000000000000005,80.00000000000004,63.0,0.0,0.0,0.0,1.0,"[0, 1, 693]",58.3,68.3,675.5,685.5,680.5,63.3,10.0,10.0,78.53981633974483,31.41592653589793
svg/g/circle_11,1,1.0,34.0,93.0,57.99999999999999,0.0,0.0,0.0,1.0,"[0, 1, 694]",70.6,80.6,675.5,685.5,680.5,75.6,10.0,10.0,78.53981633974483,31.41592653589793
svg/g/circle_10,1,1.0,34.0,93.0,57.99999999999999,0.0,0.0,0.0,1.0,"[0, 1, 695]",83.0,93.0,675.5,685.5,680.5,88.0,10.0,10.0,78.53981633974483,31.41592653589793
svg/g/circle_9,1,1.0,235.0,90.99999999999999,61.0,0.0,0.0,0.0,1.0,"[0, 1, 696]",33.5,43.5,687.9,697.9,692.9,38.5,10.0,10.0,78.53981633974483,31.41592653589793
svg/g/circle_8,1,1.0,235.0,90.99999999999999,61.0,0.0,0.0,0.0,1.0,"[0, 1, 697]",45.9,55.9,687.9,697.9,692.9,50.9,10.0,10.0,78.53981633974483,31.41592653589793
svg/g/circle_7,1,1.0,8.000000000000005,80.00000000000004,63.0,0.0,0.0,0.0,1.0,"[0, 1, 698]",58.3,68.3,687.9,697.9,692.9,63.3,10.0,10.0,78.53981633974483,31.41592653589793
svg/g/circle_6,1,1.0,34.0,93.0,57.99999999999999,0.0,0.0,0.0,1.0,"[0, 1, 699]",70.6,80.6,687.9,697.9,692.9,75.6,10.0,10.0,78.53981633974483,31.41592653589793
svg/g/circle_5,1,1.0,31.999999999999993,35.00000000000002,46.0,0.0,0.0,0.0,1.0,"[0, 1, 700]",83.0,93.0,687.9,697.9,692.9,88.0,10.0,10.0,78.53981633974483,31.41592653589793
svg/g/circle_4,1,1.0,235.0,90.99999999999999,61.0,0.0,0.0,0.0,1.0,"[0, 1, 701]",33.5,43.5,700.4,710.4,705.4,38.5,10.0,10.0,78.53981633974483,31.41592653589793
svg/g/circle_3,1,1.0,235.0,90.99999999999999,61.0,0.0,0.0,0.0,1.0,"[0, 1, 702]",45.9,55.9,700.4,710.4,705.4,50.9,10.0,10.0,78.53981633974483,31.41592653589793
svg/g/circle_2,1,1.0,8.000000000000005,80.00000000000004,63.0,0.0,0.0,0.0,1.0,"[0, 1, 703]",58.3,68.3,700.4,710.4,705.4,63.3,10.0,10.0,78.53981633974483,31.41592653589793
svg/g/circle_1,1,1.0,34.0,93.0,57.99999999999999,0.0,0.0,0.0,1.0,"[0, 1, 704]",70.6,80.6,700.4,710.4,705.4,75.6,10.0,10.0,78.53981633974483,31.41592653589793
svg/g/circle,1,1.0,31.999999999999993,35.00000000000002,46.0,0.0,0.0,0.0,1.0,"[0, 1, 705]",83.0,93.0,700.4,710.4,705.4,88.0,10.0,10.0,78.53981633974483,31.41592653589793
svg/g/g_14/path_10,6,1.0,0.0,0.0,38.0,0.0,0.0,0.0,1.0,"[0, 1, 706, 0]",16.599999999999998,25.200000000000003,20.0,28.6,24.3,20.9,8.600000000000001,8.600000000000005,0.0,64.39463168090212
svg/g/g_14/path_9,6,1.0,0.0,0.0,38.0,0.0,0.0,0.0,1.0,"[0, 1, 706, 1]",16.099999999999998,25.2,29.900000000000002,39.400000000000006,34.650000000000006,20.65,9.500000000000004,9.100000000000001,0.0,117.60044785834997
svg/g/g_14/path_8,6,1.0,0.0,0.0,38.0,0.0,0.0,0.0,1.0,"[0, 1, 706, 2]",16.1,25.299999999999997,40.300000000000004,49.400000000000006,44.85000000000001,20.7,9.100000000000001,9.199999999999996,0.0,111.65540695399653
svg/g/g_14/path_7,6,1.0,0.0,0.0,38.0,0.0,0.0,0.0,1.0,"[0, 1, 706, 3]",16.099999999999998,25.2,50.400000000000006,59.900000000000006,55.150000000000006,20.65,9.5,9.100000000000001,0.0,117.60044785834997
svg/g/g_13/path_6,6,1.0,0.0,0.0,38.0,0.0,0.0,0.0,1.0,"[0, 1, 707, 0]",16.000000000000004,25.099999999999998,201.70000000000002,210.7,206.2,20.55,8.999999999999972,9.099999999999994,0.0,92.93940835017683
svg/g/g_13/path_5,6,1.0,0.0,0.0,38.0,0.0,0.0,0.0,1.0,"[0, 1, 707, 1]",16.1,25.3,212.1,221.5,216.8,20.700000000000003,9.400000000000006,9.2,0.0,94.2525676889
svg/g/g_12/path_4,6,1.0,0.0,0.0,38.0,0.0,0.0,0.0,1.0,"[0, 1, 708, 0]",16.3,25.100000000000005,383.9000000000001,393.1,388.50000000000006,20.700000000000003,9.199999999999932,8.800000000000004,0.0,96.4967927883587
svg/g/g_12/path_3,6,1.0,0.0,0.0,38.0,0.0,0.0,0.0,1.0,"[0, 1, 708, 1]",16.600000000000005,25.400000000000002,393.8,403.30000000000007,398.55000000000007,21.000000000000004,9.500000000000057,8.799999999999997,0.0,106.49660917607905
svg/g/g_11/path_2,6,1.0,0.0,0.0,38.0,0.0,0.0,0.0,1.0,"[0, 1, 709, 0]",16.0,25.200000000000003,565.2,574.3,569.75,20.6,9.099999999999909,9.200000000000003,0.0,114.35273804296934
svg/g/g_11/path_1,6,1.0,0.0,0.0,38.0,0.0,0.0,0.0,1.0,"[0, 1, 709, 1]",16.200000000000006,25.000000000000004,575.1,584.4000000000001,579.75,20.600000000000005,9.300000000000068,8.799999999999997,0.0,71.72369405952747
svg/g/g_11/path,6,1.0,0.0,0.0,38.0,0.0,0.0,0.0,1.0,"[0, 1, 709, 2]",16.3,25.2,585.5,594.3000000000001,589.9000000000001,20.75,8.800000000000068,8.899999999999999,0.0,63.514750575894276
