tag_name,tag,opacity,fill_h_normalized,fill_s_normalized,fill_l_normalized,fill_color_salience,stroke_h_normalized,stroke_s_normalized,stroke_l_normalized,stroke_color_salience,stroke_width,layer_salience,bbox_min_left_norm,bbox_max_right_norm,bbox_min_top_norm,bbox_max_bottom_norm,bbox_center_x_norm,bbox_center_y_norm,bbox_width_norm,bbox_height_norm,bbox_fill_area,bbox_stroke_area
svg/g_99/line_164,0.6501640000000001,1.0,0.0,0.0,0.0,0.4,0.0,0.0,0.8,0.52,0.5,0.75,-0.9973289055732025,0.9973289055732025,-0.9999999999999998,-0.9947159841479523,0.0,-0.997357992073976,0.9973289055732025,0.002642007926023778,0.0,0.15385046208930392
svg/g_99/line_163,0.650163,1.0,0.0,0.0,0.0,0.4,0.0,0.0,0.8,0.52,0.5,0.7478632478632479,-0.9973289055732025,0.9973289055732025,0.8684280052840162,0.8737120211360637,0.0,0.87107001321004,0.9973289055732025,0.002642007926023778,0.0,0.15385046208930392
svg/g_99/line_162,0.650162,1.0,0.0,0.0,0.0,0.4,0.0,0.0,0.8,0.52,0.5,0.7457264957264957,-0.9973289055732025,0.9973289055732025,0.712725671510348,0.7180096873623956,0.0,0.7153676794363718,0.9973289055732025,0.002642007926023778,0.0,0.15385046208930392
svg/g_99/line_161,0.650161,1.0,0.0,0.0,0.0,0.4,0.0,0.0,0.8,0.52,0.5,0.7435897435897436,-0.9973289055732025,0.9973289055732025,0.5570233377366801,0.5623073535887276,0.0,0.5596653456627039,0.9973289055732025,0.002642007926023778,0.0,0.15385046208930392
svg/g_99/line_160,0.6501600000000001,1.0,0.0,0.0,0.0,0.4,0.0,0.0,0.8,0.52,0.5,0.7414529914529915,-0.9973289055732025,0.9973289055732025,0.4013210039630121,0.4066050198150597,0.0,0.4039630118890359,0.9973289055732025,0.002642007926023778,0.0,0.15385046208930392
svg/g_99/line_159,0.650159,1.0,0.0,0.0,0.0,0.4,0.0,0.0,0.8,0.52,0.5,0.7393162393162394,-0.9973289055732025,0.9973289055732025,0.24561867018934397,0.25090268604139154,0.0,0.24826067811536776,0.9973289055732025,0.002642007926023778,0.0,0.15385046208930392
svg/g_99/line_158,0.650158,1.0,0.0,0.0,0.0,0.4,0.0,0.0,0.8,0.52,0.5,0.7371794871794872,-0.9973289055732025,0.9973289055732025,0.08991633641567603,0.0952003522677236,0.0,0.09255834434169981,0.9973289055732025,0.002642007926023778,0.0,0.15385046208930392
svg/g_99/line_157,0.650157,1.0,0.0,0.0,0.0,0.4,0.0,0.0,0.8,0.52,0.5,0.7350427350427351,-0.9973289055732025,0.9973289055732025,-0.06578599735799191,-0.06050198150594436,0.0,-0.06314398943196814,0.9973289055732025,0.002642007926023778,0.0,0.15385046208930392
svg/g_99/line_156,0.6501560000000001,1.0,0.0,0.0,0.0,0.4,0.0,0.0,0.8,0.52,0.5,0.732905982905983,-0.9973289055732025,0.9973289055732025,-0.22148833113165986,-0.2162043152796123,0.0,-0.21884632320563607,0.9973289055732025,0.002642007926023778,0.0,0.15385046208930392
svg/g_99/line_155,0.650155,1.0,0.0,0.0,0.0,0.4,0.0,0.0,0.8,0.52,0.5,0.7307692307692308,-0.9973289055732025,0.9973289055732025,-0.37719066490532793,-0.37190664905328036,0.0,-0.3745486569793041,0.9973289055732025,0.002642007926023778,0.0,0.15385046208930392
svg/g_99/line_154,0.650154,1.0,0.0,0.0,0.0,0.4,0.0,0.0,0.8,0.52,0.5,0.7286324786324786,-0.9973289055732025,0.9973289055732025,-0.5328929986789959,-0.5276089828269483,0.0,-0.5302509907529721,0.9973289055732025,0.002642007926023778,0.0,0.15385046208930392
svg/g_99/line_153,0.650153,1.0,0.0,0.0,0.0,0.4,0.0,0.0,0.8,0.52,0.5,0.7264957264957265,-0.9973289055732025,0.9973289055732025,-0.6885953324526639,-0.6833113166006164,0.0,-0.6859533245266402,0.9973289055732025,0.002642007926023778,0.0,0.15385046208930392
svg/g_99/line_152,0.650152,1.0,0.0,0.0,0.0,0.4,0.0,0.0,0.8,0.52,0.5,0.7243589743589743,-0.9973289055732025,0.9973289055732025,-0.8442976662263318,-0.8390136503742843,0.0,-0.8416556583003081,0.9973289055732025,0.002642007926023778,0.0,0.15385046208930392
svg/g_99/line_151,0.650151,1.0,0.0,0.0,0.0,0.4,0.0,0.0,0.8,0.52,0.5,0.7222222222222222,0.9122870343632689,0.9144527866012128,-0.9999999999999998,0.8723029502421841,0.9133699104822408,-0.06384852487890796,0.0010828761189719898,0.936151475121092,0.0,0.1303733739498828
svg/g_99/line_150,0.65015,1.0,0.0,0.0,0.0,0.4,0.0,0.0,0.8,0.52,0.5,0.7200854700854701,0.849335835980364,0.8515015882183079,-0.9999999999999998,0.8723029502421841,0.850418712099336,-0.06384852487890796,0.0010828761189719898,0.936151475121092,0.0,0.1303733739498828
svg/g_99/line_149,0.650149,1.0,0.0,0.0,0.0,0.4,0.0,0.0,0.8,0.52,0.5,0.717948717948718,0.7860958706323998,0.7882616228703438,-0.9999999999999998,0.8723029502421841,0.7871787467513718,-0.06384852487890796,0.0010828761189719898,0.936151475121092,0.0,0.1303733739498828
svg/g_99/line_148,0.650148,1.0,0.0,0.0,0.0,0.4,0.0,0.0,0.8,0.52,0.5,0.7158119658119658,0.7231446722494946,0.7253104244874387,-0.9999999999999998,0.8723029502421841,0.7242275483684666,-0.06384852487890796,0.0010828761189719898,0.936151475121092,0.0,0.1303733739498828
svg/g_99/line_147,0.650147,1.0,0.0,0.0,0.0,0.4,0.0,0.0,0.8,0.52,0.5,0.7136752136752137,0.6599047069015305,0.6620704591394745,-0.9999999999999998,0.8723029502421841,0.6609875830205024,-0.06384852487890796,0.0010828761189719898,0.936151475121092,0.0,0.1303733739498828
svg/g_99/line_146,0.650146,1.0,0.0,0.0,0.0,0.4,0.0,0.0,0.8,0.52,0.5,0.7115384615384616,0.5969535085186256,0.5991192607565696,-0.9999999999999998,0.8723029502421841,0.5980363846375976,-0.06384852487890796,0.0010828761189719898,0.936151475121092,0.0,0.1303733739498828
svg/g_99/line_145,0.650145,1.0,0.0,0.0,0.0,0.4,0.0,0.0,0.8,0.52,0.5,0.7094017094017094,0.5337135431706614,0.5358792954086055,-0.9999999999999998,0.8723029502421841,0.5347964192896335,-0.06384852487890796,0.0010828761189719898,0.936151475121092,0.0,0.1303733739498828
svg/g_99/line_144,0.6501439999999999,1.0,0.0,0.0,0.0,0.4,0.0,0.0,0.8,0.52,0.5,0.7072649572649572,0.4707623447877563,0.47292809702570027,-0.9999999999999998,0.8723029502421841,0.47184522090672826,-0.06384852487890796,0.0010828761189719898,0.936151475121092,0.0,0.1303733739498828
svg/g_99/line_143,0.650143,1.0,0.0,0.0,0.0,0.4,0.0,0.0,0.8,0.52,0.5,0.7051282051282051,0.40752237943979214,0.4096881316777361,-0.9999999999999998,0.8723029502421841,0.40860525555876415,-0.06384852487890796,0.0010828761189719898,0.936151475121092,0.0,0.1303733739498828
svg/g_99/line_142,0.650142,1.0,0.0,0.0,0.0,0.4,0.0,0.0,0.8,0.52,0.5,0.7029914529914529,0.3445711810568871,0.3467369332948311,-0.9999999999999998,0.8723029502421841,0.3456540571758591,-0.06384852487890796,0.0010828761189719898,0.936151475121092,0.0,0.1303733739498828
svg/g_99/line_141,0.650141,1.0,0.0,0.0,0.0,0.4,0.0,0.0,0.8,0.52,0.5,0.7008547008547008,0.28133121570892294,0.28349696794686696,-0.9999999999999998,0.8723029502421841,0.28241409182789495,-0.06384852487890796,0.0010828761189719898,0.936151475121092,0.0,0.1303733739498828
svg/g_99/line_140,0.6501399999999999,1.0,0.0,0.0,0.0,0.4,0.0,0.0,0.8,0.52,0.5,0.6987179487179487,0.21838001732601794,0.2205457695639619,-0.9999999999999998,0.8723029502421841,0.21946289344498993,-0.06384852487890796,0.0010828761189719898,0.936151475121092,0.0,0.1303733739498828
svg/g_99/line_139,0.650139,1.0,0.0,0.0,0.0,0.4,0.0,0.0,0.8,0.52,0.5,0.6965811965811965,0.1551400519780538,0.15730580421599777,-0.9999999999999998,0.8723029502421841,0.1562229280970258,-0.06384852487890796,0.0010828761189719898,0.936151475121092,0.0,0.1303733739498828
svg/g_99/line_138,0.650138,1.0,0.0,0.0,0.0,0.4,0.0,0.0,0.8,0.52,0.5,0.6944444444444444,0.09218885359514876,0.09435460583309274,-0.9999999999999998,0.8723029502421841,0.09327172971412075,-0.06384852487890796,0.0010828761189719898,0.936151475121092,0.0,0.1303733739498828
svg/g_99/line_137,0.650137,1.0,0.0,0.0,0.0,0.4,0.0,0.0,0.8,0.52,0.5,0.6923076923076923,0.02894888824718446,0.03111464048512844,-0.9999999999999998,0.8723029502421841,0.03003176436615645,-0.06384852487890796,0.0010828761189719898,0.936151475121092,0.0,0.1303733739498828
svg/g_99/line_136,0.6501359999999999,1.0,0.0,0.0,0.0,0.4,0.0,0.0,0.8,0.52,0.5,0.6901709401709402,-0.034002310135720415,-0.03183655789777643,-0.9999999999999998,0.8723029502421841,-0.03291943401674842,-0.06384852487890796,0.0010828761189719898,0.936151475121092,0.0,0.1303733739498828
svg/g_99/line_135,0.6501349999999999,1.0,0.0,0.0,0.0,0.4,0.0,0.0,0.8,0.52,0.5,0.688034188034188,-0.0972422754836847,-0.09507652324574073,-0.9999999999999998,0.8723029502421841,-0.09615939936471272,-0.06384852487890796,0.0010828761189719898,0.936151475121092,0.0,0.1303733739498828
svg/g_99/line_134,0.650134,1.0,0.0,0.0,0.0,0.4,0.0,0.0,0.8,0.52,0.5,0.6858974358974359,-0.16019347386658975,-0.15802772162864576,-0.9999999999999998,0.8723029502421841,-0.15911059774761777,-0.06384852487890796,0.0010828761189719898,0.936151475121092,0.0,0.1303733739498828
svg/g_99/line_133,0.650133,1.0,0.0,0.0,0.0,0.4,0.0,0.0,0.8,0.52,0.5,0.6837606837606838,-0.22343343921455389,-0.2212676869766099,-0.9999999999999998,0.8723029502421841,-0.2223505630955819,-0.06384852487890796,0.0010828761189719898,0.936151475121092,0.0,0.1303733739498828
svg/g_99/line_132,0.6501319999999999,1.0,0.0,0.0,0.0,0.4,0.0,0.0,0.8,0.52,0.5,0.6816239316239316,-0.2863846375974589,-0.28421888535951495,-0.9999999999999998,0.8723029502421841,-0.2853017614784869,-0.06384852487890796,0.0010828761189719898,0.936151475121092,0.0,0.1303733739498828
svg/g_99/line_131,0.6501309999999999,1.0,0.0,0.0,0.0,0.4,0.0,0.0,0.8,0.52,0.5,0.6794871794871795,-0.3496246029454231,-0.34745885070747906,-0.9999999999999998,0.8723029502421841,-0.34854172682645107,-0.06384852487890796,0.0010828761189719898,0.936151475121092,0.0,0.1303733739498828
svg/g_99/line_130,0.6501300000000001,1.0,0.0,0.0,0.0,0.4,0.0,0.0,0.8,0.52,0.5,0.6773504273504274,-0.4125758013283281,-0.4104100490903841,-0.9999999999999998,0.8723029502421841,-0.4114929252093561,-0.06384852487890796,0.0010828761189719898,0.936151475121092,0.0,0.1303733739498828
svg/g_99/line_129,0.6501290000000001,1.0,0.0,0.0,0.0,0.4,0.0,0.0,0.8,0.52,0.5,0.6752136752136753,-0.47581576667629233,-0.4736500144383483,-0.9999999999999998,0.8723029502421841,-0.4747328905573203,-0.06384852487890796,0.0010828761189719898,0.936151475121092,0.0,0.1303733739498828
svg/g_99/line_128,0.650128,1.0,0.0,0.0,0.0,0.4,0.0,0.0,0.8,0.52,0.5,0.6730769230769231,-0.5387669650591973,-0.5366012128212533,-0.9999999999999998,0.8723029502421841,-0.5376840889402252,-0.06384852487890796,0.0010828761189719898,0.936151475121092,0.0,0.1303733739498828
svg/g_99/line_127,0.6501269999999999,1.0,0.0,0.0,0.0,0.4,0.0,0.0,0.8,0.52,0.5,0.670940170940171,-0.6020069304071615,-0.5998411781692176,-0.9999999999999998,0.8723029502421841,-0.6009240542881895,-0.06384852487890796,0.0010828761189719898,0.936151475121092,0.0,0.1303733739498828
svg/g_99/line_126,0.6501260000000001,1.0,0.0,0.0,0.0,0.4,0.0,0.0,0.8,0.52,0.5,0.6688034188034189,-0.6649581287900665,-0.6627923765521225,-0.9999999999999998,0.8723029502421841,-0.6638752526710945,-0.06384852487890796,0.0010828761189719898,0.936151475121092,0.0,0.1303733739498828
svg/g_99/line_125,0.6501250000000001,1.0,0.0,0.0,0.0,0.4,0.0,0.0,0.8,0.52,0.5,0.6666666666666667,-0.7279093271729715,-0.7257435749350275,-0.9999999999999998,0.8723029502421841,-0.7268264510539995,-0.06384852487890796,0.0010828761189719898,0.936151475121092,0.0,0.1303733739498828
svg/g_99/line_124,0.650124,1.0,0.0,0.0,0.0,0.4,0.0,0.0,0.8,0.52,0.5,0.6645299145299145,-0.7911492925209358,-0.7889835402829918,-0.9999999999999998,0.8723029502421841,-0.7900664164019637,-0.06384852487890796,0.0010828761189719898,0.936151475121092,0.0,0.1303733739498828
svg/g_99/line_123,0.650123,1.0,0.0,0.0,0.0,0.4,0.0,0.0,0.8,0.52,0.5,0.6623931623931624,-0.8541004909038407,-0.8519347386658966,-0.9999999999999998,0.8723029502421841,-0.8530176147848687,-0.06384852487890796,0.0010828761189719898,0.936151475121092,0.0,0.1303733739498828
svg/g_99/line_122,0.6501220000000001,1.0,0.0,0.0,0.0,0.4,0.0,0.0,0.8,0.52,0.5,0.6602564102564102,-0.9173404562518049,-0.9151747040138609,-0.9999999999999998,0.8723029502421841,-0.916257580132833,-0.06384852487890796,0.0010828761189719898,0.936151475121092,0.0,0.1303733739498828
svg/g_99/line_121,0.6501210000000001,1.0,0.0,0.0,0.0,0.4,0.0,0.0,0.8,0.52,0.5,0.6581196581196581,-0.8226248917123882,-0.8204591394744443,0.8684280052840162,0.9251431087626596,-0.8215420155934162,0.8967855570233378,0.0010828761189719898,0.028357551739321724,0.0,0.04597464623944824
svg/g_99/line_120,0.65012,1.0,0.0,0.0,0.0,0.4,0.0,0.0,0.8,0.52,0.5,0.655982905982906,-0.3167051689286746,-0.31453941669073066,0.8684280052840162,0.9251431087626596,-0.31562229280970266,0.8967855570233378,0.0010828761189719898,0.028357551739321724,0.0,0.04597464623944824
svg/g_99/line_119,0.650119,1.0,0.0,0.0,0.0,0.4,0.0,0.0,0.8,0.52,0.5,0.6538461538461539,0.12481952064683809,0.12698527288478206,0.8684280052840162,0.9251431087626596,0.12590239676581008,0.8967855570233378,0.0010828761189719898,0.028357551739321724,0.0,0.04597464623944824
svg/g_99/line_118,0.650118,1.0,0.0,0.0,0.0,0.4,0.0,0.0,0.8,0.52,0.5,0.6517094017094017,0.6922466069881608,0.6944123592261047,0.8684280052840162,0.9251431087626596,0.6933294831071327,0.8967855570233378,0.0010828761189719898,0.028357551739321724,0.0,0.04597464623944824
svg/g_70/g_98/path_127,0.9001269999999999,1.0,0.0,0.0,0.38,0.628,0.0,0.0,0.0,0.4,0.5773502691896257,0.625,-1.0000000000000002,-0.9861391856771586,0.7766622633201238,0.8245706737120213,-0.9930695928385793,0.8006164685160725,0.006930407161420736,0.02395420519594876,0.0,0.08809134445713421
svg/g_70/g_98/path_126,0.9001260000000001,1.0,0.0,0.0,0.38,0.628,0.0,0.0,0.0,0.4,0.5773502691896257,0.59375,-0.9841178169217443,-0.9702570025989028,0.7766622633201238,0.8245706737120213,-0.9771874097603235,0.8006164685160725,0.006930407161420736,0.02395420519594876,0.0,0.08809134445713421
svg/g_70/g_98/path_125,0.9001250000000001,1.0,0.0,0.0,0.38,0.628,0.0,0.0,0.0,0.4,0.5773502691896257,0.5625,-0.9662142650880741,-0.9633265954374821,0.8182298546895644,0.8252752091589611,-0.9647704302627781,0.8217525319242628,0.0014438348252959862,0.0035226772346983706,0.0,0.039612084812201236
svg/g_70/g_98/path_124,0.900124,1.0,0.0,0.0,0.38,0.628,0.0,0.0,0.0,0.4,0.5773502691896257,0.53125,-0.9595726248917126,-0.9460005775339303,0.7766622633201233,0.8266842800528404,-0.9527866012128213,0.8016732716864818,0.0067860236788911295,0.025011008366358514,0.0,0.0874859359233984
svg/g_70/g_98/path_123,0.900123,1.0,0.0,0.0,0.38,0.628,0.0,0.0,0.0,0.4,0.5773502691896257,0.5,-0.9439792087785158,-0.9304071614207335,0.7766622633201233,0.8266842800528404,-0.9371931850996248,0.8016732716864818,0.0067860236788911295,0.025011008366358514,0.0,0.08748653812407668
svg/g_70/g_97/path_122,0.9001220000000001,1.0,0.0,0.0,0.38,0.628,0.0,0.0,0.0,0.4,0.5773502691896257,0.6228632478632479,-0.8385792665319088,-0.8250072191741266,0.9492734478203435,0.9992954645530606,-0.8317932428530178,0.974284456186702,0.00678602367889114,0.025011008366358514,0.0,0.08750976257090622
svg/g_70/g_97/path_121,0.9001210000000001,1.0,0.0,0.0,0.38,0.628,0.0,0.0,0.0,0.4,0.5773502691896257,0.5916132478632479,-0.8232746173837715,-0.8097025700259892,0.9485689123734041,1.0,-0.8164885937048803,0.974284456186702,0.006786023678891119,0.025715543813298148,0.0,0.08868815112344847
svg/g_70/g_96/path_120,0.90012,1.0,0.0,0.0,0.38,0.628,0.0,0.0,0.0,0.4,0.5773502691896257,0.6207264957264957,-0.33006064106266253,-0.3164885937048802,0.9492734478203435,0.9992954645530606,-0.3232746173837713,0.974284456186702,0.006786023678891161,0.025011008366358514,0.0,0.08748593592339844
svg/g_70/g_96/path_119,0.900119,1.0,0.0,0.0,0.38,0.628,0.0,0.0,0.0,0.4,0.5773502691896257,0.5894764957264957,-0.3147559919145252,-0.3006064106266244,0.9499779832672838,0.9978863936591813,-0.3076812012705749,0.9739321884632325,0.007074790643950383,0.02395420519594876,0.0,0.08001809889227886
svg/g_70/g_95/path_118,0.900118,1.0,0.0,0.0,0.38,0.628,0.0,0.0,0.0,0.4,0.5773502691896257,0.6185897435897436,0.11233034940802768,0.1195495235345076,0.9499779832672833,0.9978863936591813,0.11593993647126764,0.9739321884632325,0.003609587063239966,0.02395420519594896,0.0,0.07275618652579251
svg/g_70/g_95/path_117,0.9001170000000001,1.0,0.0,0.0,0.38,0.628,0.0,0.0,0.0,0.4,0.5773502691896257,0.5873397435897436,0.12619116373086917,0.13976321108865175,0.9485689123734041,1.0,0.13297718740976053,0.974284456186702,0.006786023678891284,0.025715543813298148,0.0,0.08866872073077196
svg/g_70/g_94/path_116,0.900116,1.0,0.0,0.0,0.38,0.628,0.0,0.0,0.0,0.4,0.5773502691896257,0.6164529914529915,0.6768697660987577,0.6907305804215996,0.949273447820344,0.9971818582122415,0.6838001732601786,0.9732276530162927,0.006930407161420997,0.02395420519594876,0.0,0.08809850919029621
svg/g_70/g_94/path_115,0.900115,1.0,0.0,0.0,0.38,0.628,0.0,0.0,0.0,0.4,0.5773502691896257,0.5852029914529915,0.6930407161420734,0.7069015304649151,0.9499779832672833,0.9985909291061207,0.6999711233034944,0.974284456186702,0.006930407161420833,0.02430647291941868,0.0,0.08482133416434098
svg/g_70/g_93/path_114,0.900114,1.0,0.0,0.0,0.38,0.628,0.0,0.0,0.0,0.4,0.5773502691896257,0.6143162393162394,-1.0000000000000002,-0.9861391856771586,0.6146191105239983,0.6625275209158963,-0.9930695928385793,0.6385733157199472,0.006930407161420736,0.02395420519594896,0.0,0.08809619971651635
svg/g_70/g_93/path_113,0.900113,1.0,0.0,0.0,0.38,0.628,0.0,0.0,0.0,0.4,0.5773502691896257,0.5830662393162394,-0.983540282991626,-0.9696794686687844,0.6146191105239983,0.6632320563628361,-0.9766098758302051,0.6389255834434174,0.006930407161420736,0.02430647291941878,0.0,0.08482133416434083
svg/g_70/g_93/path_112,0.900112,1.0,0.0,0.0,0.38,0.628,0.0,0.0,0.0,0.4,0.5773502691896257,0.5518162393162394,-0.9662142650880741,-0.9633265954374821,0.6561867018934391,0.6632320563628361,-0.9647704302627781,0.6597093791281375,0.0014438348252959862,0.003522677234698471,0.0,0.03961208481220151
svg/g_70/g_93/path_111,0.900111,1.0,0.0,0.0,0.38,0.628,0.0,0.0,0.0,0.4,0.5773502691896257,0.5205662393162394,-0.9595726248917126,-0.9460005775339303,0.6146191105239983,0.6646411272567153,-0.9527866012128213,0.6396301188903568,0.0067860236788911295,0.025011008366358414,0.0,0.08746169637739142
svg/g_70/g_93/path_110,0.90011,1.0,0.0,0.0,0.38,0.628,0.0,0.0,0.0,0.4,0.5773502691896257,0.48931623931623935,-0.9439792087785158,-0.9304071614207335,0.6146191105239983,0.6646411272567153,-0.9371931850996248,0.6396301188903568,0.0067860236788911295,0.025011008366358414,0.0,0.08747063344437146
svg/g_70/g_92/path_109,0.900109,1.0,0.0,0.0,0.38,0.628,0.0,0.0,0.0,0.4,0.5773502691896257,0.6121794871794872,-1.0000000000000002,-0.9861391856771586,0.4624394539850287,0.5103478643769269,-0.9930695928385793,0.4863936591809777,0.006930407161420736,0.023954205195949062,0.0,0.08809134445713429
svg/g_70/g_92/path_108,0.900108,1.0,0.0,0.0,0.38,0.628,0.0,0.0,0.0,0.4,0.5773502691896257,0.5809294871794872,-0.9832515160265667,-0.9696794686687844,0.4624394539850287,0.5124614707177456,-0.9764654923476754,0.4874504623513873,0.006786023678891135,0.025011008366358313,0.0,0.09034109281391843
svg/g_70/g_92/path_107,0.900107,1.0,0.0,0.0,0.38,0.628,0.0,0.0,0.0,0.4,0.5773502691896257,0.5496794871794872,-0.9662142650880741,-0.9633265954374821,0.5040070453544696,0.5110523998238663,-0.9647704302627781,0.507529722589168,0.0014438348252959862,0.0035226772346983706,0.0,0.039612084812201236
svg/g_70/g_92/path_106,0.900106,1.0,0.0,0.0,0.38,0.628,0.0,0.0,0.0,0.4,0.5773502691896257,0.5184294871794872,-0.9595726248917126,-0.9460005775339303,0.46243945398502917,0.512461470717746,-0.9527866012128213,0.48745046235138745,0.0067860236788911295,0.025011008366358414,0.0,0.0874859359233984
svg/g_70/g_92/path_105,0.9001049999999999,1.0,0.0,0.0,0.38,0.628,0.0,0.0,0.0,0.4,0.5773502691896257,0.48717948717948717,-0.9439792087785158,-0.9304071614207335,0.46243945398502917,0.512461470717746,-0.9371931850996248,0.48745046235138745,0.0067860236788911295,0.025011008366358414,0.0,0.08748653812407668
svg/g_70/g_91/path_104,0.900104,1.0,0.0,0.0,0.38,0.628,0.0,0.0,0.0,0.4,0.5773502691896257,0.6100427350427351,-1.0000000000000002,-0.9861391856771586,0.30744165565830045,0.35535006605019853,-0.9930695928385793,0.3313958608542494,0.006930407161420736,0.023954205195949062,0.0,0.08808570782313621
svg/g_70/g_91/path_103,0.900103,1.0,0.0,0.0,0.38,0.628,0.0,0.0,0.0,0.4,0.5773502691896257,0.5787927350427351,-0.9829627490615074,-0.9693907017037252,0.30744165565830045,0.35535006605019837,-0.9761767253826164,0.3313958608542494,0.006786023678891135,0.02395420519594886,0.0,0.09065055326106299
svg/g_70/g_91/path_102,0.900102,1.0,0.0,0.0,0.38,0.628,0.0,0.0,0.0,0.4,0.5773502691896257,0.5475427350427351,-0.9662142650880741,-0.9633265954374821,0.3490092470277412,0.35605460149713797,-0.9647704302627781,0.3525319242624396,0.0014438348252959862,0.0035226772346983706,0.0,0.039612084812201236
svg/g_70/g_91/path_101,0.9001009999999999,1.0,0.0,0.0,0.38,0.628,0.0,0.0,0.0,0.4,0.5773502691896257,0.5162927350427351,-0.9595726248917126,-0.9460005775339303,0.30744165565830084,0.3574636723910177,-0.9527866012128213,0.3324526640246591,0.0067860236788911295,0.025011008366358414,0.0,0.08751656816839387
svg/g_70/g_91/path_100,0.9001,1.0,0.0,0.0,0.38,0.628,0.0,0.0,0.0,0.4,0.5773502691896257,0.48504273504273504,-0.9439792087785158,-0.9304071614207335,0.30744165565830084,0.3574636723910177,-0.9371931850996248,0.3324526640246591,0.0067860236788911295,0.025011008366358414,0.0,0.08751320408235612
svg/g_70/g_90/path_99,0.900099,1.0,0.0,0.0,0.38,0.628,0.0,0.0,0.0,0.4,0.5773502691896257,0.607905982905983,-0.9994224660698818,-0.9858504187120994,0.1545574636723912,0.2059885512989873,-0.9926364423909906,0.18027300748568936,0.006786023678891145,0.025715543813298148,0.0,0.08866383547279336
svg/g_70/g_90/path_98,0.900098,1.0,0.0,0.0,0.38,0.628,0.0,0.0,0.0,0.4,0.5773502691896257,0.576655982905983,-0.9832515160265667,-0.9696794686687844,0.15526199911933106,0.20528401585204767,-0.9764654923476754,0.18027300748568936,0.006786023678891135,0.025011008366358414,0.0,0.08751974247399905
svg/g_70/g_90/path_97,0.9000969999999999,1.0,0.0,0.0,0.38,0.628,0.0,0.0,0.0,0.4,0.5773502691896257,0.545405982905983,-0.9662142650880741,-0.9633265954374821,0.19682959048877166,0.2038749449581684,-0.9647704302627781,0.20035226772347003,0.0014438348252959862,0.0035226772346983706,0.0,0.039612084812201236
svg/g_70/g_90/path_96,0.900096,1.0,0.0,0.0,0.38,0.628,0.0,0.0,0.0,0.4,0.5773502691896257,0.514155982905983,-0.9595726248917126,-0.9460005775339303,0.15526199911933106,0.20528401585204767,-0.9527866012128213,0.18027300748568936,0.0067860236788911295,0.025011008366358414,0.0,0.08748593592339837
svg/g_70/g_90/path_95,0.900095,1.0,0.0,0.0,0.38,0.628,0.0,0.0,0.0,0.4,0.5773502691896257,0.4829059829059829,-0.9439792087785158,-0.9304071614207335,0.15526199911933106,0.20528401585204767,-0.9371931850996248,0.18027300748568936,0.0067860236788911295,0.025011008366358414,0.0,0.08748653812407665
svg/g_70/g_89/path_94,0.900094,1.0,0.0,0.0,0.38,0.628,0.0,0.0,0.0,0.4,0.5773502691896257,0.6057692307692308,-0.9994224660698818,-0.9858504187120994,-0.007485689123734038,0.04324086305592262,-0.9926364423909906,0.017877586966094393,0.006786023678891145,0.02536327608982833,0.0,0.08860867189167423
svg/g_70/g_89/path_93,0.9000929999999999,1.0,0.0,0.0,0.38,0.628,0.0,0.0,0.0,0.4,0.5773502691896257,0.5745192307692308,-0.9841178169217443,-0.9702570025989028,-0.006781153676794204,0.04112725671510392,-0.9771874097603235,0.017173051519154957,0.006930407161420736,0.023954205195949062,0.0,0.08808570782313621
svg/g_70/g_89/path_92,0.9000920000000001,1.0,0.0,0.0,0.38,0.628,0.0,0.0,0.0,0.4,0.5773502691896257,0.5432692307692308,-0.9662142650880741,-0.9633265954374821,0.03478643769264661,0.04183179216204335,-0.9647704302627781,0.038309114927344984,0.0014438348252959862,0.0035226772346983706,0.0,0.039612084812201236
svg/g_70/g_89/path_91,0.9000910000000001,1.0,0.0,0.0,0.38,0.628,0.0,0.0,0.0,0.4,0.5773502691896257,0.5120192307692308,-0.9595726248917126,-0.9460005775339303,-0.0067811536767940035,0.04324086305592282,-0.9527866012128213,0.01822985468956431,0.0067860236788911295,0.025011008366358414,0.0,0.08751656816839387
svg/g_70/g_89/path_90,0.9000900000000001,1.0,0.0,0.0,0.38,0.628,0.0,0.0,0.0,0.4,0.5773502691896257,0.4807692307692308,-0.9439792087785158,-0.9304071614207335,-0.0067811536767940035,0.04324086305592282,-0.9371931850996248,0.01822985468956431,0.0067860236788911295,0.025011008366358414,0.0,0.08751320408235612
svg/g_70/g_88/path_89,0.9000889999999999,1.0,0.0,0.0,0.38,0.628,0.0,0.0,0.0,0.4,0.5773502691896257,0.6036324786324786,-0.9994224660698818,-0.9858504187120994,-0.15966534566270382,-0.10823425803610733,-0.9926364423909906,-0.13394980184940547,0.006786023678891145,0.025715543813298245,0.0,0.08865383153923212
svg/g_70/g_88/path_88,0.9000879999999999,1.0,0.0,0.0,0.38,0.628,0.0,0.0,0.0,0.4,0.5773502691896257,0.5723824786324786,-0.983540282991626,-0.9696794686687844,-0.15825627476882415,-0.10964332892998659,-0.9766098758302051,-0.13394980184940547,0.006930407161420736,0.02430647291941878,0.0,0.08482133416434083
svg/g_70/g_88/path_87,0.9000870000000001,1.0,0.0,0.0,0.38,0.628,0.0,0.0,0.0,0.4,0.5773502691896257,0.5411324786324786,-0.9662142650880741,-0.9633265954374821,-0.11739321884632296,-0.11034786437692623,-0.9647704302627781,-0.11387054161162459,0.0014438348252959862,0.0035226772346983706,0.0,0.039612084812201236
svg/g_70/g_88/path_86,0.900086,1.0,0.0,0.0,0.38,0.628,0.0,0.0,0.0,0.4,0.5773502691896257,0.5098824786324786,-0.9595726248917126,-0.9460005775339303,-0.15896081021576358,-0.10893879348304676,-0.9527866012128213,-0.13394980184940508,0.0067860236788911295,0.025011008366358414,0.0,0.08748593592339839
svg/g_70/g_88/path_85,0.900085,1.0,0.0,0.0,0.38,0.628,0.0,0.0,0.0,0.4,0.5773502691896257,0.4786324786324786,-0.9439792087785158,-0.9304071614207335,-0.15896081021576358,-0.10893879348304676,-0.9371931850996248,-0.13394980184940508,0.0067860236788911295,0.025011008366358414,0.0,0.08748653812407668
svg/g_70/g_87/path_84,0.900084,1.0,0.0,0.0,0.38,0.628,0.0,0.0,0.0,0.4,0.5773502691896257,0.6014957264957265,-0.9994224660698818,-0.9858504187120994,-0.3160722148833112,-0.2653456627036546,-0.9926364423909906,-0.29070893879348286,0.006786023678891145,0.02536327608982823,0.0,0.08861570706298127
svg/g_70/g_87/path_83,0.9000830000000001,1.0,0.0,0.0,0.38,0.628,0.0,0.0,0.0,0.4,0.5773502691896257,0.5702457264957265,-0.9832515160265667,-0.9696794686687844,-0.31466314398943185,-0.2646411272567149,-0.9764654923476754,-0.2896521356230734,0.006786023678891135,0.025011008366358462,0.0,0.09032339519059554
svg/g_70/g_87/path_82,0.900082,1.0,0.0,0.0,0.38,0.628,0.0,0.0,0.0,0.4,0.5773502691896257,0.5389957264957265,-0.9662142650880741,-0.9633265954374821,-0.27380008806693074,-0.266754733597534,-0.9647704302627781,-0.2702774108322324,0.0014438348252959862,0.0035226772346983706,0.0,0.039612084812201236
svg/g_70/g_87/path_81,0.900081,1.0,0.0,0.0,0.38,0.628,0.0,0.0,0.0,0.4,0.5773502691896257,0.5077457264957265,-0.9595726248917126,-0.9460005775339303,-0.31536767943637145,-0.2653456627036546,-0.9527866012128213,-0.29035667107001306,0.0067860236788911295,0.025011008366358414,0.0,0.08746169637739143
svg/g_70/g_87/path_80,0.90008,1.0,0.0,0.0,0.38,0.628,0.0,0.0,0.0,0.4,0.5773502691896257,0.47649572649572647,-0.9439792087785158,-0.9304071614207335,-0.31536767943637145,-0.2653456627036546,-0.9371931850996248,-0.29035667107001306,0.0067860236788911295,0.025011008366358414,0.0,0.08747063344437146
svg/g_70/g_86/path_79,0.9000790000000001,1.0,0.0,0.0,0.38,0.628,0.0,0.0,0.0,0.4,0.5773502691896257,0.5993589743589743,-0.9994224660698818,-0.9858504187120994,-0.47247908410391876,-0.4217525319242623,-0.9926364423909906,-0.44711580801409057,0.006786023678891145,0.02536327608982823,0.0,0.08859864550663048
svg/g_70/g_86/path_78,0.900078,1.0,0.0,0.0,0.38,0.628,0.0,0.0,0.0,0.4,0.5773502691896257,0.5681089743589743,-0.9829627490615074,-0.9693907017037252,-0.47177454865697915,-0.42316160281814147,-0.9761767253826164,-0.44746807573756026,0.006786023678891135,0.02430647291941878,0.0,0.09065454426529815
svg/g_70/g_86/path_77,0.900077,1.0,0.0,0.0,0.38,0.628,0.0,0.0,0.0,0.4,0.5773502691896257,0.5368589743589743,-0.9662142650880741,-0.9633265954374821,-0.4302069572875383,-0.4231616028181416,-0.9647704302627781,-0.42668428005284,0.0014438348252959862,0.0035226772346983706,0.0,0.039612084812201236
svg/g_70/g_86/path_76,0.900076,1.0,0.0,0.0,0.38,0.628,0.0,0.0,0.0,0.4,0.5773502691896257,0.5056089743589743,-0.9595726248917126,-0.9460005775339303,-0.47177454865697915,-0.4217525319242623,-0.9527866012128213,-0.4467635402906207,0.0067860236788911295,0.025011008366358414,0.0,0.08761027987649524
svg/g_70/g_86/path_75,0.900075,1.0,0.0,0.0,0.38,0.628,0.0,0.0,0.0,0.4,0.5773502691896257,0.47435897435897434,-0.9439792087785158,-0.9304071614207335,-0.47177454865697915,-0.4217525319242623,-0.9371931850996248,-0.4467635402906207,0.0067860236788911295,0.025011008366358414,0.0,0.08751320408235612
svg/g_70/g_85/path_74,0.900074,1.0,0.0,0.0,0.38,0.628,0.0,0.0,0.0,0.4,0.5773502691896257,0.5972222222222222,-0.9994224660698818,-0.9855616517470402,-0.6281814178775869,-0.5795684720387493,-0.9924920589084609,-0.6038749449581681,0.006930407161420736,0.02430647291941878,0.0,0.08482133416434083
svg/g_70/g_85/path_73,0.900073,1.0,0.0,0.0,0.38,0.628,0.0,0.0,0.0,0.4,0.5773502691896257,0.5659722222222222,-0.9832515160265667,-0.9696794686687844,-0.6281814178775869,-0.57815940114487,-0.9764654923476754,-0.6031704095112285,0.006786023678891135,0.025011008366358414,0.0,0.08754637250114988
svg/g_70/g_85/path_72,0.900072,1.0,0.0,0.0,0.38,0.628,0.0,0.0,0.0,0.4,0.5773502691896257,0.5347222222222222,-0.9662142650880741,-0.9633265954374821,-0.586613826508146,-0.5795684720387493,-0.9647704302627781,-0.5830911492734476,0.0014438348252959862,0.0035226772346983706,0.0,0.039612084812201236
svg/g_70/g_85/path_71,0.900071,1.0,0.0,0.0,0.38,0.628,0.0,0.0,0.0,0.4,0.5773502691896257,0.5034722222222222,-0.9595726248917126,-0.9460005775339303,-0.6281814178775869,-0.57815940114487,-0.9527866012128213,-0.6031704095112285,0.0067860236788911295,0.025011008366358414,0.0,0.08751656816839386
svg/g_70/g_85/path_70,0.90007,1.0,0.0,0.0,0.38,0.628,0.0,0.0,0.0,0.4,0.5773502691896257,0.4722222222222222,-0.9439792087785158,-0.9304071614207335,-0.6281814178775869,-0.57815940114487,-0.9371931850996248,-0.6031704095112285,0.0067860236788911295,0.025011008366358414,0.0,0.0875132040823561
svg/g_70/g_84/path_69,0.900069,1.0,0.0,0.0,0.38,0.628,0.0,0.0,0.0,0.4,0.5773502691896257,0.5950854700854701,-0.9994224660698818,-0.9855616517470402,-0.7803610744165564,-0.731748128577719,-0.9924920589084609,-0.7560546014971377,0.006930407161420736,0.024306472919418752,0.0,0.08482133416434083
svg/g_70/g_84/path_68,0.900068,1.0,0.0,0.0,0.38,0.628,0.0,0.0,0.0,0.4,0.5773502691896257,0.5638354700854701,-0.9838290499566851,-0.9699682356338436,-0.7803610744165564,-0.7324526640246586,-0.9768986427952644,-0.7564068692206075,0.006930407161420736,0.023954205195948885,0.0,0.08804639198543986
svg/g_70/g_84/path_67,0.900067,1.0,0.0,0.0,0.38,0.628,0.0,0.0,0.0,0.4,0.5773502691896257,0.5325854700854701,-0.9662142650880741,-0.9633265954374821,-0.7387934830471157,-0.731748128577719,-0.9647704302627781,-0.7352708058124173,0.0014438348252959862,0.0035226772346983706,0.0,0.039612084812201236
svg/g_70/g_84/path_66,0.900066,1.0,0.0,0.0,0.38,0.628,0.0,0.0,0.0,0.4,0.5773502691896257,0.5013354700854701,-0.9595726248917126,-0.9460005775339303,-0.7803610744165566,-0.7303390576838397,-0.9527866012128213,-0.7553500660501979,0.0067860236788911295,0.025011008366358438,0.0,0.08747836857948606
svg/g_70/g_84/path_65,0.900065,1.0,0.0,0.0,0.38,0.628,0.0,0.0,0.0,0.4,0.5773502691896257,0.4700854700854701,-0.9439792087785158,-0.9304071614207335,-0.7803610744165566,-0.7303390576838397,-0.9371931850996248,-0.7553500660501979,0.0067860236788911295,0.025011008366358438,0.0,0.08747063344437146
svg/g_70/g_83/path_64,0.900064,1.0,0.0,0.0,0.38,0.628,0.0,0.0,0.0,0.4,0.5773502691896257,0.592948717948718,-0.9994224660698818,-0.9855616517470402,-0.940995156318802,-0.8923822104799647,-0.9924920589084609,-0.9166886833993834,0.006930407161420736,0.024306472919418752,0.0,0.08482133416434083
svg/g_70/g_83/path_63,0.900063,1.0,0.0,0.0,0.38,0.628,0.0,0.0,0.0,0.4,0.5773502691896257,0.561698717948718,-0.983540282991626,-0.9696794686687844,-0.940995156318802,-0.8923822104799647,-0.9766098758302051,-0.9166886833993834,0.006930407161420736,0.024306472919418752,0.0,0.08482133416434083
svg/g_70/g_83/path_62,0.900062,1.0,0.0,0.0,0.38,0.628,0.0,0.0,0.0,0.4,0.5773502691896257,0.530448717948718,-0.9662142650880741,-0.9633265954374821,-0.900132100396301,-0.8930867459269043,-0.9647704302627781,-0.8966094231616026,0.0014438348252959862,0.0035226772346983706,0.0,0.039612084812201236
svg/g_70/g_83/path_61,0.900061,1.0,0.0,0.0,0.38,0.628,0.0,0.0,0.0,0.4,0.5773502691896257,0.49919871794871795,-0.9595726248917126,-0.9460005775339303,-0.9416996917657418,-0.8916776750330249,-0.9527866012128213,-0.9166886833993834,0.0067860236788911295,0.025011008366358438,0.0,0.08750259171947464
svg/g_70/g_83/path_60,0.90006,1.0,0.0,0.0,0.38,0.628,0.0,0.0,0.0,0.4,0.5773502691896257,0.46794871794871795,-0.9439792087785158,-0.9304071614207335,-0.9416996917657418,-0.8916776750330249,-0.9371931850996248,-0.9166886833993834,0.0067860236788911295,0.025011008366358438,0.0,0.08748653812407668
svg/g_70/g_82/path_59,0.9000589999999999,1.0,0.0,0.0,0.38,0.628,0.0,0.0,0.0,0.4,0.5773502691896257,0.5908119658119658,0.9312734623159109,0.9442679757435747,0.7766622633201238,0.8245706737120213,0.9377707190297427,0.8006164685160725,0.006497256713831939,0.02395420519594876,0.0,0.08782237742356992
svg/g_70/g_82/path_58,0.9000579999999999,1.0,0.0,0.0,0.38,0.628,0.0,0.0,0.0,0.4,0.5773502691896257,0.5595619658119658,0.9462893444989886,0.9601501588218306,0.7766622633201238,0.8245706737120213,0.9532197516604096,0.8006164685160725,0.006930407161420997,0.02395420519594876,0.0,0.0880985091902962
svg/g_70/g_82/path_57,0.900057,1.0,0.0,0.0,0.38,0.628,0.0,0.0,0.0,0.4,0.5773502691896257,0.5283119658119658,0.9641928963326596,0.9670805659832515,0.8182298546895644,0.8252752091589611,0.9656367311579556,0.8217525319242628,0.0014438348252959862,0.0035226772346983706,0.0,0.039612084812201236
svg/g_70/g_82/path_56,0.900056,1.0,0.0,0.0,0.38,0.628,0.0,0.0,0.0,0.4,0.5773502691896257,0.4970619658119658,0.9708345365290213,0.9844065838868035,0.7766622633201233,0.8266842800528404,0.9776205602079122,0.8016732716864818,0.0067860236788910375,0.025011008366358514,0.0,0.08748593592339828
svg/g_70/g_82/path_55,0.9000549999999999,1.0,0.0,0.0,0.38,0.628,0.0,0.0,0.0,0.4,0.5773502691896257,0.4658119658119658,0.9864279526422179,1.0,0.7766622633201233,0.8266842800528404,0.9932139763211091,0.8016732716864818,0.0067860236788910375,0.025011008366358514,0.0,0.08751974247399895
svg/g_70/g_81/path_54,0.9000539999999999,1.0,0.0,0.0,0.38,0.628,0.0,0.0,0.0,0.4,0.5773502691896257,0.5886752136752137,0.9312734623159109,0.9442679757435747,0.6146191105239983,0.6625275209158963,0.9377707190297427,0.6385733157199472,0.006497256713831939,0.02395420519594896,0.0,0.08782728602748083
svg/g_70/g_81/path_53,0.9000530000000001,1.0,0.0,0.0,0.38,0.628,0.0,0.0,0.0,0.4,0.5773502691896257,0.5574252136752137,0.9468668784291078,0.9607276927519495,0.6146191105239983,0.6632320563628361,0.9537972855905285,0.6389255834434174,0.006930407161420833,0.02430647291941878,0.0,0.08482133416434098
svg/g_70/g_81/path_52,0.9000520000000001,1.0,0.0,0.0,0.38,0.628,0.0,0.0,0.0,0.4,0.5773502691896257,0.5261752136752137,0.9641928963326596,0.9670805659832515,0.6561867018934391,0.6632320563628361,0.9656367311579556,0.6597093791281375,0.0014438348252959862,0.003522677234698471,0.0,0.03961208481220151
svg/g_70/g_81/path_51,0.9000509999999999,1.0,0.0,0.0,0.38,0.628,0.0,0.0,0.0,0.4,0.5773502691896257,0.4949252136752137,0.9708345365290213,0.9844065838868035,0.6146191105239983,0.6646411272567153,0.9776205602079122,0.6396301188903568,0.0067860236788910375,0.025011008366358414,0.0,0.0874616963773913
svg/g_70/g_81/path_50,0.9000499999999999,1.0,0.0,0.0,0.38,0.628,0.0,0.0,0.0,0.4,0.5773502691896257,0.4636752136752137,0.9864279526422179,1.0,0.6146191105239983,0.6646411272567153,0.9932139763211091,0.6396301188903568,0.0067860236788910375,0.025011008366358414,0.0,0.08750216530799841
svg/g_70/g_80/path_49,0.9000490000000001,1.0,0.0,0.0,0.38,0.628,0.0,0.0,0.0,0.4,0.5773502691896257,0.5865384615384616,0.9312734623159109,0.9442679757435747,0.4624394539850287,0.5103478643769269,0.9377707190297427,0.4863936591809777,0.006497256713831939,0.023954205195949062,0.0,0.08782237742357
svg/g_70/g_80/path_48,0.9000480000000001,1.0,0.0,0.0,0.38,0.628,0.0,0.0,0.0,0.4,0.5773502691896257,0.5552884615384616,0.9471556453941667,0.9607276927519495,0.4624394539850287,0.5124614707177456,0.9539416690730579,0.4874504623513873,0.006786023678891365,0.025011008366358313,0.0,0.09037448741472082
svg/g_70/g_80/path_47,0.900047,1.0,0.0,0.0,0.38,0.628,0.0,0.0,0.0,0.4,0.5773502691896257,0.5240384615384616,0.9641928963326596,0.9670805659832515,0.5040070453544696,0.5110523998238663,0.9656367311579556,0.507529722589168,0.0014438348252959862,0.0035226772346983706,0.0,0.039612084812201236
svg/g_70/g_80/path_46,0.900046,1.0,0.0,0.0,0.38,0.628,0.0,0.0,0.0,0.4,0.5773502691896257,0.49278846153846156,0.9708345365290213,0.9844065838868035,0.46243945398502917,0.512461470717746,0.9776205602079122,0.48745046235138745,0.0067860236788910375,0.025011008366358414,0.0,0.08748593592339828
svg/g_70/g_80/path_45,0.900045,1.0,0.0,0.0,0.38,0.628,0.0,0.0,0.0,0.4,0.5773502691896257,0.46153846153846156,0.9864279526422179,1.0,0.46243945398502917,0.512461470717746,0.9932139763211091,0.48745046235138745,0.0067860236788910375,0.025011008366358414,0.0,0.08751974247399895
svg/g_70/g_79/path_44,0.9000440000000001,1.0,0.0,0.0,0.38,0.628,0.0,0.0,0.0,0.4,0.5773502691896257,0.5844017094017094,0.9312734623159109,0.9442679757435747,0.30744165565830045,0.35535006605019853,0.9377707190297427,0.3313958608542494,0.006497256713831939,0.023954205195949062,0.0,0.08782841436303289
svg/g_70/g_79/path_43,0.900043,1.0,0.0,0.0,0.38,0.628,0.0,0.0,0.0,0.4,0.5773502691896257,0.5531517094017094,0.9471556453941671,0.9607276927519498,0.30744165565830045,0.35535006605019837,0.9539416690730586,0.3313958608542494,0.006786023678891365,0.02395420519594886,0.0,0.09064033998312876
svg/g_70/g_79/path_42,0.900042,1.0,0.0,0.0,0.38,0.628,0.0,0.0,0.0,0.4,0.5773502691896257,0.5219017094017094,0.9641928963326596,0.9670805659832515,0.3490092470277412,0.35605460149713797,0.9656367311579556,0.3525319242624396,0.0014438348252959862,0.0035226772346983706,0.0,0.039612084812201236
svg/g_70/g_79/path_41,0.900041,1.0,0.0,0.0,0.38,0.628,0.0,0.0,0.0,0.4,0.5773502691896257,0.49065170940170943,0.9708345365290213,0.9844065838868035,0.30744165565830084,0.3574636723910177,0.9776205602079122,0.3324526640246591,0.0067860236788910375,0.025011008366358414,0.0,0.08751656816839376
svg/g_70/g_79/path_40,0.9000400000000001,1.0,0.0,0.0,0.38,0.628,0.0,0.0,0.0,0.4,0.5773502691896257,0.45940170940170943,0.9864279526422179,1.0,0.30744165565830084,0.3574636723910177,0.9932139763211091,0.3324526640246591,0.0067860236788910375,0.025011008366358414,0.0,0.08754637250114976
svg/g_70/g_78/path_39,0.900039,1.0,0.0,0.0,0.38,0.628,0.0,0.0,0.0,0.4,0.5773502691896257,0.5822649572649572,0.9309846953508519,0.944556742708634,0.1545574636723912,0.2059885512989873,0.9377707190297431,0.18027300748568936,0.0067860236788910375,0.025715543813298148,0.0,0.08864210680228288
svg/g_70/g_78/path_38,0.900038,1.0,0.0,0.0,0.38,0.628,0.0,0.0,0.0,0.4,0.5773502691896257,0.5510149572649572,0.9471556453941674,0.9607276927519495,0.15526199911933106,0.20528401585204767,0.9539416690730586,0.18027300748568936,0.0067860236788910375,0.025011008366358414,0.0,0.08751974247399891
svg/g_70/g_78/path_37,0.900037,1.0,0.0,0.0,0.38,0.628,0.0,0.0,0.0,0.4,0.5773502691896257,0.5197649572649572,0.9641928963326596,0.9670805659832515,0.19682959048877166,0.2038749449581684,0.9656367311579556,0.20035226772347003,0.0014438348252959862,0.0035226772346983706,0.0,0.039612084812201236
svg/g_70/g_78/path_36,0.9000360000000001,1.0,0.0,0.0,0.38,0.628,0.0,0.0,0.0,0.4,0.5773502691896257,0.48851495726495725,0.9708345365290213,0.9844065838868035,0.15526199911933106,0.20528401585204767,0.9776205602079122,0.18027300748568936,0.0067860236788910375,0.025011008366358414,0.0,0.08748593592339823
svg/g_70/g_78/path_35,0.900035,1.0,0.0,0.0,0.38,0.628,0.0,0.0,0.0,0.4,0.5773502691896257,0.45726495726495725,0.9864279526422179,1.0,0.15526199911933106,0.20528401585204767,0.9932139763211091,0.18027300748568936,0.0067860236788910375,0.025011008366358414,0.0,0.08751974247399892
svg/g_70/g_77/path_34,0.900034,1.0,0.0,0.0,0.38,0.628,0.0,0.0,0.0,0.4,0.5773502691896257,0.5801282051282051,0.9309846953508519,0.944556742708634,-0.007485689123734038,0.04324086305592262,0.9377707190297431,0.017877586966094393,0.0067860236788910375,0.02536327608982833,0.0,0.0885868944446153
svg/g_70/g_77/path_33,0.900033,1.0,0.0,0.0,0.38,0.628,0.0,0.0,0.0,0.4,0.5773502691896257,0.5488782051282051,0.9462893444989886,0.9601501588218306,-0.006781153676794204,0.04112725671510392,0.9532197516604096,0.017173051519154957,0.006930407161420997,0.023954205195949062,0.0,0.08809287419708776
svg/g_70/g_77/path_32,0.900032,1.0,0.0,0.0,0.38,0.628,0.0,0.0,0.0,0.4,0.5773502691896257,0.5176282051282051,0.9641928963326596,0.9670805659832515,0.03478643769264661,0.04183179216204335,0.9656367311579556,0.038309114927344984,0.0014438348252959862,0.0035226772346983706,0.0,0.039612084812201236
svg/g_70/g_77/path_31,0.900031,1.0,0.0,0.0,0.38,0.628,0.0,0.0,0.0,0.4,0.5773502691896257,0.4863782051282051,0.9708345365290213,0.9844065838868035,-0.0067811536767940035,0.04324086305592282,0.9776205602079122,0.01822985468956431,0.0067860236788910375,0.025011008366358414,0.0,0.08751656816839376
svg/g_70/g_77/path_30,0.90003,1.0,0.0,0.0,0.38,0.628,0.0,0.0,0.0,0.4,0.5773502691896257,0.4551282051282051,0.9864279526422179,1.0,-0.0067811536767940035,0.04324086305592282,0.9932139763211091,0.01822985468956431,0.0067860236788910375,0.025011008366358414,0.0,0.08754637250114976
svg/g_70/g_76/path_29,0.900029,1.0,0.0,0.0,0.38,0.628,0.0,0.0,0.0,0.4,0.5773502691896257,0.5779914529914529,0.9309846953508519,0.944556742708634,-0.15966534566270382,-0.10823425803610733,0.9377707190297431,-0.13394980184940547,0.0067860236788910375,0.025715543813298245,0.0,0.08866383547279329
svg/g_70/g_76/path_28,0.9000279999999999,1.0,0.0,0.0,0.38,0.628,0.0,0.0,0.0,0.4,0.5773502691896257,0.5467414529914529,0.9468668784291078,0.9607276927519495,-0.15825627476882415,-0.10964332892998659,0.9537972855905285,-0.13394980184940547,0.006930407161420833,0.02430647291941878,0.0,0.08482133416434098
svg/g_70/g_76/path_27,0.900027,1.0,0.0,0.0,0.38,0.628,0.0,0.0,0.0,0.4,0.5773502691896257,0.5154914529914529,0.9641928963326596,0.9670805659832515,-0.11739321884632296,-0.11034786437692623,0.9656367311579556,-0.11387054161162459,0.0014438348252959862,0.0035226772346983706,0.0,0.039612084812201236
svg/g_70/g_76/path_26,0.900026,1.0,0.0,0.0,0.38,0.628,0.0,0.0,0.0,0.4,0.5773502691896257,0.484241452991453,0.9708345365290213,0.9844065838868035,-0.15896081021576358,-0.10893879348304676,0.9776205602079122,-0.13394980184940508,0.0067860236788910375,0.025011008366358414,0.0,0.08748593592339825
svg/g_70/g_76/path_25,0.900025,1.0,0.0,0.0,0.38,0.628,0.0,0.0,0.0,0.4,0.5773502691896257,0.452991452991453,0.9864279526422179,1.0,-0.15896081021576358,-0.10893879348304676,0.9932139763211091,-0.13394980184940508,0.0067860236788910375,0.025011008366358414,0.0,0.08751974247399895
svg/g_70/g_75/path_24,0.9000239999999999,1.0,0.0,0.0,0.38,0.628,0.0,0.0,0.0,0.4,0.5773502691896257,0.5758547008547008,0.9309846953508519,0.944556742708634,-0.3160722148833112,-0.2653456627036546,0.9377707190297431,-0.29070893879348286,0.0067860236788910375,0.02536327608982823,0.0,0.0886257265014514
svg/g_70/g_75/path_23,0.900023,1.0,0.0,0.0,0.38,0.628,0.0,0.0,0.0,0.4,0.5773502691896257,0.5446047008547008,0.9471556453941667,0.9607276927519495,-0.31466314398943185,-0.2646411272567149,0.9539416690730579,-0.2896521356230734,0.006786023678891365,0.025011008366358462,0.0,0.09041112088122938
svg/g_70/g_75/path_22,0.900022,1.0,0.0,0.0,0.38,0.628,0.0,0.0,0.0,0.4,0.5773502691896257,0.5133547008547008,0.9641928963326596,0.9670805659832515,-0.27380008806693074,-0.266754733597534,0.9656367311579556,-0.2702774108322324,0.0014438348252959862,0.0035226772346983706,0.0,0.039612084812201236
svg/g_70/g_75/path_21,0.900021,1.0,0.0,0.0,0.38,0.628,0.0,0.0,0.0,0.4,0.5773502691896257,0.48210470085470086,0.9708345365290213,0.9844065838868035,-0.31536767943637145,-0.2653456627036546,0.9776205602079122,-0.29035667107001306,0.0067860236788910375,0.025011008366358414,0.0,0.08746169637739132
svg/g_70/g_75/path_20,0.9000199999999999,1.0,0.0,0.0,0.38,0.628,0.0,0.0,0.0,0.4,0.5773502691896257,0.45085470085470086,0.9864279526422179,1.0,-0.31536767943637145,-0.2653456627036546,0.9932139763211091,-0.29035667107001306,0.0067860236788910375,0.025011008366358414,0.0,0.08750216530799843
svg/g_70/g_74/path_19,0.900019,1.0,0.0,0.0,0.38,0.628,0.0,0.0,0.0,0.4,0.5773502691896257,0.5737179487179487,0.9309846953508519,0.944556742708634,-0.47247908410391876,-0.4217525319242623,0.9377707190297431,-0.44711580801409057,0.0067860236788910375,0.02536327608982823,0.0,0.08860867189167414
svg/g_70/g_74/path_18,0.900018,1.0,0.0,0.0,0.38,0.628,0.0,0.0,0.0,0.4,0.5773502691896257,0.5424679487179487,0.9471556453941671,0.9607276927519498,-0.47177454865697915,-0.42316160281814147,0.9539416690730586,-0.44746807573756026,0.006786023678891365,0.02430647291941878,0.0,0.09061827089276027
svg/g_70/g_74/path_17,0.900017,1.0,0.0,0.0,0.38,0.628,0.0,0.0,0.0,0.4,0.5773502691896257,0.5112179487179487,0.9641928963326596,0.9670805659832515,-0.4302069572875383,-0.4231616028181416,0.9656367311579556,-0.42668428005284,0.0014438348252959862,0.0035226772346983706,0.0,0.039612084812201236
svg/g_70/g_74/path_16,0.9000159999999999,1.0,0.0,0.0,0.38,0.628,0.0,0.0,0.0,0.4,0.5773502691896257,0.47996794871794873,0.9708345365290213,0.9844065838868035,-0.47177454865697915,-0.4217525319242623,0.9776205602079122,-0.4467635402906207,0.0067860236788910375,0.025011008366358414,0.0,0.08751656816839375
svg/g_70/g_74/path_15,0.9000149999999999,1.0,0.0,0.0,0.38,0.628,0.0,0.0,0.0,0.4,0.5773502691896257,0.44871794871794873,0.9864279526422179,1.0,-0.47177454865697915,-0.4217525319242623,0.9932139763211091,-0.4467635402906207,0.0067860236788910375,0.025011008366358414,0.0,0.08754637250114974
svg/g_70/g_73/path_14,0.9000140000000001,1.0,0.0,0.0,0.38,0.628,0.0,0.0,0.0,0.4,0.5773502691896257,0.5715811965811965,0.9309846953508519,0.9448455096736936,-0.6281814178775869,-0.5795684720387493,0.9379151025122726,-0.6038749449581681,0.006930407161420833,0.02430647291941878,0.0,0.08482133416434098
svg/g_70/g_73/path_13,0.900013,1.0,0.0,0.0,0.38,0.628,0.0,0.0,0.0,0.4,0.5773502691896257,0.5403311965811965,0.9471556453941674,0.9607276927519495,-0.6281814178775869,-0.57815940114487,0.9539416690730586,-0.6031704095112285,0.0067860236788910375,0.025011008366358414,0.0,0.08754637250114973
svg/g_70/g_73/path_12,0.9000119999999999,1.0,0.0,0.0,0.38,0.628,0.0,0.0,0.0,0.4,0.5773502691896257,0.5090811965811965,0.9641928963326596,0.9670805659832515,-0.586613826508146,-0.5795684720387493,0.9656367311579556,-0.5830911492734476,0.0014438348252959862,0.0035226772346983706,0.0,0.039612084812201236
svg/g_70/g_73/path_11,0.9000109999999999,1.0,0.0,0.0,0.38,0.628,0.0,0.0,0.0,0.4,0.5773502691896257,0.47783119658119655,0.9708345365290213,0.9844065838868035,-0.6281814178775869,-0.57815940114487,0.9776205602079122,-0.6031704095112285,0.0067860236788910375,0.025011008366358414,0.0,0.08751656816839375
svg/g_70/g_73/path_10,0.9000100000000001,1.0,0.0,0.0,0.38,0.628,0.0,0.0,0.0,0.4,0.5773502691896257,0.44658119658119655,0.9864279526422179,1.0,-0.6281814178775869,-0.57815940114487,0.9932139763211091,-0.6031704095112285,0.0067860236788910375,0.025011008366358414,0.0,0.08754637250114974
svg/g_70/g_72/path_9,0.9000090000000001,1.0,0.0,0.0,0.38,0.628,0.0,0.0,0.0,0.4,0.5773502691896257,0.5694444444444444,0.9309846953508519,0.9448455096736936,-0.7803610744165564,-0.731748128577719,0.9379151025122726,-0.7560546014971377,0.006930407161420833,0.024306472919418752,0.0,0.08482133416434098
svg/g_70/g_72/path_8,0.900008,1.0,0.0,0.0,0.38,0.628,0.0,0.0,0.0,0.4,0.5773502691896257,0.5381944444444444,0.9462893444989886,0.9601501588218306,-0.7803610744165564,-0.7324526640246586,0.9532197516604096,-0.7564068692206075,0.006930407161420997,0.023954205195948885,0.0,0.08810336303664325
svg/g_70/g_72/path_7,0.900007,1.0,0.0,0.0,0.38,0.628,0.0,0.0,0.0,0.4,0.5773502691896257,0.5069444444444444,0.9641928963326596,0.9670805659832515,-0.7387934830471157,-0.731748128577719,0.9656367311579556,-0.7352708058124173,0.0014438348252959862,0.0035226772346983706,0.0,0.039612084812201236
svg/g_70/g_72/path_6,0.9000060000000001,1.0,0.0,0.0,0.38,0.628,0.0,0.0,0.0,0.4,0.5773502691896257,0.4756944444444444,0.9708345365290213,0.9844065838868035,-0.7803610744165566,-0.7303390576838397,0.9776205602079122,-0.7553500660501979,0.0067860236788910375,0.025011008366358438,0.0,0.08746169637739132
svg/g_70/g_72/path_5,0.900005,1.0,0.0,0.0,0.38,0.628,0.0,0.0,0.0,0.4,0.5773502691896257,0.4444444444444444,0.9864279526422179,1.0,-0.7803610744165566,-0.7303390576838397,0.9932139763211091,-0.7553500660501979,0.0067860236788910375,0.025011008366358438,0.0,0.08750216530799841
svg/g_70/g_71/path_4,0.900004,1.0,0.0,0.0,0.38,0.628,0.0,0.0,0.0,0.4,0.5773502691896257,0.5673076923076923,0.9309846953508519,0.9448455096736936,-0.940995156318802,-0.8923822104799647,0.9379151025122726,-0.9166886833993834,0.006930407161420833,0.024306472919418752,0.0,0.08482133416434098
svg/g_70/g_71/path_3,0.900003,1.0,0.0,0.0,0.38,0.628,0.0,0.0,0.0,0.4,0.5773502691896257,0.5360576923076923,0.9468668784291078,0.9607276927519495,-0.940995156318802,-0.8923822104799647,0.9537972855905285,-0.9166886833993834,0.006930407161420833,0.024306472919418752,0.0,0.08482133416434098
svg/g_70/g_71/path_2,0.9000020000000001,1.0,0.0,0.0,0.38,0.628,0.0,0.0,0.0,0.4,0.5773502691896257,0.5048076923076923,0.9641928963326596,0.9670805659832515,-0.900132100396301,-0.8930867459269043,0.9656367311579556,-0.8966094231616026,0.0014438348252959862,0.0035226772346983706,0.0,0.039612084812201236
svg/g_70/g_71/path_1,0.900001,1.0,0.0,0.0,0.38,0.628,0.0,0.0,0.0,0.4,0.5773502691896257,0.4735576923076923,0.9708345365290213,0.9844065838868035,-0.9416996917657418,-0.8916776750330249,0.9776205602079122,-0.9166886833993834,0.0067860236788910375,0.025011008366358438,0.0,0.08748593592339825
svg/g_70/g_71/path,0.9,1.0,0.0,0.0,0.38,0.628,0.0,0.0,0.0,0.4,0.5773502691896257,0.4423076923076923,0.9864279526422179,1.0,-0.9416996917657418,-0.8916776750330249,0.9932139763211091,-0.9166886833993834,0.0067860236788910375,0.025011008366358438,0.0,0.08751974247399895
svg/g/g_69/line_117,0.6501170000000001,1.0,0.0,0.0,0.0,0.4,0.2382716049382716,0.5421686746987951,0.5117647058823529,0.6168635277979974,1.0,0.375,-0.8411781692174417,-0.80219462893445,-0.0335535006605019,0.06719506825187158,-0.8216863990759459,0.01682078379568484,0.019491770141495817,0.05037428445618674,0.0,0.09490532902787002
svg/g/g_69/line_116,0.650116,1.0,0.0,0.0,0.0,0.4,0.2382716049382716,0.5421686746987951,0.5117647058823529,0.6168635277979974,1.0,0.34375,-0.8408894022523824,-0.80219462893445,-0.0335535006605019,0.06719506825187158,-0.8215420155934162,0.01682078379568484,0.019347386658966226,0.05037428445618674,0.0,0.09479905883572047
svg/g/g_68/line_115,0.650115,1.0,0.0,0.0,0.0,0.4,0.2382716049382716,0.5421686746987951,0.5117647058823529,0.6168635277979974,1.0,0.37286324786324787,-0.7138319376263356,-0.674848397343344,0.4363716424482609,0.5364156759136945,-0.6943401674848398,0.4863936591809777,0.019491770141495834,0.05002201673271683,0.0,0.09479088496382124
svg/g/g_68/line_114,0.650114,1.0,0.0,0.0,0.0,0.4,0.2382716049382716,0.5421686746987951,0.5117647058823529,0.6168635277979974,1.0,0.34161324786324787,-0.7135431706612765,-0.674848397343344,0.4363716424482609,0.5364156759136945,-0.6941957840023102,0.4863936591809777,0.019347386658966226,0.05002201673271683,0.0,0.09468360661569612
svg/g/g_67/line_113,0.650113,1.0,0.0,0.0,0.0,0.4,0.2382716049382716,0.5421686746987951,0.5117647058823529,0.6168635277979974,1.0,0.37072649572649574,-0.7138319376263356,-0.674848397343344,0.28066930867459294,0.3814178775869662,-0.6943401674848398,0.33104359313077947,0.019491770141495834,0.05037428445618665,0.0,0.09490532902787001
svg/g/g_67/line_112,0.650112,1.0,0.0,0.0,0.0,0.4,0.2382716049382716,0.5421686746987951,0.5117647058823529,0.6168635277979974,1.0,0.33947649572649574,-0.7135431706612765,-0.674848397343344,0.28066930867459294,0.3814178775869662,-0.6941957840023102,0.33104359313077947,0.019347386658966226,0.05037428445618665,0.0,0.09479905883572042
svg/g/g_66/line_111,0.650111,1.0,0.0,0.0,0.0,0.4,0.2382716049382716,0.5421686746987951,0.5117647058823529,0.6168635277979974,1.0,0.3685897435897436,-0.7138319376263356,-0.674848397343344,0.12214883311316625,0.2221928665785999,-0.6943401674848398,0.17217084984588307,0.019491770141495834,0.05002201673271683,0.0,0.09479088496382124
svg/g/g_66/line_110,0.65011,1.0,0.0,0.0,0.0,0.4,0.2382716049382716,0.5421686746987951,0.5117647058823529,0.6168635277979974,1.0,0.3373397435897436,-0.7135431706612765,-0.674848397343344,0.12214883311316625,0.2221928665785999,-0.6941957840023102,0.17217084984588307,0.019347386658966226,0.05002201673271683,0.0,0.09468360661569612
svg/g/g_65/line_109,0.650109,1.0,0.0,0.0,0.0,0.4,0.2382716049382716,0.5421686746987951,0.5117647058823529,0.6168635277979974,1.0,0.3664529914529915,-0.7138319376263356,-0.674848397343344,-0.03003082342580353,0.07071774548656995,-0.6943401674848398,0.02034346103038321,0.019491770141495834,0.05037428445618674,0.0,0.09490532902787004
svg/g/g_65/line_108,0.650108,1.0,0.0,0.0,0.0,0.4,0.2382716049382716,0.5421686746987951,0.5117647058823529,0.6168635277979974,1.0,0.3352029914529915,-0.7135431706612765,-0.674848397343344,-0.03003082342580353,0.07071774548656995,-0.6941957840023102,0.02034346103038321,0.019347386658966226,0.05037428445618674,0.0,0.09479905883572047
svg/g/g_64/line_107,0.650107,1.0,0.0,0.0,0.0,0.4,0.2382716049382716,0.5421686746987951,0.5117647058823529,0.6168635277979974,1.0,0.36431623931623935,-0.21137741842333235,-0.17239387814034074,0.12214883311316625,0.2221928665785999,-0.19188564828183655,0.17217084984588307,0.019491770141495817,0.05002201673271683,0.0,0.09479088496382121
svg/g/g_64/line_106,0.650106,1.0,0.0,0.0,0.0,0.4,0.2382716049382716,0.5421686746987951,0.5117647058823529,0.6168635277979974,1.0,0.33306623931623935,-0.21108865145827327,-0.17239387814034074,0.12214883311316625,0.2221928665785999,-0.19174126479930692,0.17217084984588307,0.019347386658966265,0.05002201673271683,0.0,0.09468360661569615
svg/g/g_63/line_105,0.6501049999999999,1.0,0.0,0.0,0.0,0.4,0.2382716049382716,0.5421686746987951,0.5117647058823529,0.6168635277979974,1.0,0.36217948717948717,-0.21137741842333235,-0.17239387814034074,-0.03707617789520027,0.06367239101717322,-0.19188564828183655,0.01329810656098647,0.019491770141495817,0.05037428445618674,0.0,0.09490532902787002
svg/g/g_63/line_104,0.650104,1.0,0.0,0.0,0.0,0.4,0.2382716049382716,0.5421686746987951,0.5117647058823529,0.6168635277979974,1.0,0.33092948717948717,-0.21108865145827327,-0.17239387814034074,-0.03707617789520027,0.06367239101717322,-0.19174126479930692,0.01329810656098647,0.019347386658966265,0.05037428445618674,0.0,0.09479905883572048
svg/g/g_62/line_103,0.650103,1.0,0.0,0.0,0.0,0.4,0.2382716049382716,0.5421686746987951,0.5117647058823529,0.6168635277979974,1.0,0.36004273504273504,-0.21137741842333235,-0.17239387814034074,-0.18925583443416985,-0.08850726552179637,-0.19188564828183655,-0.1388815499779831,0.019491770141495817,0.05037428445618674,0.0,0.09490532902787002
svg/g/g_62/line_102,0.650102,1.0,0.0,0.0,0.0,0.4,0.2382716049382716,0.5421686746987951,0.5117647058823529,0.6168635277979974,1.0,0.32879273504273504,-0.21108865145827327,-0.17239387814034074,-0.18925583443416985,-0.08850726552179637,-0.19174126479930692,-0.1388815499779831,0.019347386658966265,0.05037428445618674,0.0,0.09479905883572048
svg/g/g_61/line_101,0.6501009999999999,1.0,0.0,0.0,0.0,0.4,0.2382716049382716,0.5421686746987951,0.5117647058823529,0.6168635277979974,1.0,0.3579059829059829,-0.08403118683222648,-0.04504764654923484,0.27714663143989454,0.37789520035226787,-0.06453941669073066,0.3275209158960811,0.019491770141495817,0.05037428445618665,0.0,0.09490532902786998
svg/g/g_61/line_100,0.6501,1.0,0.0,0.0,0.0,0.4,0.2382716049382716,0.5421686746987951,0.5117647058823529,0.6168635277979974,1.0,0.3266559829059829,-0.08374241986716721,-0.04504764654923484,0.27714663143989454,0.37789520035226787,-0.06439503320820102,0.3275209158960811,0.01934738665896618,0.05037428445618665,0.0,0.0947990588357204
svg/g/g_60/line_99,0.650099,1.0,0.0,0.0,0.0,0.4,0.2382716049382716,0.5421686746987951,0.5117647058823529,0.6168635277979974,1.0,0.3557692307692308,-0.08403118683222648,-0.04504764654923484,0.11862615587846788,0.21867018934390153,-0.06453941669073066,0.1686481726111847,0.019491770141495817,0.05002201673271683,0.0,0.09479088496382121
svg/g/g_60/line_98,0.650098,1.0,0.0,0.0,0.0,0.4,0.2382716049382716,0.5421686746987951,0.5117647058823529,0.6168635277979974,1.0,0.3245192307692308,-0.08374241986716721,-0.04504764654923484,0.11862615587846788,0.21867018934390153,-0.06439503320820102,0.1686481726111847,0.01934738665896618,0.05002201673271683,0.0,0.0946836066156961
svg/g/g_59/line_97,0.6500969999999999,1.0,0.0,0.0,0.0,0.4,0.2382716049382716,0.5421686746987951,0.5117647058823529,0.6168635277979974,1.0,0.3536324786324786,-0.08403118683222648,-0.04504764654923484,-0.0335535006605019,0.06719506825187158,-0.06453941669073066,0.01682078379568484,0.019491770141495817,0.05037428445618674,0.0,0.09490532902787002
svg/g/g_59/line_96,0.650096,1.0,0.0,0.0,0.0,0.4,0.2382716049382716,0.5421686746987951,0.5117647058823529,0.6168635277979974,1.0,0.3223824786324786,-0.08374241986716721,-0.04504764654923484,-0.0335535006605019,0.06719506825187158,-0.06439503320820102,0.01682078379568484,0.01934738665896618,0.05037428445618674,0.0,0.09479905883572042
svg/g/g_58/line_95,0.650095,1.0,0.0,0.0,0.0,0.4,0.2382716049382716,0.5421686746987951,0.5117647058823529,0.6168635277979974,1.0,0.35149572649572647,0.04447011261911631,0.08316488593704885,0.4384852487890798,0.5392338177014533,0.06381749927808267,0.48885953324526654,0.019347386658966265,0.05037428445618674,0.0,0.09479905883572048
svg/g/g_58/line_94,0.650094,1.0,0.0,0.0,0.0,0.4,0.2382716049382716,0.5421686746987951,0.5117647058823529,0.6168635277979974,1.0,0.32024572649572647,0.04447011261911631,0.08345365290210795,0.4384852487890798,0.5392338177014533,0.06396188276061213,0.48885953324526654,0.019491770141495817,0.05037428445618674,0.0,0.09490532902787002
svg/g/g_57/line_93,0.6500929999999999,1.0,0.0,0.0,0.0,0.4,0.2382716049382716,0.5421686746987951,0.5117647058823529,0.6168635277979974,1.0,0.34935897435897434,0.04447011261911631,0.08316488593704885,0.27926023778071346,0.38000880669308695,0.06381749927808267,0.3296345222369002,0.019347386658966265,0.05037428445618674,0.0,0.09479905883572048
svg/g/g_57/line_92,0.6500920000000001,1.0,0.0,0.0,0.0,0.4,0.2382716049382716,0.5421686746987951,0.5117647058823529,0.6168635277979974,1.0,0.31810897435897434,0.04447011261911631,0.08345365290210795,0.27926023778071346,0.38000880669308695,0.06396188276061213,0.3296345222369002,0.019491770141495817,0.05037428445618674,0.0,0.09490532902787002
svg/g/g_56/line_91,0.6500910000000001,1.0,0.0,0.0,0.0,0.4,0.2382716049382716,0.5421686746987951,0.5117647058823529,0.6168635277979974,1.0,0.3472222222222222,0.16806237366445279,0.20675714698238531,0.5927785116688684,0.6928225451343023,0.18740976032341897,0.6428005284015853,0.019347386658966265,0.05002201673271692,0.0,0.09468360661569619
svg/g/g_56/line_90,0.6500900000000001,1.0,0.0,0.0,0.0,0.4,0.2382716049382716,0.5421686746987951,0.5117647058823529,0.6168635277979974,1.0,0.3159722222222222,0.16806237366445279,0.2070459139474444,0.5927785116688684,0.6928225451343023,0.1875541438059486,0.6428005284015853,0.019491770141495817,0.05002201673271692,0.0,0.09479088496382124
svg/g/g_55/line_89,0.6500889999999999,1.0,0.0,0.0,0.0,0.4,0.2382716049382716,0.5421686746987951,0.5117647058823529,0.6168635277979974,1.0,0.3450854700854701,0.16806237366445279,0.20675714698238531,0.43355350066050213,0.5343020695728756,0.18740976032341897,0.4839277851166889,0.019347386658966265,0.05037428445618674,0.0,0.09479905883572048
svg/g/g_55/line_88,0.6500879999999999,1.0,0.0,0.0,0.0,0.4,0.2382716049382716,0.5421686746987951,0.5117647058823529,0.6168635277979974,1.0,0.3138354700854701,0.16806237366445279,0.2070459139474444,0.43355350066050213,0.5343020695728756,0.1875541438059486,0.4839277851166889,0.019491770141495817,0.05037428445618674,0.0,0.09490532902787002
svg/g/g_54/line_87,0.6500870000000001,1.0,0.0,0.0,0.0,0.4,0.2382716049382716,0.5421686746987951,0.5117647058823529,0.6168635277979974,1.0,0.34294871794871795,0.29540860525555884,0.3341033785734912,0.5927785116688684,0.6928225451343023,0.314755991914525,0.6428005284015853,0.01934738665896618,0.05002201673271692,0.0,0.09468360661569612
svg/g/g_54/line_86,0.650086,1.0,0.0,0.0,0.0,0.4,0.2382716049382716,0.5421686746987951,0.5117647058823529,0.6168635277979974,1.0,0.31169871794871795,0.29540860525555884,0.33439214553855046,0.5927785116688684,0.6928225451343023,0.3149003753970547,0.6428005284015853,0.019491770141495817,0.05002201673271692,0.0,0.09479088496382124
svg/g/g_53/line_85,0.650085,1.0,0.0,0.0,0.0,0.4,0.2382716049382716,0.5421686746987951,0.5117647058823529,0.6168635277979974,1.0,0.3408119658119658,0.29540860525555884,0.3341033785734912,0.43355350066050213,0.5343020695728756,0.314755991914525,0.4839277851166889,0.01934738665896618,0.05037428445618674,0.0,0.09479905883572042
svg/g/g_53/line_84,0.650084,1.0,0.0,0.0,0.0,0.4,0.2382716049382716,0.5421686746987951,0.5117647058823529,0.6168635277979974,1.0,0.3095619658119658,0.29540860525555884,0.33439214553855046,0.43355350066050213,0.5343020695728756,0.3149003753970547,0.4839277851166889,0.019491770141495817,0.05037428445618674,0.0,0.09490532902787002
svg/g/g_52/line_83,0.6500830000000001,1.0,0.0,0.0,0.0,0.4,0.2382716049382716,0.5421686746987951,0.5117647058823529,0.6168635277979974,1.0,0.3386752136752137,0.29540860525555884,0.3341033785734912,0.2820783795684722,0.38212241303390587,0.314755991914525,0.33210039630118904,0.01934738665896618,0.05002201673271683,0.0,0.0946836066156961
svg/g/g_52/line_82,0.650082,1.0,0.0,0.0,0.0,0.4,0.2382716049382716,0.5421686746987951,0.5117647058823529,0.6168635277979974,1.0,0.3074252136752137,0.29540860525555884,0.33439214553855046,0.2820783795684722,0.38212241303390587,0.3149003753970547,0.33210039630118904,0.019491770141495817,0.05002201673271683,0.0,0.09479088496382121
svg/g/g_51/line_81,0.650081,1.0,0.0,0.0,0.0,0.4,0.2382716049382716,0.5421686746987951,0.5117647058823529,0.6168635277979974,1.0,0.33653846153846156,0.42073346809125073,0.4597170083742422,0.43284896521356253,0.5335975341259358,0.44022523823274634,0.4832232496697492,0.019491770141495817,0.05037428445618665,0.0,0.09490532902786998
svg/g/g_51/line_80,0.65008,1.0,0.0,0.0,0.0,0.4,0.2382716049382716,0.5421686746987951,0.5117647058823529,0.6168635277979974,1.0,0.30528846153846156,0.42102223505630965,0.4597170083742422,0.43284896521356253,0.5335975341259358,0.4403696217152758,0.4832232496697492,0.01934738665896635,0.05037428445618665,0.0,0.09479905883572053
svg/g/g_50/line_79,0.6500790000000001,1.0,0.0,0.0,0.0,0.4,0.2382716049382716,0.5421686746987951,0.5117647058823529,0.6168635277979974,1.0,0.33440170940170943,0.42073346809125073,0.4597170083742422,0.2743284896521358,0.3750770585645091,0.44022523823274634,0.32470277410832254,0.019491770141495817,0.05037428445618665,0.0,0.09490532902786998
svg/g/g_50/line_78,0.650078,1.0,0.0,0.0,0.0,0.4,0.2382716049382716,0.5421686746987951,0.5117647058823529,0.6168635277979974,1.0,0.30315170940170943,0.42102223505630965,0.4597170083742422,0.2743284896521358,0.3750770585645091,0.4403696217152758,0.32470277410832254,0.01934738665896635,0.05037428445618665,0.0,0.09479905883572053
svg/g/g_49/line_77,0.650077,1.0,0.0,0.0,0.0,0.4,0.2382716049382716,0.5421686746987951,0.5117647058823529,0.6168635277979974,1.0,0.33226495726495725,0.42073346809125073,0.4597170083742422,0.12214883311316625,0.22289740202553954,0.44022523823274634,0.1725231175693528,0.019491770141495817,0.05037428445618665,0.0,0.09490532902786998
svg/g/g_49/line_76,0.650076,1.0,0.0,0.0,0.0,0.4,0.2382716049382716,0.5421686746987951,0.5117647058823529,0.6168635277979974,1.0,0.30101495726495725,0.42102223505630965,0.4597170083742422,0.12214883311316625,0.22289740202553954,0.4403696217152758,0.1725231175693528,0.01934738665896635,0.05037428445618665,0.0,0.09479905883572053
svg/g/g_48/line_75,0.650075,1.0,0.0,0.0,0.0,0.4,0.2382716049382716,0.5421686746987951,0.5117647058823529,0.6168635277979974,1.0,0.3301282051282051,0.42073346809125073,0.4597170083742422,-0.0314398943196828,0.06930867459269069,0.44022523823274634,0.018934390136503942,0.019491770141495817,0.05037428445618674,0.0,0.09490532902787002
svg/g/g_48/line_74,0.650074,1.0,0.0,0.0,0.0,0.4,0.2382716049382716,0.5421686746987951,0.5117647058823529,0.6168635277979974,1.0,0.2988782051282051,0.42102223505630965,0.4597170083742422,-0.0314398943196828,0.06930867459269069,0.4403696217152758,0.018934390136503942,0.01934738665896635,0.05037428445618674,0.0,0.09479905883572055
svg/g/g_47/line_73,0.650073,1.0,0.0,0.0,0.0,0.4,0.2382716049382716,0.5421686746987951,0.5117647058823529,0.6168635277979974,1.0,0.327991452991453,0.42073346809125073,0.4597170083742422,-0.18855129898723022,-0.08780273007485673,0.44022523823274634,-0.13817701453104347,0.019491770141495817,0.05037428445618674,0.0,0.09490532902787002
svg/g/g_47/line_72,0.650072,1.0,0.0,0.0,0.0,0.4,0.2382716049382716,0.5421686746987951,0.5117647058823529,0.6168635277979974,1.0,0.296741452991453,0.42102223505630965,0.4597170083742422,-0.18855129898723022,-0.08780273007485673,0.4403696217152758,-0.13817701453104347,0.01934738665896635,0.05037428445618674,0.0,0.09479905883572055
svg/g/g_46/line_71,0.650071,1.0,0.0,0.0,0.0,0.4,0.2382716049382716,0.5421686746987951,0.5117647058823529,0.6168635277979974,1.0,0.32585470085470086,0.5495235345076522,0.5885070747906439,0.11580801409070914,0.2158520475561428,0.5690153046491481,0.16583003082342596,0.019491770141495817,0.05002201673271683,0.0,0.09479088496382121
svg/g/g_46/line_70,0.65007,1.0,0.0,0.0,0.0,0.4,0.2382716049382716,0.5421686746987951,0.5117647058823529,0.6168635277979974,1.0,0.29460470085470086,0.5498123014727115,0.5885070747906439,0.11580801409070914,0.2158520475561428,0.5691596881316775,0.16583003082342596,0.01934738665896618,0.05002201673271683,0.0,0.0946836066156961
svg/g/g_45/line_69,0.650069,1.0,0.0,0.0,0.0,0.4,0.2382716049382716,0.5421686746987951,0.5117647058823529,0.6168635277979974,1.0,0.32371794871794873,0.5495235345076522,0.5885070747906439,-0.04341699691765718,0.057331571994716106,0.5690153046491481,0.006957287538529362,0.019491770141495817,0.05037428445618665,0.0,0.09490532902786998
svg/g/g_45/line_68,0.650068,1.0,0.0,0.0,0.0,0.4,0.2382716049382716,0.5421686746987951,0.5117647058823529,0.6168635277979974,1.0,0.29246794871794873,0.5498123014727115,0.5885070747906439,-0.04341699691765718,0.057331571994716106,0.5691596881316775,0.006957287538529362,0.01934738665896618,0.05037428445618665,0.0,0.0947990588357204
svg/g/g_44/line_67,0.650067,1.0,0.0,0.0,0.0,0.4,0.2382716049382716,0.5421686746987951,0.5117647058823529,0.6168635277979974,1.0,0.32158119658119655,0.5495235345076522,0.5885070747906439,-0.19559665345662697,-0.09484808454425347,0.5690153046491481,-0.14522236900044022,0.019491770141495817,0.05037428445618674,0.0,0.09490532902787002
svg/g/g_44/line_66,0.650066,1.0,0.0,0.0,0.0,0.4,0.2382716049382716,0.5421686746987951,0.5117647058823529,0.6168635277979974,1.0,0.29033119658119655,0.5498123014727115,0.5885070747906439,-0.19559665345662697,-0.09484808454425347,0.5691596881316775,-0.14522236900044022,0.01934738665896618,0.05037428445618674,0.0,0.09479905883572042
svg/g/g_43/line_65,0.650065,1.0,0.0,0.0,0.0,0.4,0.2382716049382716,0.5421686746987951,0.5117647058823529,0.6168635277979974,1.0,0.3194444444444444,0.5495235345076522,0.5885070747906439,-0.3491853808894758,-0.2484368119771024,0.5690153046491481,-0.2988110964332892,0.019491770141495817,0.050374284456186684,0.0,0.09490532902787001
svg/g/g_43/line_64,0.650064,1.0,0.0,0.0,0.0,0.4,0.2382716049382716,0.5421686746987951,0.5117647058823529,0.6168635277979974,1.0,0.2881944444444444,0.5498123014727115,0.5885070747906439,-0.3491853808894758,-0.2484368119771024,0.5691596881316775,-0.2988110964332892,0.01934738665896618,0.050374284456186684,0.0,0.09479905883572042
svg/g/g_42/line_63,0.650063,1.0,0.0,0.0,0.0,0.4,0.2382716049382716,0.5421686746987951,0.5117647058823529,0.6168635277979974,1.0,0.3173076923076923,0.6736933294831071,0.7126768697660987,0.11862615587846788,0.21937472479084116,0.693185099624603,0.16900044033465442,0.019491770141495817,0.05037428445618665,0.0,0.09490532902786998
svg/g/g_42/line_62,0.650062,1.0,0.0,0.0,0.0,0.4,0.2382716049382716,0.5421686746987951,0.5117647058823529,0.6168635277979974,1.0,0.2860576923076923,0.6736933294831071,0.7126768697660987,0.11862615587846788,0.21937472479084116,0.693185099624603,0.16900044033465442,0.019491770141495817,0.05037428445618665,0.0,0.09490532902786998
svg/g/g_41/line_61,0.650061,1.0,0.0,0.0,0.0,0.4,0.2382716049382716,0.5421686746987951,0.5117647058823529,0.6168635277979974,1.0,0.31517094017094016,0.6736933294831071,0.7126768697660987,-0.03989431968295881,0.06085424922941447,0.693185099624603,0.010479964773227733,0.019491770141495817,0.05037428445618665,0.0,0.09490532902786998
svg/g/g_41/line_60,0.65006,1.0,0.0,0.0,0.0,0.4,0.2382716049382716,0.5421686746987951,0.5117647058823529,0.6168635277979974,1.0,0.28392094017094016,0.6736933294831071,0.7126768697660987,-0.03989431968295881,0.06085424922941447,0.693185099624603,0.010479964773227733,0.019491770141495817,0.05037428445618665,0.0,0.09490532902786998
svg/g/g_40/line_59,0.6500589999999999,1.0,0.0,0.0,0.0,0.4,0.2382716049382716,0.5421686746987951,0.5117647058823529,0.6168635277979974,1.0,0.31303418803418803,0.6736933294831071,0.7126768697660987,-0.1920739762219286,-0.0913254073095551,0.693185099624603,-0.14169969176574185,0.019491770141495817,0.05037428445618674,0.0,0.09490532902787002
svg/g/g_40/line_58,0.6500579999999999,1.0,0.0,0.0,0.0,0.4,0.2382716049382716,0.5421686746987951,0.5117647058823529,0.6168635277979974,1.0,0.28178418803418803,0.6736933294831071,0.7126768697660987,-0.1920739762219286,-0.0913254073095551,0.693185099624603,-0.14169969176574185,0.019491770141495817,0.05037428445618674,0.0,0.09490532902787002
svg/g/g_39/line_57,0.650057,1.0,0.0,0.0,0.0,0.4,0.2382716049382716,0.5421686746987951,0.5117647058823529,0.6168635277979974,1.0,0.3108974358974359,0.6736933294831071,0.7126768697660987,-0.3456627036547774,-0.24491413474240406,0.693185099624603,-0.2952884191985908,0.019491770141495817,0.050374284456186684,0.0,0.09490532902787001
svg/g/g_39/line_56,0.650056,1.0,0.0,0.0,0.0,0.4,0.2382716049382716,0.5421686746987951,0.5117647058823529,0.6168635277979974,1.0,0.2796474358974359,0.6736933294831071,0.7126768697660987,-0.3456627036547774,-0.24491413474240406,0.693185099624603,-0.2952884191985908,0.019491770141495817,0.050374284456186684,0.0,0.09490532902787001
svg/g/g_38/line_55,0.6500549999999999,1.0,0.0,0.0,0.0,0.4,0.2382716049382716,0.5421686746987951,0.5117647058823529,0.6168635277979974,1.0,0.3087606837606838,0.6736933294831071,0.7126768697660987,-0.4985468956406867,-0.39779832672831333,0.693185099624603,-0.4481726111845001,0.019491770141495817,0.050374284456186684,0.0,0.09490532902787001
svg/g/g_38/line_54,0.6500539999999999,1.0,0.0,0.0,0.0,0.4,0.2382716049382716,0.5421686746987951,0.5117647058823529,0.6168635277979974,1.0,0.2775106837606838,0.6736933294831071,0.7126768697660987,-0.4985468956406867,-0.39779832672831333,0.693185099624603,-0.4481726111845001,0.019491770141495817,0.050374284456186684,0.0,0.09490532902787001
svg/g/g_37/line_53,0.6500530000000001,1.0,0.0,0.0,0.0,0.4,0.2382716049382716,0.5421686746987951,0.5117647058823529,0.6168635277979974,1.0,0.30662393162393164,0.6736933294831071,0.7126768697660987,-0.6563628357551738,-0.5556142668428004,0.693185099624603,-0.6059885512989871,0.019491770141495817,0.050374284456186684,0.0,0.09490532902787001
svg/g/g_37/line_52,0.6500520000000001,1.0,0.0,0.0,0.0,0.4,0.2382716049382716,0.5421686746987951,0.5117647058823529,0.6168635277979974,1.0,0.27537393162393164,0.6736933294831071,0.7126768697660987,-0.6563628357551738,-0.5556142668428004,0.693185099624603,-0.6059885512989871,0.019491770141495817,0.050374284456186684,0.0,0.09490532902787001
svg/g/g_36/line_51,0.6500509999999999,1.0,0.0,0.0,0.0,0.4,0.2382716049382716,0.5421686746987951,0.5117647058823529,0.6168635277979974,1.0,0.3044871794871795,0.8001732601790357,0.838868033496968,-0.3505944517833552,-0.24984588287098178,0.8195206468380017,-0.30022016732716855,0.01934738665896618,0.050374284456186684,0.0,0.09479905883572042
svg/g/g_36/line_50,0.6500499999999999,1.0,0.0,0.0,0.0,0.4,0.2382716049382716,0.5421686746987951,0.5117647058823529,0.6168635277979974,1.0,0.2732371794871795,0.8001732601790357,0.8391568004620273,-0.3505944517833552,-0.24984588287098178,0.8196650303205315,-0.30022016732716855,0.019491770141495817,0.050374284456186684,0.0,0.09490532902787001
svg/g/g_35/line_49,0.6500490000000001,1.0,0.0,0.0,0.0,0.4,0.2382716049382716,0.5421686746987951,0.5117647058823529,0.6168635277979974,1.0,0.30235042735042733,0.8001732601790357,0.838868033496968,-0.5027741083223248,-0.40202553940995134,0.8195206468380017,-0.4523998238661381,0.01934738665896618,0.05037428445618674,0.0,0.09479905883572042
svg/g/g_35/line_48,0.6500480000000001,1.0,0.0,0.0,0.0,0.4,0.2382716049382716,0.5421686746987951,0.5117647058823529,0.6168635277979974,1.0,0.27110042735042733,0.8001732601790357,0.8391568004620273,-0.5027741083223248,-0.40202553940995134,0.8196650303205315,-0.4523998238661381,0.019491770141495817,0.05037428445618674,0.0,0.09490532902787002
svg/g/g_34/line_47,0.650047,1.0,0.0,0.0,0.0,0.4,0.2382716049382716,0.5421686746987951,0.5117647058823529,0.6168635277979974,1.0,0.3002136752136752,0.8001732601790357,0.838868033496968,-0.6563628357551738,-0.5556142668428004,0.8195206468380017,-0.6059885512989871,0.01934738665896618,0.050374284456186684,0.0,0.09479905883572042
svg/g/g_34/line_46,0.650046,1.0,0.0,0.0,0.0,0.4,0.2382716049382716,0.5421686746987951,0.5117647058823529,0.6168635277979974,1.0,0.2689636752136752,0.8001732601790357,0.8391568004620273,-0.6563628357551738,-0.5556142668428004,0.8196650303205315,-0.6059885512989871,0.019491770141495817,0.050374284456186684,0.0,0.09490532902787001
svg/g/g_33/line_45,0.650045,1.0,0.0,0.0,0.0,0.4,0.2382716049382716,0.5421686746987951,0.5117647058823529,0.6168635277979974,1.0,0.2980769230769231,0.8001732601790357,0.838868033496968,-0.8092470277410831,-0.7084984588287097,0.8195206468380017,-0.7588727432848964,0.01934738665896618,0.050374284456186684,0.0,0.09479905883572042
svg/g/g_33/line_44,0.6500440000000001,1.0,0.0,0.0,0.0,0.4,0.2382716049382716,0.5421686746987951,0.5117647058823529,0.6168635277979974,1.0,0.2668269230769231,0.8001732601790357,0.8391568004620273,-0.8092470277410831,-0.7084984588287097,0.8196650303205315,-0.7588727432848964,0.019491770141495817,0.050374284456186684,0.0,0.09490532902787001
svg/g/g_32/line_43,0.650043,1.0,0.0,0.0,0.0,0.4,0.2382716049382716,0.5421686746987951,0.5117647058823529,0.6168635277979974,1.0,0.29594017094017094,0.8001732601790357,0.838868033496968,-0.9670629678555701,-0.8663143989431966,0.8195206468380017,-0.9166886833993834,0.01934738665896618,0.050374284456186705,0.0,0.09479905883572042
svg/g/g_32/line_42,0.650042,1.0,0.0,0.0,0.0,0.4,0.2382716049382716,0.5421686746987951,0.5117647058823529,0.6168635277979974,1.0,0.26469017094017094,0.8001732601790357,0.8391568004620273,-0.9670629678555701,-0.8663143989431966,0.8196650303205315,-0.9166886833993834,0.019491770141495817,0.050374284456186705,0.0,0.09490532902787002
svg/g/g_31/line_41,0.650041,1.0,0.0,0.0,0.0,0.4,0.2382716049382716,0.5421686746987951,0.5117647058823529,0.6168635277979974,1.0,0.2938034188034188,0.04447011261911631,0.08316488593704885,0.12778511668868353,0.22782915015411737,0.06381749927808267,0.17780713342140034,0.019347386658966265,0.05002201673271692,0.0,0.09468360661569619
svg/g/g_31/line_40,0.6500400000000001,1.0,0.0,0.0,0.0,0.4,0.2382716049382716,0.5421686746987951,0.5117647058823529,0.6168635277979974,1.0,0.2625534188034188,0.04447011261911631,0.08345365290210795,0.12778511668868353,0.22782915015411737,0.06396188276061213,0.17780713342140034,0.019491770141495817,0.05002201673271692,0.0,0.09479088496382124
svg/g/g_30/line_39,0.650039,1.0,0.0,0.0,0.0,0.4,0.2382716049382716,0.5421686746987951,0.5117647058823529,0.6168635277979974,1.0,0.2916666666666667,0.04447011261911631,0.08316488593704885,-0.0335535006605019,0.06719506825187158,0.06381749927808267,0.01682078379568484,0.019347386658966265,0.05037428445618674,0.0,0.09479905883572048
svg/g/g_30/line_38,0.650038,1.0,0.0,0.0,0.0,0.4,0.2382716049382716,0.5421686746987951,0.5117647058823529,0.6168635277979974,1.0,0.2604166666666667,0.04447011261911631,0.08345365290210795,-0.0335535006605019,0.06719506825187158,0.06396188276061213,0.01682078379568484,0.019491770141495817,0.05037428445618674,0.0,0.09490532902787002
svg/g/g_29/line_37,0.650037,1.0,0.0,0.0,0.0,0.4,0.2382716049382716,0.5421686746987951,0.5117647058823529,0.6168635277979974,1.0,0.2895299145299145,-0.21137741842333235,-0.17239387814034074,-0.3407309555261998,-0.23998238661382632,-0.19188564828183655,-0.29035667107001306,0.019491770141495817,0.05037428445618674,0.0,0.09490532902787002
svg/g/g_29/line_36,0.6500360000000001,1.0,0.0,0.0,0.0,0.4,0.2382716049382716,0.5421686746987951,0.5117647058823529,0.6168635277979974,1.0,0.2582799145299145,-0.21108865145827327,-0.17239387814034074,-0.3407309555261998,-0.23998238661382632,-0.19174126479930692,-0.29035667107001306,0.019347386658966265,0.05037428445618674,0.0,0.09479905883572048
svg/g/g_28/line_35,0.650035,1.0,0.0,0.0,0.0,0.4,0.2382716049382716,0.5421686746987951,0.5117647058823529,0.6168635277979974,1.0,0.28739316239316237,-0.588507074790644,-0.5495235345076525,0.2757375605460151,0.37578159401144895,-0.5690153046491483,0.3257595772787319,0.019491770141495817,0.05002201673271692,0.0,0.09479088496382124
svg/g/g_28/line_34,0.650034,1.0,0.0,0.0,0.0,0.4,0.2382716049382716,0.5421686746987951,0.5117647058823529,0.6168635277979974,1.0,0.25614316239316237,-0.588507074790644,-0.5495235345076525,0.2757375605460151,0.37578159401144895,-0.5690153046491483,0.3257595772787319,0.019491770141495817,0.05002201673271692,0.0,0.09479088496382124
svg/g/g_27/line_33,0.650033,1.0,0.0,0.0,0.0,0.4,0.2382716049382716,0.5421686746987951,0.5117647058823529,0.6168635277979974,1.0,0.28525641025641024,-0.588507074790644,-0.5495235345076525,0.12003522677234714,0.22078379568472062,-0.5690153046491483,0.17040951122853387,0.019491770141495817,0.05037428445618674,0.0,0.09490532902787002
svg/g/g_27/line_32,0.650032,1.0,0.0,0.0,0.0,0.4,0.2382716049382716,0.5421686746987951,0.5117647058823529,0.6168635277979974,1.0,0.25400641025641024,-0.588507074790644,-0.5495235345076525,0.12003522677234714,0.22078379568472062,-0.5690153046491483,0.17040951122853387,0.019491770141495817,0.05037428445618674,0.0,0.09490532902787002
svg/g/g_26/line_31,0.650031,1.0,0.0,0.0,0.0,0.4,0.2382716049382716,0.5421686746987951,0.5117647058823529,0.6168635277979974,1.0,0.2831196581196581,-0.588507074790644,-0.5495235345076525,-0.03848524878907954,0.06155878467635411,-0.5690153046491483,0.011536767943637284,0.019491770141495817,0.05002201673271683,0.0,0.09479088496382121
svg/g/g_26/line_30,0.65003,1.0,0.0,0.0,0.0,0.4,0.2382716049382716,0.5421686746987951,0.5117647058823529,0.6168635277979974,1.0,0.2518696581196581,-0.588507074790644,-0.5495235345076525,-0.03848524878907954,0.06155878467635411,-0.5690153046491483,0.011536767943637284,0.019491770141495817,0.05002201673271683,0.0,0.09479088496382121
svg/g/g_25/line_29,0.650029,1.0,0.0,0.0,0.0,0.4,0.2382716049382716,0.5421686746987951,0.5117647058823529,0.6168635277979974,1.0,0.280982905982906,-0.588507074790644,-0.5495235345076525,-0.1906649053280491,-0.08991633641567584,-0.5690153046491483,-0.14029062087186236,0.019491770141495817,0.05037428445618665,0.0,0.09490532902786998
svg/g/g_25/line_28,0.6500279999999999,1.0,0.0,0.0,0.0,0.4,0.2382716049382716,0.5421686746987951,0.5117647058823529,0.6168635277979974,1.0,0.24973290598290598,-0.588507074790644,-0.5495235345076525,-0.1906649053280491,-0.08991633641567584,-0.5690153046491483,-0.14029062087186236,0.019491770141495817,0.05037428445618665,0.0,0.09490532902786998
svg/g/g_24/line_27,0.650027,1.0,0.0,0.0,0.0,0.4,0.2382716049382716,0.5421686746987951,0.5117647058823529,0.6168635277979974,1.0,0.27884615384615385,-0.588507074790644,-0.5495235345076525,-0.3428445618670188,-0.2420959929546454,-0.5690153046491483,-0.29247027741083204,0.019491770141495817,0.050374284456186684,0.0,0.09490532902787001
svg/g/g_24/line_26,0.650026,1.0,0.0,0.0,0.0,0.4,0.2382716049382716,0.5421686746987951,0.5117647058823529,0.6168635277979974,1.0,0.24759615384615385,-0.588507074790644,-0.5495235345076525,-0.3428445618670188,-0.2420959929546454,-0.5690153046491483,-0.29247027741083204,0.019491770141495817,0.050374284456186684,0.0,0.09490532902787001
svg/g/g_23/line_25,0.650025,1.0,0.0,0.0,0.0,0.4,0.2382716049382716,0.5421686746987951,0.5117647058823529,0.6168635277979974,1.0,0.2767094017094017,-0.33496967946866885,-0.2962749061507365,-0.6542492294143548,-0.554205195948921,-0.31562229280970266,-0.6042272126816379,0.01934738665896618,0.05002201673271688,0.0,0.0946836066156961
svg/g/g_23/line_24,0.6500239999999999,1.0,0.0,0.0,0.0,0.4,0.2382716049382716,0.5421686746987951,0.5117647058823529,0.6168635277979974,1.0,0.24545940170940173,-0.33496967946866885,-0.2959861391856772,-0.6542492294143548,-0.554205195948921,-0.315477909327173,-0.6042272126816379,0.019491770141495817,0.05002201673271688,0.0,0.09479088496382124
svg/g/g_22/line_23,0.650023,1.0,0.0,0.0,0.0,0.4,0.2382716049382716,0.5421686746987951,0.5117647058823529,0.6168635277979974,1.0,0.2745726495726496,-0.33496967946866885,-0.2962749061507365,-0.5027741083223248,-0.40202553940995134,-0.31562229280970266,-0.4523998238661381,0.01934738665896618,0.05037428445618674,0.0,0.09479905883572042
svg/g/g_22/line_22,0.650022,1.0,0.0,0.0,0.0,0.4,0.2382716049382716,0.5421686746987951,0.5117647058823529,0.6168635277979974,1.0,0.24332264957264957,-0.33496967946866885,-0.2959861391856772,-0.5027741083223248,-0.40202553940995134,-0.315477909327173,-0.4523998238661381,0.019491770141495817,0.05037428445618674,0.0,0.09490532902787002
svg/g/g_21/line_21,0.650021,1.0,0.0,0.0,0.0,0.4,0.2382716049382716,0.5421686746987951,0.5117647058823529,0.6168635277979974,1.0,0.27243589743589747,-0.33496967946866885,-0.2962749061507365,-0.8134742404227211,-0.7127256715103477,-0.31562229280970266,-0.7630999559665343,0.01934738665896618,0.050374284456186684,0.0,0.09479905883572042
svg/g/g_21/line_20,0.6500199999999999,1.0,0.0,0.0,0.0,0.4,0.2382716049382716,0.5421686746987951,0.5117647058823529,0.6168635277979974,1.0,0.24118589743589744,-0.33496967946866885,-0.2959861391856772,-0.8134742404227211,-0.7127256715103477,-0.315477909327173,-0.7630999559665343,0.019491770141495817,0.050374284456186684,0.0,0.09490532902787001
svg/g/g_20/line_19,0.650019,1.0,0.0,0.0,0.0,0.4,0.2382716049382716,0.5421686746987951,0.5117647058823529,0.6168635277979974,1.0,0.2702991452991453,-0.33496967946866885,-0.2962749061507365,-0.9705856450902686,-0.8698370761778951,-0.31562229280970266,-0.9202113606340818,0.01934738665896618,0.050374284456186705,0.0,0.09479905883572042
svg/g/g_20/line_18,0.650018,1.0,0.0,0.0,0.0,0.4,0.2382716049382716,0.5421686746987951,0.5117647058823529,0.6168635277979974,1.0,0.23904914529914528,-0.33496967946866885,-0.2959861391856772,-0.9705856450902686,-0.8698370761778951,-0.315477909327173,-0.9202113606340818,0.019491770141495817,0.050374284456186705,0.0,0.09490532902787002
svg/g/g_19/line_17,0.650017,1.0,0.0,0.0,0.0,0.4,0.2382716049382716,0.5421686746987951,0.5117647058823529,0.6168635277979974,1.0,0.26816239316239315,-0.46173837712965643,-0.423043603811724,-0.0335535006605019,0.06719506825187158,-0.4423909904706902,0.01682078379568484,0.019347386658966226,0.05037428445618674,0.0,0.09479905883572047
svg/g/g_19/line_16,0.6500159999999999,1.0,0.0,0.0,0.0,0.4,0.2382716049382716,0.5421686746987951,0.5117647058823529,0.6168635277979974,1.0,0.23691239316239315,-0.46173837712965643,-0.4227548368466648,-0.0335535006605019,0.06719506825187158,-0.44224660698816065,0.01682078379568484,0.019491770141495817,0.05037428445618674,0.0,0.09490532902787002
svg/g/g_18/line_15,0.6500149999999999,1.0,0.0,0.0,0.0,0.4,0.2382716049382716,0.5421686746987951,0.5117647058823529,0.6168635277979974,1.0,0.266025641025641,-0.46173837712965643,-0.423043603811724,-0.18925583443416985,-0.08850726552179637,-0.4423909904706902,-0.1388815499779831,0.019347386658966226,0.05037428445618674,0.0,0.09479905883572047
svg/g/g_18/line_14,0.6500140000000001,1.0,0.0,0.0,0.0,0.4,0.2382716049382716,0.5421686746987951,0.5117647058823529,0.6168635277979974,1.0,0.23477564102564102,-0.46173837712965643,-0.4227548368466648,-0.18925583443416985,-0.08850726552179637,-0.44224660698816065,-0.1388815499779831,0.019491770141495817,0.05037428445618674,0.0,0.09490532902787002
svg/g/g_17/line_13,0.650013,1.0,0.0,0.0,0.0,0.4,0.2382716049382716,0.5421686746987951,0.5117647058823529,0.6168635277979974,1.0,0.2638888888888889,-0.46173837712965643,-0.423043603811724,-0.34777630999559656,-0.24702774108322306,-0.4423909904706902,-0.2974020255394098,0.019347386658966226,0.05037428445618674,0.0,0.09479905883572047
svg/g/g_17/line_12,0.6500119999999999,1.0,0.0,0.0,0.0,0.4,0.2382716049382716,0.5421686746987951,0.5117647058823529,0.6168635277979974,1.0,0.2326388888888889,-0.46173837712965643,-0.4227548368466648,-0.34777630999559656,-0.24702774108322306,-0.44224660698816065,-0.2974020255394098,0.019491770141495817,0.05037428445618674,0.0,0.09490532902787002
svg/g/g_16/line_11,0.6500109999999999,1.0,0.0,0.0,0.0,0.4,0.2382716049382716,0.5421686746987951,0.5117647058823529,0.6168635277979974,1.0,0.26175213675213677,-0.46173837712965643,-0.423043603811724,-0.4999559665345661,-0.3992073976221927,-0.4423909904706902,-0.44958168207837934,0.019347386658966226,0.050374284456186684,0.0,0.09479905883572046
svg/g/g_16/line_10,0.6500100000000001,1.0,0.0,0.0,0.0,0.4,0.2382716049382716,0.5421686746987951,0.5117647058823529,0.6168635277979974,1.0,0.23050213675213677,-0.46173837712965643,-0.4227548368466648,-0.4999559665345661,-0.3992073976221927,-0.44224660698816065,-0.44958168207837934,0.019491770141495817,0.050374284456186684,0.0,0.09490532902787001
svg/g/g_15/line_9,0.6500090000000001,1.0,0.0,0.0,0.0,0.4,0.2382716049382716,0.5421686746987951,0.5117647058823529,0.6168635277979974,1.0,0.2596153846153846,-0.46173837712965643,-0.423043603811724,-0.6570673712021134,-0.5563188022897401,-0.4423909904706902,-0.6066930867459268,0.019347386658966226,0.050374284456186684,0.0,0.09479905883572046
svg/g/g_15/line_8,0.650008,1.0,0.0,0.0,0.0,0.4,0.2382716049382716,0.5421686746987951,0.5117647058823529,0.6168635277979974,1.0,0.2283653846153846,-0.46173837712965643,-0.4227548368466648,-0.6570673712021134,-0.5563188022897401,-0.44224660698816065,-0.6066930867459268,0.019491770141495817,0.050374284456186684,0.0,0.09490532902787001
svg/g/g_14/line_7,0.650007,1.0,0.0,0.0,0.0,0.4,0.2382716049382716,0.5421686746987951,0.5117647058823529,0.6168635277979974,1.0,0.25747863247863245,-0.46173837712965643,-0.423043603811724,-0.8085424922941433,-0.7084984588287097,-0.4423909904706902,-0.7585204755614265,0.019347386658966226,0.05002201673271685,0.0,0.09468360661569612
svg/g/g_14/line_6,0.6500060000000001,1.0,0.0,0.0,0.0,0.4,0.2382716049382716,0.5421686746987951,0.5117647058823529,0.6168635277979974,1.0,0.22622863247863248,-0.46173837712965643,-0.4227548368466648,-0.8085424922941433,-0.7084984588287097,-0.44224660698816065,-0.7585204755614265,0.019491770141495817,0.05002201673271685,0.0,0.09479088496382122
svg/g/g_13/line_5,0.650005,1.0,0.0,0.0,0.0,0.4,0.2382716049382716,0.5421686746987951,0.5117647058823529,0.6168635277979974,1.0,0.2553418803418803,-0.8411781692174417,-0.80219462893445,-0.18432408630559202,-0.08357551739321872,-0.8216863990759459,-0.13394980184940547,0.019491770141495817,0.05037428445618665,0.0,0.09490532902786998
svg/g/g_13/line_4,0.650004,1.0,0.0,0.0,0.0,0.4,0.2382716049382716,0.5421686746987951,0.5117647058823529,0.6168635277979974,1.0,0.22409188034188032,-0.8408894022523824,-0.80219462893445,-0.18432408630559202,-0.08357551739321872,-0.8215420155934162,-0.13394980184940547,0.019347386658966226,0.05037428445618665,0.0,0.09479905883572042
svg/g/g_12/line_3,0.650003,1.0,0.0,0.0,0.0,0.4,0.2382716049382716,0.5421686746987951,0.5117647058823529,0.6168635277979974,1.0,0.2532051282051282,-0.8411781692174417,-0.80219462893445,-0.3414354909731394,-0.24068692206076603,-0.8216863990759459,-0.29106120651695266,0.019491770141495817,0.050374284456186684,0.0,0.09490532902787001
svg/g/g_12/line_2,0.6500020000000001,1.0,0.0,0.0,0.0,0.4,0.2382716049382716,0.5421686746987951,0.5117647058823529,0.6168635277979974,1.0,0.2219551282051282,-0.8408894022523824,-0.80219462893445,-0.3414354909731394,-0.24068692206076603,-0.8215420155934162,-0.29106120651695266,0.019347386658966226,0.050374284456186684,0.0,0.09479905883572046
svg/g/g_11/line_1,0.650001,1.0,0.0,0.0,0.0,0.4,0.2382716049382716,0.5421686746987951,0.5117647058823529,0.6168635277979974,1.0,0.25106837606837606,-0.8411781692174417,-0.80219462893445,-0.4978423601937471,-0.39709379128137373,-0.8216863990759459,-0.44746807573756037,0.019491770141495817,0.050374284456186684,0.0,0.09490532902787001
svg/g/g_11/line,0.65,1.0,0.0,0.0,0.0,0.4,0.2382716049382716,0.5421686746987951,0.5117647058823529,0.6168635277979974,1.0,0.21981837606837606,-0.8408894022523824,-0.80219462893445,-0.4978423601937471,-0.39709379128137373,-0.8215420155934162,-0.44746807573756037,0.019347386658966226,0.050374284456186684,0.0,0.09479905883572046
svg/g/circle_58,0.7500579999999999,1.0,0.0,0.0,0.0,0.4,0.03333333333333334,0.8798283261802574,0.5431372549019607,0.9310178707601717,1.0,0.12393162393162394,-0.9009529309846954,-0.8680334969679471,0.13412593571114062,0.21444297666226353,-0.8844932139763213,0.17428445618670196,0.01645971700837425,0.04015852047556134,0.38029492728981446,0.11533898533984578
svg/g/circle_57,0.7500570000000001,1.0,0.0,0.0,0.0,0.4,0.03333333333333334,0.8798283261802574,0.5431372549019607,0.9310178707601717,1.0,0.1217948717948718,-0.9009529309846954,-0.8680334969679471,-0.02016732716864785,0.06014971378247484,-0.8844932139763213,0.019991193306913495,0.01645971700837425,0.04015852047556134,0.38029492728981446,0.11533898533984578
svg/g/circle_56,0.7500560000000001,1.0,0.0,0.0,0.0,0.4,0.03333333333333334,0.8798283261802574,0.5431372549019607,0.9310178707601717,1.0,0.11965811965811965,-0.9009529309846954,-0.8680334969679471,-0.17446059004843653,-0.09414354909731384,-0.8844932139763213,-0.1343020695728752,0.01645971700837425,0.04015852047556134,0.38029492728981446,0.11533898533984578
svg/g/circle_55,0.750055,1.0,0.0,0.0,1.0,0.4,0.03333333333333334,0.8798283261802574,0.5431372549019607,0.9310178707601717,1.0,0.11752136752136752,-0.7750505342188854,-0.742131100202137,-0.3308674592690443,-0.2505504183179214,-0.7585908172105111,-0.29070893879348286,0.01645971700837425,0.04015852047556145,0.38029492728981446,0.11533898533984578
svg/g/circle_54,0.750054,1.0,0.0,0.0,1.0,0.4,0.03333333333333334,0.8798283261802574,0.5431372549019607,0.9310178707601717,1.0,0.11538461538461539,-0.7750505342188854,-0.742131100202137,-0.17727873183619527,-0.09696169088507257,-0.7585908172105111,-0.13712021136063393,0.01645971700837425,0.04015852047556134,0.38029492728981446,0.11533898533984578
svg/g/circle_53,0.7500530000000001,1.0,0.0,0.0,1.0,0.4,0.03333333333333334,0.8798283261802574,0.5431372549019607,0.9310178707601717,1.0,0.11324786324786323,-0.7750505342188854,-0.742131100202137,-0.02369000440334622,0.05662703654777647,-0.7585908172105111,0.016468516072215125,0.01645971700837425,0.04015852047556134,0.38029492728981446,0.11533898533984578
svg/g/circle_52,0.750052,1.0,0.0,0.0,1.0,0.4,0.03333333333333334,0.8798283261802574,0.5431372549019607,0.9310178707601717,1.0,0.1111111111111111,-0.7750505342188854,-0.742131100202137,0.13483047115808025,0.21514751210920316,-0.7585908172105111,0.17498899163364182,0.01645971700837425,0.04015852047556134,0.38029492728981446,0.11533898533984578
svg/g/circle_51,0.750051,1.0,0.0,0.0,1.0,0.4,0.03333333333333334,0.8798283261802574,0.5431372549019607,0.9310178707601717,1.0,0.10897435897435898,-0.7750505342188854,-0.742131100202137,0.2870101276970498,0.3673271686481727,-0.7585908172105111,0.3271686481726114,0.01645971700837425,0.04015852047556134,0.38029492728981446,0.11533898533984578
svg/g/circle_50,0.75005,1.0,0.0,0.0,1.0,0.4,0.03333333333333334,0.8798283261802574,0.5431372549019607,0.9310178707601717,1.0,0.10683760683760685,-0.7750505342188854,-0.742131100202137,0.44553060325847654,0.5258476442095994,-0.7585908172105111,0.48568912373403805,0.01645971700837425,0.04015852047556134,0.38029492728981446,0.11533898533984578
svg/g/circle_49,0.7500490000000001,1.0,0.0,0.0,1.0,0.4,0.03333333333333334,0.8798283261802574,0.5431372549019607,0.9310178707601717,1.0,0.10470085470085469,-0.648570603522957,-0.6156511695062086,0.12778511668868373,0.2081021576398064,-0.6321108865145828,0.16794363716424507,0.01645971700837421,0.04015852047556134,0.38029492728981446,0.11533898533984578
svg/g/circle_48,0.750048,1.0,0.0,0.0,1.0,0.4,0.03333333333333334,0.8798283261802574,0.5431372549019607,0.9310178707601717,1.0,0.10256410256410256,-0.648570603522957,-0.6156511695062086,0.2870101276970498,0.3673271686481727,-0.6321108865145828,0.3271686481726114,0.01645971700837421,0.04015852047556134,0.38029492728981446,0.11533898533984578
svg/g/circle_47,0.750047,1.0,0.0,0.0,1.0,0.4,0.03333333333333334,0.8798283261802574,0.5431372549019607,0.9310178707601717,1.0,0.10042735042735043,-0.648570603522957,-0.6156511695062086,0.4434169969176576,0.5237340378687805,-0.6321108865145828,0.48357551739321897,0.01645971700837421,0.04015852047556134,0.38029492728981446,0.11533898533984578
svg/g/circle_46,0.750046,1.0,0.0,0.0,1.0,0.4,0.03333333333333334,0.8798283261802574,0.5431372549019607,0.9310178707601717,1.0,0.0982905982905983,-0.5220906728270287,-0.4891712388102802,-0.026508146191104958,0.05380889476001773,-0.5056309558186544,0.013650374284456387,0.01645971700837421,0.04015852047556134,0.38029492728981446,0.11533898533984578
svg/g/circle_45,0.750045,1.0,0.0,0.0,1.0,0.4,0.03333333333333334,0.8798283261802574,0.5431372549019607,0.9310178707601717,1.0,0.09615384615384615,-0.5220906728270287,-0.4891712388102802,-0.17939233817701436,-0.09907529722589167,-0.5056309558186544,-0.13923381770145302,0.01645971700837421,0.04015852047556134,0.38029492728981446,0.11533898533984578
svg/g/circle_44,0.750044,1.0,0.0,0.0,1.0,0.4,0.03333333333333334,0.8798283261802574,0.5431372549019607,0.9310178707601717,1.0,0.09401709401709402,-0.5220906728270287,-0.4891712388102802,0.13201232937032154,0.21232937032144442,-0.5056309558186544,0.17217084984588307,0.01645971700837421,0.04015852047556134,0.38029492728981446,0.11533898533984578
svg/g/circle_43,0.750043,1.0,0.0,0.0,1.0,0.4,0.03333333333333334,0.8798283261802574,0.5431372549019607,0.9310178707601717,1.0,0.09188034188034189,-0.39589950909615945,-0.36298007507941094,-0.49150154117129,-0.4111845002201672,-0.3794397920877852,-0.45134302069572857,0.01645971700837421,0.04015852047556145,0.38029492728981446,0.11533898533984578
svg/g/circle_42,0.750042,1.0,0.0,0.0,1.0,0.4,0.03333333333333334,0.8798283261802574,0.5431372549019607,0.9310178707601717,1.0,0.08974358974358973,-0.39589950909615945,-0.36298007507941094,-0.6443857331571993,-0.5640686922060765,-0.3794397920877852,-0.6042272126816378,0.01645971700837421,0.04015852047556145,0.38029492728981446,0.11533898533984578
svg/g/circle_41,0.750041,1.0,0.0,0.0,1.0,0.4,0.03333333333333334,0.8798283261802574,0.5431372549019607,0.9310178707601717,1.0,0.0876068376068376,-0.39589950909615945,-0.36298007507941094,-0.3329810656098633,-0.25266402465874055,-0.3794397920877852,-0.2928225451343019,0.01645971700837421,0.04015852047556145,0.38029492728981446,0.11533898533984578
svg/g/circle_40,0.75004,1.0,0.0,0.0,1.0,0.4,0.03333333333333334,0.8798283261802574,0.5431372549019607,0.9310178707601717,1.0,0.08547008547008547,-0.2705746462604678,-0.23765521224371938,-0.6486129458388374,-0.5682959048877145,-0.2541149292520936,-0.608454425363276,0.01645971700837421,0.04015852047556145,0.38029492728981446,0.11533898533984578
svg/g/circle_39,0.750039,1.0,0.0,0.0,1.0,0.4,0.03333333333333334,0.8798283261802574,0.5431372549019607,0.9310178707601717,1.0,0.08333333333333334,-0.2705746462604678,-0.23765521224371938,-0.800792602377807,-0.7204755614266841,-0.2541149292520936,-0.7606340819022456,0.01645971700837421,0.04015852047556145,0.38029492728981446,0.11533898533984578
svg/g/circle_38,0.750038,1.0,0.0,0.0,1.0,0.4,0.03333333333333334,0.8798283261802574,0.5431372549019607,0.9310178707601717,1.0,0.08119658119658119,-0.2697083453652902,-0.23678891134854177,-0.4929106120651694,-0.4125935711140465,-0.253248628356916,-0.45275209158960794,0.01645971700837421,0.04015852047556145,0.38029492728981446,0.11533898533984578
svg/g/circle_37,0.750037,1.0,0.0,0.0,1.0,0.4,0.03333333333333334,0.8798283261802574,0.5431372549019607,0.9310178707601717,1.0,0.07905982905982906,-0.2697083453652902,-0.23678891134854177,-0.33579920739762203,-0.2554821664464992,-0.253248628356916,-0.2956406869220606,0.01645971700837421,0.04015852047556145,0.38029492728981446,0.11533898533984578
svg/g/circle_36,0.750036,1.0,0.0,0.0,1.0,0.4,0.03333333333333334,0.8798283261802574,0.5431372549019607,0.9310178707601717,1.0,0.07692307692307693,-0.2697083453652902,-0.23678891134854177,-0.17868780273007454,-0.09837076177895185,-0.253248628356916,-0.1385292822545132,0.01645971700837421,0.04015852047556134,0.38029492728981446,0.11533898533984578
svg/g/circle_35,0.750035,1.0,0.0,0.0,1.0,0.4,0.03333333333333334,0.8798283261802574,0.5431372549019607,0.9310178707601717,1.0,0.0747863247863248,-0.2697083453652902,-0.23678891134854177,-0.02509907529722569,0.055217965653897,-0.253248628356916,0.015059445178335655,0.01645971700837421,0.04015852047556134,0.38029492728981446,0.11533898533984578
svg/g/circle_34,0.750034,1.0,0.0,0.0,1.0,0.4,0.03333333333333334,0.8798283261802574,0.5431372549019607,0.9310178707601717,1.0,0.07264957264957264,-0.2697083453652902,-0.23678891134854177,0.13060325847644225,0.21092029942756516,-0.253248628356916,0.1707617789520036,0.01645971700837421,0.04015852047556134,0.38029492728981446,0.11533898533984578
svg/g/circle_33,0.750033,1.0,0.0,0.0,1.0,0.4,0.03333333333333334,0.8798283261802574,0.5431372549019607,0.9310178707601717,1.0,0.07051282051282051,-0.2697083453652902,-0.23678891134854177,0.28912373403786895,0.36944077498899186,-0.253248628356916,0.3292822545134303,0.01645971700837421,0.04015852047556134,0.38029492728981446,0.11533898533984578
svg/g/circle_32,0.750032,1.0,0.0,0.0,1.0,0.4,0.03333333333333334,0.8798283261802574,0.5431372549019607,0.9310178707601717,1.0,0.06837606837606838,-0.14524978342477626,-0.11233034940802768,-0.17868780273007454,-0.09837076177895185,-0.12879006641640203,-0.1385292822545132,0.01645971700837421,0.04015852047556134,0.38029492728981446,0.11533898533984578
svg/g/circle_31,0.750031,1.0,0.0,0.0,1.0,0.4,0.03333333333333334,0.8798283261802574,0.5431372549019607,0.9310178707601717,1.0,0.06623931623931623,-0.14524978342477626,-0.11233034940802768,-0.02509907529722569,0.055217965653897,-0.12879006641640203,0.015059445178335655,0.01645971700837421,0.04015852047556134,0.38029492728981446,0.11533898533984578
svg/g/circle_30,0.75003,1.0,0.0,0.0,1.0,0.4,0.03333333333333334,0.8798283261802574,0.5431372549019607,0.9310178707601717,1.0,0.0641025641025641,-0.14524978342477626,-0.11233034940802768,0.13060325847644225,0.21092029942756516,-0.12879006641640203,0.1707617789520036,0.01645971700837421,0.04015852047556134,0.38029492728981446,0.11533898533984578
svg/g/circle_29,0.750029,1.0,0.0,0.0,1.0,0.4,0.03333333333333334,0.8798283261802574,0.5431372549019607,0.9310178707601717,1.0,0.06196581196581197,-0.14524978342477626,-0.11233034940802768,0.28912373403786895,0.36944077498899186,-0.12879006641640203,0.3292822545134303,0.01645971700837421,0.04015852047556134,0.38029492728981446,0.11533898533984578
svg/g/circle_28,0.7500279999999999,1.0,0.0,0.0,1.0,0.4,0.03333333333333334,0.8798283261802574,0.5431372549019607,0.9310178707601717,1.0,0.05982905982905984,-0.14524978342477626,-0.11233034940802768,0.44764420959929563,0.5279612505504185,-0.12879006641640203,0.48780273007485697,0.01645971700837421,0.04015852047556134,0.38029492728981446,0.11533898533984578
svg/g/circle_27,0.750027,1.0,0.0,0.0,1.0,0.4,0.03333333333333334,0.8798283261802574,0.5431372549019607,0.9310178707601717,1.0,0.05769230769230768,-0.0179035518336702,0.015015882183078226,0.13060325847644225,0.21092029942756516,-0.0014438348252959862,0.1707617789520036,0.01645971700837421,0.04015852047556134,0.38029492728981446,0.11533898533984578
svg/g/circle_26,0.750026,1.0,0.0,0.0,1.0,0.4,0.03333333333333334,0.8798283261802574,0.5431372549019607,0.9310178707601717,1.0,0.05555555555555555,-0.0179035518336702,0.015015882183078226,0.28912373403786895,0.36944077498899186,-0.0014438348252959862,0.3292822545134303,0.01645971700837421,0.04015852047556134,0.38029492728981446,0.11533898533984578
svg/g/circle_25,0.7500249999999999,1.0,0.0,0.0,1.0,0.4,0.03333333333333334,0.8798283261802574,0.5431372549019607,0.9310178707601717,1.0,0.05341880341880342,-0.0179035518336702,0.015015882183078226,0.44764420959929563,0.5279612505504185,-0.0014438348252959862,0.48780273007485697,0.01645971700837421,0.04015852047556134,0.38029492728981446,0.11533898533984578
svg/g/circle_24,0.7500239999999999,1.0,0.0,0.0,1.0,0.4,0.03333333333333334,0.8798283261802574,0.5431372549019607,0.9310178707601717,1.0,0.051282051282051294,-0.0179035518336702,0.015015882183078226,0.5991193306913256,0.6794363716424483,-0.0014438348252959862,0.639277851166887,0.01645971700837421,0.04015852047556134,0.38029492728981446,0.11533898533984578
svg/g/circle_23,0.7500230000000001,1.0,0.0,0.0,1.0,0.4,0.03333333333333334,0.8798283261802574,0.5431372549019607,0.9310178707601717,1.0,0.04914529914529914,0.1094426797574357,0.14236211377418428,0.13060325847644225,0.21092029942756516,0.12590239676581008,0.1707617789520036,0.01645971700837421,0.04015852047556134,0.38029492728981446,0.11533898533984578
svg/g/circle_22,0.750022,1.0,0.0,0.0,1.0,0.4,0.03333333333333334,0.8798283261802574,0.5431372549019607,0.9310178707601717,1.0,0.04700854700854701,0.1094426797574357,0.14236211377418428,0.28912373403786895,0.36944077498899186,0.12590239676581008,0.3292822545134303,0.01645971700837421,0.04015852047556134,0.38029492728981446,0.11533898533984578
svg/g/circle_21,0.7500209999999999,1.0,0.0,0.0,1.0,0.4,0.03333333333333334,0.8798283261802574,0.5431372549019607,0.9310178707601717,1.0,0.04487179487179488,0.1094426797574357,0.14236211377418428,0.44764420959929563,0.5279612505504185,0.12590239676581008,0.48780273007485697,0.01645971700837421,0.04015852047556134,0.38029492728981446,0.11533898533984578
svg/g/circle_20,0.7500199999999999,1.0,0.0,0.0,1.0,0.4,0.03333333333333334,0.8798283261802574,0.5431372549019607,0.9310178707601717,1.0,0.04273504273504272,0.48743863701992485,0.5203580710366736,-0.02157639806252732,0.058740642888595374,0.5038983540282992,0.018582122413034027,0.01645971700837438,0.04015852047556134,0.38029492728981446,0.11533898533984578
svg/g/circle_19,0.7500190000000001,1.0,0.0,0.0,1.0,0.4,0.03333333333333334,0.8798283261802574,0.5431372549019607,0.9310178707601717,1.0,0.04059829059829059,0.48743863701992485,0.5203580710366736,0.13694407749889936,0.21726111845002224,0.5038983540282992,0.1771025979744607,0.01645971700837438,0.04015852047556134,0.38029492728981446,0.11533898533984578
svg/g/circle_18,0.7500180000000001,1.0,0.0,0.0,1.0,0.4,0.03333333333333334,0.8798283261802574,0.5431372549019607,0.9310178707601717,1.0,0.038461538461538464,0.48743863701992485,0.5203580710366736,0.2961690885072657,0.37648612945838855,0.5038983540282992,0.33632760898282704,0.01645971700837438,0.04015852047556134,0.38029492728981446,0.11533898533984578
svg/g/circle_17,0.750017,1.0,0.0,0.0,1.0,0.4,0.03333333333333334,0.8798283261802574,0.5431372549019607,0.9310178707601717,1.0,0.036324786324786335,0.6139185677158531,0.6468380017326019,-0.18150594451783328,-0.10118890356671058,0.6303782847242275,-0.14134742404227194,0.01645971700837438,0.04015852047556134,0.38029492728981446,0.11533898533984578
svg/g/circle_16,0.750016,1.0,0.0,0.0,1.0,0.4,0.03333333333333334,0.8798283261802574,0.5431372549019607,0.9310178707601717,1.0,0.03418803418803418,0.6139185677158531,0.6468380017326019,-0.022280933509466954,0.058036107441655736,0.6303782847242275,0.017877586966094393,0.01645971700837438,0.04015852047556134,0.38029492728981446,0.11533898533984578
svg/g/circle_15,0.7500149999999999,1.0,0.0,0.0,1.0,0.4,0.03333333333333334,0.8798283261802574,0.5431372549019607,0.9310178707601717,1.0,0.03205128205128205,0.6139185677158531,0.6468380017326019,0.13623954205195973,0.21655658300308242,0.6303782847242275,0.17639806252752108,0.01645971700837438,0.04015852047556134,0.38029492728981446,0.11533898533984578
svg/g/circle_14,0.7500140000000001,1.0,0.0,0.0,1.0,0.4,0.03333333333333334,0.8798283261802574,0.5431372549019607,0.9310178707601717,1.0,0.02991452991452992,0.7403984984117817,0.7733179324285305,-0.4992514310876265,-0.4189343901365036,0.7568582154201561,-0.45909291061206503,0.01645971700837438,0.04015852047556145,0.38029492728981446,0.11533898533984578
svg/g/circle_13,0.750013,1.0,0.0,0.0,1.0,0.4,0.03333333333333334,0.8798283261802574,0.5431372549019607,0.9310178707601717,1.0,0.02777777777777779,0.7403984984117817,0.7733179324285305,-0.34002642007926004,-0.25970937912813724,0.7568582154201561,-0.2998678996036986,0.01645971700837438,0.04015852047556145,0.38029492728981446,0.11533898533984578
svg/g/circle_12,0.750012,1.0,0.0,0.0,1.0,0.4,0.03333333333333334,0.8798283261802574,0.5431372549019607,0.9310178707601717,1.0,0.025641025641025633,0.7403984984117817,0.7733179324285305,-0.18150594451783328,-0.10118890356671058,0.7568582154201561,-0.14134742404227194,0.01645971700837438,0.04015852047556134,0.38029492728981446,0.11533898533984578
svg/g/circle_11,0.750011,1.0,0.0,0.0,1.0,0.4,0.03333333333333334,0.8798283261802574,0.5431372549019607,0.9310178707601717,1.0,0.023504273504273504,0.6139185677158531,0.6468380017326019,0.2884191985909293,0.3687362395420522,0.6303782847242275,0.32857771906649064,0.01645971700837438,0.04015852047556134,0.38029492728981446,0.11533898533984578
svg/g/circle_10,0.7500100000000001,1.0,0.0,0.0,1.0,0.4,0.03333333333333334,0.8798283261802574,0.5431372549019607,0.9310178707601717,1.0,0.021367521367521375,0.8665896621426508,0.8995090961593994,-0.8092470277410831,-0.7289299867899602,0.8830493791510251,-0.7690885072655217,0.01645971700837438,0.04015852047556145,0.38029492728981446,0.11533898533984578
svg/g/circle_9,0.750009,1.0,0.0,0.0,1.0,0.4,0.03333333333333334,0.8798283261802574,0.5431372549019607,0.9310178707601717,1.0,0.019230769230769218,0.8665896621426508,0.8995090961593994,-0.6507265521796565,-0.5704095112285336,0.8830493791510251,-0.610568031704095,0.01645971700837438,0.04015852047556145,0.38029492728981446,0.11533898533984578
svg/g/circle_8,0.750008,1.0,0.0,0.0,1.0,0.4,0.03333333333333334,0.8798283261802574,0.5431372549019607,0.9310178707601717,1.0,0.01709401709401709,0.8665896621426508,0.8995090961593994,-0.49220607661822974,-0.41188903566710683,0.8830493791510251,-0.4520475561426683,0.01645971700837438,0.04015852047556145,0.38029492728981446,0.11533898533984578
svg/g/circle_7,0.750007,1.0,0.0,0.0,1.0,0.4,0.03333333333333334,0.8798283261802574,0.5431372549019607,0.9310178707601717,1.0,0.01495726495726496,0.8665896621426508,0.8995090961593994,-0.34002642007926004,-0.25970937912813724,0.8830493791510251,-0.2998678996036986,0.01645971700837438,0.04015852047556145,0.38029492728981446,0.11533898533984578
svg/g/circle_6,0.7500060000000001,1.0,0.0,0.0,1.0,0.4,0.03333333333333334,0.8798283261802574,0.5431372549019607,0.9310178707601717,1.0,0.01282051282051283,0.1094426797574357,0.14236211377418428,0.5991193306913256,0.6794363716424483,0.12590239676581008,0.639277851166887,0.01645971700837421,0.04015852047556134,0.38029492728981446,0.11533898533984578
svg/g/circle_5,0.750005,1.0,0.0,0.0,1.0,0.4,0.03333333333333334,0.8798283261802574,0.5431372549019607,0.9310178707601717,1.0,0.010683760683760674,0.36153624025411496,0.39445567427086353,0.44764420959929563,0.5279612505504185,0.37799595726248914,0.48780273007485697,0.01645971700837421,0.04015852047556134,0.38029492728981446,0.11533898533984578
svg/g/circle_4,0.750004,1.0,0.0,0.0,1.0,0.4,0.03333333333333334,0.8798283261802574,0.5431372549019607,0.9310178707601717,1.0,0.008547008547008544,0.36153624025411496,0.39445567427086353,0.5991193306913256,0.6794363716424483,0.37799595726248914,0.639277851166887,0.01645971700837421,0.04015852047556134,0.38029492728981446,0.11533898533984578
svg/g/circle_3,0.750003,1.0,0.0,0.0,1.0,0.4,0.03333333333333334,0.8798283261802574,0.5431372549019607,0.9310178707601717,1.0,0.006410256410256415,0.1094426797574357,0.14236211377418428,0.7512989872302953,0.831616028181418,0.12590239676581008,0.7914575077058567,0.01645971700837421,0.04015852047556134,0.38029492728981446,0.11533898533984578
svg/g/circle_2,0.7500020000000001,1.0,0.0,0.0,1.0,0.4,0.03333333333333334,0.8798283261802574,0.5431372549019607,0.9310178707601717,1.0,0.004273504273504286,0.23505630955818652,0.2679757435749351,0.5991193306913256,0.6794363716424483,0.25151602656656086,0.639277851166887,0.01645971700837421,0.04015852047556134,0.38029492728981446,0.11533898533984578
svg/g/circle_1,0.750001,1.0,0.0,0.0,1.0,0.4,0.03333333333333334,0.8798283261802574,0.5431372549019607,0.9310178707601717,1.0,0.002136752136752129,0.23505630955818652,0.2679757435749351,0.7512989872302953,0.831616028181418,0.25151602656656086,0.7914575077058567,0.01645971700837421,0.04015852047556134,0.38029492728981446,0.11533898533984578
svg/g/circle,0.75,1.0,0.0,0.0,1.0,0.4,0.03333333333333334,0.8798283261802574,0.5431372549019607,0.9310178707601717,1.0,0.0,-0.7750505342188854,-0.742131100202137,0.5991193306913256,0.6794363716424483,-0.7585908172105111,0.639277851166887,0.01645971700837425,0.04015852047556134,0.38029492728981446,0.11533898533984578
