tag_name,tag,opacity,fill_h_cos,fill_h_sin,fill_s_n,fill_l_n,stroke_h_cos,stroke_h_sin,stroke_s_n,stroke_l_n,stroke_width,layer_sal,bbox_left_n,bbox_right_n,bbox_top_n,bbox_bottom_n,bbox_center_x_n,bbox_center_y_n,bbox_width_n,bbox_height_n,bbox_fill_area
svg/g/circle_649,0.125,0.7071067811865476,0.11849808281423613,0.1768030210791156,1.0,0.5647058823529413,0.3,0.15,0.0,0.0,0.3,0.25,0.129541178173397,0.1440150528296425,0.9527310924369748,0.9877450980392157,0.13677811550151978,0.9702380952380952,0.014473874656245486,0.0350140056022409,0.3582672447212817
svg/g/circle_648,0.125,0.7071067811865476,0.11849808281423613,0.1768030210791156,1.0,0.5647058823529413,0.3,0.15,0.0,0.0,0.3,0.24964739069111425,0.129541178173397,0.1440150528296425,0.9961484593837534,1.0311624649859943,0.13677811550151978,1.013655462184874,0.014473874656245486,0.0350140056022409,0.3582672447212817
svg/g/circle_647,0.125,0.7071067811865476,0.9022407438911175,0.7969888616664275,0.9502487562189051,0.6058823529411764,0.3,0.15,0.0,0.0,0.3,0.2492947813822285,0.129541178173397,0.1440150528296425,1.039565826330532,1.0745798319327728,0.13677811550151978,1.0570728291316525,0.014473874656245486,0.0350140056022409,0.3582672447212817
svg/g/circle_646,0.125,0.7071067811865476,0.5351380944726464,0.9987637860920051,0.536,0.5098039215686274,0.3,0.15,0.0,0.0,0.3,0.24894217207334274,0.129541178173397,0.1440150528296425,1.0826330532212884,1.1176470588235292,0.13677811550151978,1.1001400560224088,0.014473874656245486,0.0350140056022409,0.3582672447212817
svg/g/circle_645,0.125,0.7071067811865476,0.9314269915162114,0.7527266329282903,0.33603238866396756,0.48431372549019613,0.3,0.15,0.0,0.0,0.3,0.24858956276445698,0.129541178173397,0.1440150528296425,1.1260504201680672,1.1610644257703082,0.13677811550151978,1.1435574229691876,0.014473874656245486,0.0350140056022409,0.3582672447212817
svg/g/circle_644,0.125,0.7071067811865476,0.11849808281423613,0.1768030210791156,1.0,0.5647058823529413,0.3,0.15,0.0,0.0,0.3,0.24823695345557123,0.14748878274714142,0.16196265740338686,0.9527310924369748,0.9877450980392157,0.1547257200752641,0.9702380952380952,0.014473874656245465,0.0350140056022409,0.3582672447212817
svg/g/circle_643,0.125,0.7071067811865476,0.11849808281423613,0.1768030210791156,1.0,0.5647058823529413,0.3,0.15,0.0,0.0,0.3,0.24788434414668548,0.14748878274714142,0.16196265740338686,0.9961484593837534,1.0311624649859943,0.1547257200752641,1.013655462184874,0.014473874656245465,0.0350140056022409,0.3582672447212817
svg/g/circle_642,0.125,0.7071067811865476,0.9022407438911175,0.7969888616664275,0.9502487562189051,0.6058823529411764,0.3,0.15,0.0,0.0,0.3,0.24753173483779972,0.14748878274714142,0.16196265740338686,1.039565826330532,1.0745798319327728,0.1547257200752641,1.0570728291316525,0.014473874656245465,0.0350140056022409,0.3582672447212817
svg/g/circle_641,0.125,0.7071067811865476,0.5351380944726464,0.9987637860920051,0.536,0.5098039215686274,0.3,0.15,0.0,0.0,0.3,0.24717912552891397,0.14748878274714142,0.16196265740338686,1.0826330532212884,1.1176470588235292,0.1547257200752641,1.1001400560224088,0.014473874656245465,0.0350140056022409,0.3582672447212817
svg/g/circle_640,0.125,0.7071067811865476,0.9314269915162114,0.7527266329282903,0.33603238866396756,0.48431372549019613,0.3,0.15,0.0,0.0,0.3,0.2468265162200282,0.14748878274714142,0.16196265740338686,1.1260504201680672,1.1610644257703082,0.1547257200752641,1.1435574229691876,0.014473874656245465,0.0350140056022409,0.3582672447212817
svg/g/circle_639,0.125,0.7071067811865476,0.11849808281423613,0.1768030210791156,1.0,0.5647058823529413,0.3,0.15,0.0,0.0,0.3,0.24647390691114246,0.16558112606744826,0.1800550007236937,0.9527310924369748,0.9877450980392157,0.172818063395571,0.9702380952380952,0.014473874656245465,0.0350140056022409,0.3582672447212817
svg/g/circle_638,0.125,0.7071067811865476,0.11849808281423613,0.1768030210791156,1.0,0.5647058823529413,0.3,0.15,0.0,0.0,0.3,0.2461212976022567,0.16558112606744826,0.1800550007236937,0.9961484593837534,1.0311624649859943,0.172818063395571,1.013655462184874,0.014473874656245465,0.0350140056022409,0.3582672447212817
svg/g/circle_637,0.125,0.7071067811865476,0.9022407438911175,0.7969888616664275,0.9502487562189051,0.6058823529411764,0.3,0.15,0.0,0.0,0.3,0.24576868829337095,0.16558112606744826,0.1800550007236937,1.039565826330532,1.0745798319327728,0.172818063395571,1.0570728291316525,0.014473874656245465,0.0350140056022409,0.3582672447212817
svg/g/circle_636,0.125,0.7071067811865476,0.5351380944726464,0.9987637860920051,0.536,0.5098039215686274,0.3,0.15,0.0,0.0,0.3,0.2454160789844852,0.16558112606744826,0.1800550007236937,1.0826330532212884,1.1176470588235292,0.172818063395571,1.1001400560224088,0.014473874656245465,0.0350140056022409,0.3582672447212817
svg/g/circle_635,0.125,0.7071067811865476,0.9314269915162114,0.7527266329282903,0.33603238866396756,0.48431372549019613,0.3,0.15,0.0,0.0,0.3,0.24506346967559944,0.16558112606744826,0.1800550007236937,1.1260504201680672,1.1610644257703082,0.172818063395571,1.1435574229691876,0.014473874656245465,0.0350140056022409,0.3582672447212817
svg/g/circle_634,0.125,0.7071067811865476,0.11849808281423613,0.1768030210791156,1.0,0.5647058823529413,0.3,0.15,0.0,0.0,0.3,0.2447108603667137,0.1833839918946302,0.19785786655087567,0.9527310924369748,0.9877450980392157,0.19062092922275292,0.9702380952380952,0.014473874656245465,0.0350140056022409,0.3582672447212817
svg/g/circle_633,0.125,0.7071067811865476,0.11849808281423613,0.1768030210791156,1.0,0.5647058823529413,0.3,0.15,0.0,0.0,0.3,0.24435825105782794,0.1833839918946302,0.19785786655087567,0.9961484593837534,1.0311624649859943,0.19062092922275292,1.013655462184874,0.014473874656245465,0.0350140056022409,0.3582672447212817
svg/g/circle_632,0.125,0.7071067811865476,0.9022407438911175,0.7969888616664275,0.9502487562189051,0.6058823529411764,0.3,0.15,0.0,0.0,0.3,0.24400564174894218,0.1833839918946302,0.19785786655087567,1.039565826330532,1.0745798319327728,0.19062092922275292,1.0570728291316525,0.014473874656245465,0.0350140056022409,0.3582672447212817
svg/g/circle_631,0.125,0.7071067811865476,0.5351380944726464,0.9987637860920051,0.536,0.5098039215686274,0.3,0.15,0.0,0.0,0.3,0.24365303244005643,0.1833839918946302,0.19785786655087567,1.0826330532212884,1.1176470588235292,0.19062092922275292,1.1001400560224088,0.014473874656245465,0.0350140056022409,0.3582672447212817
svg/g/circle_630,0.125,0.7071067811865476,0.9314269915162114,0.7527266329282903,0.33603238866396756,0.48431372549019613,0.3,0.15,0.0,0.0,0.3,0.24330042313117067,0.1833839918946302,0.19785786655087567,1.1260504201680672,1.1610644257703082,0.19062092922275292,1.1435574229691876,0.014473874656245465,0.0350140056022409,0.3582672447212817
svg/g/circle_629,0.125,0.7071067811865476,0.11849808281423613,0.1768030210791156,1.0,0.5647058823529413,0.3,0.15,0.0,0.0,0.3,0.24294781382228492,0.20133159646837456,0.21580547112462006,0.9527310924369748,0.9877450980392157,0.2085685337964973,0.9702380952380952,0.014473874656245505,0.0350140056022409,0.3582672447212817
svg/g/circle_628,0.125,0.7071067811865476,0.11849808281423613,0.1768030210791156,1.0,0.5647058823529413,0.3,0.15,0.0,0.0,0.3,0.24259520451339917,0.20133159646837456,0.21580547112462006,0.9961484593837534,1.0311624649859943,0.2085685337964973,1.013655462184874,0.014473874656245505,0.0350140056022409,0.3582672447212817
svg/g/circle_627,0.125,0.7071067811865476,0.9022407438911175,0.7969888616664275,0.9502487562189051,0.6058823529411764,0.3,0.15,0.0,0.0,0.3,0.2422425952045134,0.20133159646837456,0.21580547112462006,1.039565826330532,1.0745798319327728,0.2085685337964973,1.0570728291316525,0.014473874656245505,0.0350140056022409,0.3582672447212817
svg/g/circle_626,0.125,0.7071067811865476,0.5351380944726464,0.9987637860920051,0.536,0.5098039215686274,0.3,0.15,0.0,0.0,0.3,0.24188998589562766,0.20133159646837456,0.21580547112462006,1.0826330532212884,1.1176470588235292,0.2085685337964973,1.1001400560224088,0.014473874656245505,0.0350140056022409,0.3582672447212817
svg/g/circle_625,0.125,0.7071067811865476,0.9314269915162114,0.7527266329282903,0.33603238866396756,0.48431372549019613,0.3,0.15,0.0,0.0,0.3,0.2415373765867419,0.20133159646837456,0.21580547112462006,1.1260504201680672,1.1610644257703082,0.2085685337964973,1.1435574229691876,0.014473874656245505,0.0350140056022409,0.3582672447212817
svg/g/circle_624,0.125,0.7071067811865476,0.11849808281423613,0.1768030210791156,1.0,0.5647058823529413,0.3,0.15,0.0,0.0,0.3,0.24118476727785615,0.21927920104211895,0.23375307569836445,0.9527310924369748,0.9877450980392157,0.2265161383702417,0.9702380952380952,0.014473874656245505,0.0350140056022409,0.3582672447212817
svg/g/circle_623,0.125,0.7071067811865476,0.11849808281423613,0.1768030210791156,1.0,0.5647058823529413,0.3,0.15,0.0,0.0,0.3,0.2408321579689704,0.21927920104211895,0.23375307569836445,0.9961484593837534,1.0311624649859943,0.2265161383702417,1.013655462184874,0.014473874656245505,0.0350140056022409,0.3582672447212817
svg/g/circle_622,0.125,0.7071067811865476,0.9022407438911175,0.7969888616664275,0.9502487562189051,0.6058823529411764,0.3,0.15,0.0,0.0,0.3,0.2404795486600846,0.21927920104211895,0.23375307569836445,1.039565826330532,1.0745798319327728,0.2265161383702417,1.0570728291316525,0.014473874656245505,0.0350140056022409,0.3582672447212817
svg/g/circle_621,0.125,0.7071067811865476,0.9314269915162114,0.7527266329282903,0.33603238866396756,0.48431372549019613,0.3,0.15,0.0,0.0,0.3,0.24012693935119886,0.21927920104211895,0.23375307569836445,1.0826330532212884,1.1176470588235292,0.2265161383702417,1.1001400560224088,0.014473874656245505,0.0350140056022409,0.3582672447212817
svg/g/circle_620,0.125,0.7071067811865476,0.9314269915162114,0.7527266329282903,0.33603238866396756,0.48431372549019613,0.3,0.15,0.0,0.0,0.3,0.2397743300423131,0.21927920104211895,0.23375307569836445,1.1260504201680672,1.1610644257703082,0.2265161383702417,1.1435574229691876,0.014473874656245505,0.0350140056022409,0.3582672447212817
svg/g/circle_619,0.125,0.7071067811865476,0.11849808281423613,0.1768030210791156,1.0,0.5647058823529413,0.3,0.15,0.0,0.0,0.3,0.23942172073342735,0.23693732812273846,0.25141120277898393,0.9527310924369748,0.9877450980392157,0.24417426545086118,0.9702380952380952,0.014473874656245465,0.0350140056022409,0.3582672447212817
svg/g/circle_618,0.125,0.7071067811865476,0.11849808281423613,0.1768030210791156,1.0,0.5647058823529413,0.3,0.15,0.0,0.0,0.3,0.2390691114245416,0.23693732812273846,0.25141120277898393,0.9961484593837534,1.0311624649859943,0.24417426545086118,1.013655462184874,0.014473874656245465,0.0350140056022409,0.3582672447212817
svg/g/circle_617,0.125,0.7071067811865476,0.9022407438911175,0.7969888616664275,0.9502487562189051,0.6058823529411764,0.3,0.15,0.0,0.0,0.3,0.23871650211565584,0.23693732812273846,0.25141120277898393,1.039565826330532,1.0745798319327728,0.24417426545086118,1.0570728291316525,0.014473874656245465,0.0350140056022409,0.3582672447212817
svg/g/circle_616,0.125,0.7071067811865476,0.9314269915162114,0.7527266329282903,0.33603238866396756,0.48431372549019613,0.3,0.15,0.0,0.0,0.3,0.2383638928067701,0.23693732812273846,0.25141120277898393,1.0826330532212884,1.1176470588235292,0.24417426545086118,1.1001400560224088,0.014473874656245465,0.0350140056022409,0.3582672447212817
svg/g/circle_615,0.125,0.7071067811865476,0.9314269915162114,0.7527266329282903,0.33603238866396756,0.48431372549019613,0.3,0.15,0.0,0.0,0.3,0.23801128349788434,0.23693732812273846,0.25141120277898393,1.1260504201680672,1.1610644257703082,0.24417426545086118,1.1435574229691876,0.014473874656245465,0.0350140056022409,0.3582672447212817
svg/g/circle_614,0.125,0.7071067811865476,0.11849808281423613,0.1768030210791156,1.0,0.5647058823529413,0.3,0.15,0.0,0.0,0.3,0.23765867418899858,0.2548849326964828,0.26935880735272827,0.9527310924369748,0.9877450980392157,0.2621218700246056,0.9702380952380952,0.014473874656245465,0.0350140056022409,0.3582672447212817
svg/g/circle_613,0.125,0.7071067811865476,0.11849808281423613,0.1768030210791156,1.0,0.5647058823529413,0.3,0.15,0.0,0.0,0.3,0.23730606488011283,0.2548849326964828,0.26935880735272827,0.9961484593837534,1.0311624649859943,0.2621218700246056,1.013655462184874,0.014473874656245465,0.0350140056022409,0.3582672447212817
svg/g/circle_612,0.125,0.7071067811865476,0.9022407438911175,0.7969888616664275,0.9502487562189051,0.6058823529411764,0.3,0.15,0.0,0.0,0.3,0.23695345557122707,0.2548849326964828,0.26935880735272827,1.039565826330532,1.0745798319327728,0.2621218700246056,1.0570728291316525,0.014473874656245465,0.0350140056022409,0.3582672447212817
svg/g/circle_611,0.125,0.7071067811865476,0.9314269915162114,0.7527266329282903,0.33603238866396756,0.48431372549019613,0.3,0.15,0.0,0.0,0.3,0.23660084626234132,0.2548849326964828,0.26935880735272827,1.0826330532212884,1.1176470588235292,0.2621218700246056,1.1001400560224088,0.014473874656245465,0.0350140056022409,0.3582672447212817
svg/g/circle_610,0.125,0.7071067811865476,0.9314269915162114,0.7527266329282903,0.33603238866396756,0.48431372549019613,0.3,0.15,0.0,0.0,0.3,0.23624823695345556,0.2548849326964828,0.26935880735272827,1.1260504201680672,1.1610644257703082,0.2621218700246056,1.1435574229691876,0.014473874656245465,0.0350140056022409,0.3582672447212817
svg/g/circle_609,0.125,0.7071067811865476,0.11849808281423613,0.1768030210791156,1.0,0.5647058823529413,0.3,0.15,0.0,0.0,0.3,0.2358956276445698,0.2728325372702272,0.2873064119264727,0.9527310924369748,0.9877450980392157,0.28006947459834997,0.9702380952380952,0.014473874656245465,0.0350140056022409,0.3582672447212817
svg/g/circle_608,0.125,0.7071067811865476,0.11849808281423613,0.1768030210791156,1.0,0.5647058823529413,0.3,0.15,0.0,0.0,0.3,0.23554301833568406,0.2728325372702272,0.2873064119264727,0.9961484593837534,1.0311624649859943,0.28006947459834997,1.013655462184874,0.014473874656245465,0.0350140056022409,0.3582672447212817
svg/g/circle_607,0.125,0.7071067811865476,0.9022407438911175,0.7969888616664275,0.9502487562189051,0.6058823529411764,0.3,0.15,0.0,0.0,0.3,0.2351904090267983,0.2728325372702272,0.2873064119264727,1.039565826330532,1.0745798319327728,0.28006947459834997,1.0570728291316525,0.014473874656245465,0.0350140056022409,0.3582672447212817
svg/g/circle_606,0.125,0.7071067811865476,0.9314269915162114,0.7527266329282903,0.33603238866396756,0.48431372549019613,0.3,0.15,0.0,0.0,0.3,0.23483779971791255,0.2728325372702272,0.2873064119264727,1.0826330532212884,1.1176470588235292,0.28006947459834997,1.1001400560224088,0.014473874656245465,0.0350140056022409,0.3582672447212817
svg/g/circle_605,0.125,0.7071067811865476,0.9314269915162114,0.7527266329282903,0.33603238866396756,0.48431372549019613,0.3,0.15,0.0,0.0,0.3,0.2344851904090268,0.2728325372702272,0.2873064119264727,1.1260504201680672,1.1610644257703082,0.28006947459834997,1.1435574229691876,0.014473874656245465,0.0350140056022409,0.3582672447212817
svg/g/circle_604,0.125,0.7071067811865476,0.11849808281423613,0.1768030210791156,1.0,0.5647058823529413,0.3,0.15,0.0,0.0,0.3,0.23413258110014104,0.2906354030974092,0.30510927775365465,0.9527310924369748,0.9877450980392157,0.29787234042553196,0.9702380952380952,0.014473874656245465,0.0350140056022409,0.3582672447212817
svg/g/circle_603,0.125,0.7071067811865476,0.9947932582778187,0.5719696572370596,0.8529411764705883,0.6,0.3,0.15,0.0,0.0,0.3,0.2337799717912553,0.2906354030974092,0.30510927775365465,0.9961484593837534,1.0311624649859943,0.29787234042553196,1.013655462184874,0.014473874656245465,0.0350140056022409,0.3582672447212817
svg/g/circle_602,0.125,0.7071067811865476,0.5351380944726464,0.9987637860920051,0.536,0.5098039215686274,0.3,0.15,0.0,0.0,0.3,0.23342736248236953,0.2906354030974092,0.30510927775365465,1.039565826330532,1.0745798319327728,0.29787234042553196,1.0570728291316525,0.014473874656245465,0.0350140056022409,0.3582672447212817
svg/g/circle_601,0.125,0.7071067811865476,0.9314269915162114,0.7527266329282903,0.33603238866396756,0.48431372549019613,0.3,0.15,0.0,0.0,0.3,0.23307475317348378,0.2906354030974092,0.30510927775365465,1.0826330532212884,1.1176470588235292,0.29787234042553196,1.1001400560224088,0.014473874656245465,0.0350140056022409,0.3582672447212817
svg/g/circle_600,0.125,0.7071067811865476,0.9314269915162114,0.7527266329282903,0.33603238866396756,0.48431372549019613,0.3,0.15,0.0,0.0,0.3,0.23272214386459802,0.2906354030974092,0.30510927775365465,1.1260504201680672,1.1610644257703082,0.29787234042553196,1.1435574229691876,0.014473874656245465,0.0350140056022409,0.3582672447212817
svg/g/circle_599,0.125,0.7071067811865476,0.11849808281423613,0.1768030210791156,1.0,0.5647058823529413,0.3,0.15,0.0,0.0,0.3,0.23236953455571227,0.308727746417716,0.3232016210739615,0.9527310924369748,0.9877450980392157,0.31596468374583875,0.9702380952380952,0.014473874656245465,0.0350140056022409,0.3582672447212817
svg/g/circle_598,0.125,0.7071067811865476,0.9947932582778187,0.5719696572370596,0.8529411764705883,0.6,0.3,0.15,0.0,0.0,0.3,0.23201692524682652,0.308727746417716,0.3232016210739615,0.9961484593837534,1.0311624649859943,0.31596468374583875,1.013655462184874,0.014473874656245465,0.0350140056022409,0.3582672447212817
svg/g/circle_597,0.125,0.7071067811865476,0.5351380944726464,0.9987637860920051,0.536,0.5098039215686274,0.3,0.15,0.0,0.0,0.3,0.23166431593794076,0.308727746417716,0.3232016210739615,1.039565826330532,1.0745798319327728,0.31596468374583875,1.0570728291316525,0.014473874656245465,0.0350140056022409,0.3582672447212817
svg/g/circle_596,0.125,0.7071067811865476,0.9314269915162114,0.7527266329282903,0.33603238866396756,0.48431372549019613,0.3,0.15,0.0,0.0,0.3,0.231311706629055,0.308727746417716,0.3232016210739615,1.0826330532212884,1.1176470588235292,0.31596468374583875,1.1001400560224088,0.014473874656245465,0.0350140056022409,0.3582672447212817
svg/g/circle_595,0.125,0.7071067811865476,0.9314269915162114,0.7527266329282903,0.33603238866396756,0.48431372549019613,0.3,0.15,0.0,0.0,0.3,0.23095909732016925,0.308727746417716,0.3232016210739615,1.1260504201680672,1.1610644257703082,0.31596468374583875,1.1435574229691876,0.014473874656245465,0.0350140056022409,0.3582672447212817
svg/g/circle_594,0.125,0.7071067811865476,0.11849808281423613,0.1768030210791156,1.0,0.5647058823529413,0.3,0.15,0.0,0.0,0.3,0.2306064880112835,0.3266753509914604,0.34114922564770583,0.9527310924369748,0.9877450980392157,0.33391228831958314,0.9702380952380952,0.014473874656245465,0.0350140056022409,0.3582672447212817
svg/g/circle_593,0.125,0.7071067811865476,0.9947932582778187,0.5719696572370596,0.8529411764705883,0.6,0.3,0.15,0.0,0.0,0.3,0.23025387870239775,0.3266753509914604,0.34114922564770583,0.9961484593837534,1.0311624649859943,0.33391228831958314,1.013655462184874,0.014473874656245465,0.0350140056022409,0.3582672447212817
svg/g/circle_592,0.125,0.7071067811865476,0.5351380944726464,0.9987637860920051,0.536,0.5098039215686274,0.3,0.15,0.0,0.0,0.3,0.229901269393512,0.3266753509914604,0.34114922564770583,1.039565826330532,1.0745798319327728,0.33391228831958314,1.0570728291316525,0.014473874656245465,0.0350140056022409,0.3582672447212817
svg/g/circle_591,0.125,0.7071067811865476,0.9314269915162114,0.7527266329282903,0.33603238866396756,0.48431372549019613,0.3,0.15,0.0,0.0,0.3,0.22954866008462624,0.3266753509914604,0.34114922564770583,1.0826330532212884,1.1176470588235292,0.33391228831958314,1.1001400560224088,0.014473874656245465,0.0350140056022409,0.3582672447212817
svg/g/circle_590,0.125,0.7071067811865476,0.9314269915162114,0.7527266329282903,0.33603238866396756,0.48431372549019613,0.3,0.15,0.0,0.0,0.3,0.22919605077574048,0.3266753509914604,0.34114922564770583,1.1260504201680672,1.1610644257703082,0.33391228831958314,1.1435574229691876,0.014473874656245465,0.0350140056022409,0.3582672447212817
svg/g/circle_589,0.125,0.7071067811865476,0.11849808281423613,0.1768030210791156,1.0,0.5647058823529413,0.3,0.15,0.0,0.0,0.3,0.22884344146685473,0.39238674193081485,0.40686061658706035,0.9527310924369748,0.9877450980392157,0.3996236792589376,0.9702380952380952,0.014473874656245505,0.0350140056022409,0.3582672447212817
svg/g/circle_588,0.125,0.7071067811865476,0.11849808281423613,0.1768030210791156,1.0,0.5647058823529413,0.3,0.15,0.0,0.0,0.3,0.22849083215796898,0.39238674193081485,0.40686061658706035,0.9961484593837534,1.0311624649859943,0.3996236792589376,1.013655462184874,0.014473874656245505,0.0350140056022409,0.3582672447212817
svg/g/circle_587,0.125,0.7071067811865476,0.11849808281423613,0.1768030210791156,1.0,0.5647058823529413,0.3,0.15,0.0,0.0,0.3,0.22813822284908322,0.39238674193081485,0.40686061658706035,1.039565826330532,1.0745798319327728,0.3996236792589376,1.0570728291316525,0.014473874656245505,0.0350140056022409,0.3582672447212817
svg/g/circle_586,0.125,0.7071067811865476,0.9947932582778187,0.5719696572370596,0.8529411764705883,0.6,0.3,0.15,0.0,0.0,0.3,0.22778561354019747,0.39238674193081485,0.40686061658706035,1.0826330532212884,1.1176470588235292,0.3996236792589376,1.1001400560224088,0.014473874656245505,0.0350140056022409,0.3582672447212817
svg/g/circle_585,0.125,0.7071067811865476,0.9022407438911175,0.7969888616664275,0.9502487562189051,0.6058823529411764,0.3,0.15,0.0,0.0,0.3,0.22743300423131171,0.39238674193081485,0.40686061658706035,1.1260504201680672,1.1610644257703082,0.3996236792589376,1.1435574229691876,0.014473874656245505,0.0350140056022409,0.3582672447212817
svg/g/circle_584,0.125,0.7071067811865476,0.11849808281423613,0.1768030210791156,1.0,0.5647058823529413,0.3,0.15,0.0,0.0,0.3,0.22708039492242596,0.41033434650455924,0.4248082211608047,0.9527310924369748,0.9877450980392157,0.41757128383268194,0.9702380952380952,0.014473874656245427,0.0350140056022409,0.3582672447212817
svg/g/circle_583,0.125,0.7071067811865476,0.11849808281423613,0.1768030210791156,1.0,0.5647058823529413,0.3,0.15,0.0,0.0,0.3,0.2267277856135402,0.41033434650455924,0.4248082211608047,0.9961484593837534,1.0311624649859943,0.41757128383268194,1.013655462184874,0.014473874656245427,0.0350140056022409,0.3582672447212817
svg/g/circle_582,0.125,0.7071067811865476,0.11849808281423613,0.1768030210791156,1.0,0.5647058823529413,0.3,0.15,0.0,0.0,0.3,0.22637517630465445,0.41033434650455924,0.4248082211608047,1.039565826330532,1.0745798319327728,0.41757128383268194,1.0570728291316525,0.014473874656245427,0.0350140056022409,0.3582672447212817
svg/g/circle_581,0.125,0.7071067811865476,0.9947932582778187,0.5719696572370596,0.8529411764705883,0.6,0.3,0.15,0.0,0.0,0.3,0.2260225669957687,0.41033434650455924,0.4248082211608047,1.0826330532212884,1.1176470588235292,0.41757128383268194,1.1001400560224088,0.014473874656245427,0.0350140056022409,0.3582672447212817
svg/g/circle_580,0.125,0.7071067811865476,0.9022407438911175,0.7969888616664275,0.9502487562189051,0.6058823529411764,0.3,0.15,0.0,0.0,0.3,0.22566995768688294,0.41033434650455924,0.4248082211608047,1.1260504201680672,1.1610644257703082,0.41757128383268194,1.1435574229691876,0.014473874656245427,0.0350140056022409,0.3582672447212817
svg/g/circle_579,0.125,0.7071067811865476,0.11849808281423613,0.1768030210791156,1.0,0.5647058823529413,0.3,0.15,0.0,0.0,0.3,0.2253173483779972,0.42828195107830364,0.44275582573454914,0.9527310924369748,0.9877450980392157,0.4355188884064264,0.9702380952380952,0.014473874656245505,0.0350140056022409,0.3582672447212817
svg/g/circle_578,0.125,0.7071067811865476,0.11849808281423613,0.1768030210791156,1.0,0.5647058823529413,0.3,0.15,0.0,0.0,0.3,0.22496473906911144,0.42828195107830364,0.44275582573454914,0.9961484593837534,1.0311624649859943,0.4355188884064264,1.013655462184874,0.014473874656245505,0.0350140056022409,0.3582672447212817
svg/g/circle_577,0.125,0.7071067811865476,0.11849808281423613,0.1768030210791156,1.0,0.5647058823529413,0.3,0.15,0.0,0.0,0.3,0.22461212976022568,0.42828195107830364,0.44275582573454914,1.039565826330532,1.0745798319327728,0.4355188884064264,1.0570728291316525,0.014473874656245505,0.0350140056022409,0.3582672447212817
svg/g/circle_576,0.125,0.7071067811865476,0.9947932582778187,0.5719696572370596,0.8529411764705883,0.6,0.3,0.15,0.0,0.0,0.3,0.2242595204513399,0.42828195107830364,0.44275582573454914,1.0826330532212884,1.1176470588235292,0.4355188884064264,1.1001400560224088,0.014473874656245505,0.0350140056022409,0.3582672447212817
svg/g/circle_575,0.125,0.7071067811865476,0.9022407438911175,0.7969888616664275,0.9502487562189051,0.6058823529411764,0.3,0.15,0.0,0.0,0.3,0.22390691114245415,0.42828195107830364,0.44275582573454914,1.1260504201680672,1.1610644257703082,0.4355188884064264,1.1435574229691876,0.014473874656245505,0.0350140056022409,0.3582672447212817
svg/g/circle_574,0.125,0.7071067811865476,0.11849808281423613,0.1768030210791156,1.0,0.5647058823529413,0.3,0.15,0.0,0.0,0.3,0.2235543018335684,0.44608481690548557,0.460558691561731,0.9527310924369748,0.9877450980392157,0.4533217542336082,0.9702380952380952,0.014473874656245427,0.0350140056022409,0.3582672447212817
svg/g/circle_573,0.125,0.7071067811865476,0.11849808281423613,0.1768030210791156,1.0,0.5647058823529413,0.3,0.15,0.0,0.0,0.3,0.22320169252468264,0.44608481690548557,0.460558691561731,0.9961484593837534,1.0311624649859943,0.4533217542336082,1.013655462184874,0.014473874656245427,0.0350140056022409,0.3582672447212817
svg/g/circle_572,0.125,0.7071067811865476,0.11849808281423613,0.1768030210791156,1.0,0.5647058823529413,0.3,0.15,0.0,0.0,0.3,0.22284908321579688,0.44608481690548557,0.460558691561731,1.039565826330532,1.0745798319327728,0.4533217542336082,1.0570728291316525,0.014473874656245427,0.0350140056022409,0.3582672447212817
svg/g/circle_571,0.125,0.7071067811865476,0.9947932582778187,0.5719696572370596,0.8529411764705883,0.6,0.3,0.15,0.0,0.0,0.3,0.22249647390691113,0.44608481690548557,0.460558691561731,1.0826330532212884,1.1176470588235292,0.4533217542336082,1.1001400560224088,0.014473874656245427,0.0350140056022409,0.3582672447212817
svg/g/circle_570,0.125,0.7071067811865476,0.9022407438911175,0.7969888616664275,0.9502487562189051,0.6058823529411764,0.3,0.15,0.0,0.0,0.3,0.22214386459802538,0.44608481690548557,0.460558691561731,1.1260504201680672,1.1610644257703082,0.4533217542336082,1.1435574229691876,0.014473874656245427,0.0350140056022409,0.3582672447212817
svg/g/circle_569,0.125,0.7071067811865476,0.11849808281423613,0.1768030210791156,1.0,0.5647058823529413,0.3,0.15,0.0,0.0,0.3,0.22179125528913962,0.4641771602257925,0.478651034882038,0.9527310924369748,0.9877450980392157,0.4714140975539152,0.9702380952380952,0.014473874656245505,0.0350140056022409,0.3582672447212817
svg/g/circle_568,0.125,0.7071067811865476,0.11849808281423613,0.1768030210791156,1.0,0.5647058823529413,0.3,0.15,0.0,0.0,0.3,0.22143864598025387,0.4641771602257925,0.478651034882038,0.9961484593837534,1.0311624649859943,0.4714140975539152,1.013655462184874,0.014473874656245505,0.0350140056022409,0.3582672447212817
svg/g/circle_567,0.125,0.7071067811865476,0.11849808281423613,0.1768030210791156,1.0,0.5647058823529413,0.3,0.15,0.0,0.0,0.3,0.2210860366713681,0.4641771602257925,0.478651034882038,1.039565826330532,1.0745798319327728,0.4714140975539152,1.0570728291316525,0.014473874656245505,0.0350140056022409,0.3582672447212817
svg/g/circle_566,0.125,0.7071067811865476,0.9947932582778187,0.5719696572370596,0.8529411764705883,0.6,0.3,0.15,0.0,0.0,0.3,0.22073342736248236,0.4641771602257925,0.478651034882038,1.0826330532212884,1.1176470588235292,0.4714140975539152,1.1001400560224088,0.014473874656245505,0.0350140056022409,0.3582672447212817
svg/g/circle_565,0.125,0.7071067811865476,0.5351380944726464,0.9987637860920051,0.536,0.5098039215686274,0.3,0.15,0.0,0.0,0.3,0.2203808180535966,0.4641771602257925,0.478651034882038,1.1260504201680672,1.1610644257703082,0.4714140975539152,1.1435574229691876,0.014473874656245505,0.0350140056022409,0.3582672447212817
svg/g/circle_564,0.125,0.7071067811865476,0.11849808281423613,0.1768030210791156,1.0,0.5647058823529413,0.3,0.15,0.0,0.0,0.3,0.22002820874471085,0.4821247647995369,0.49659863945578225,0.9527310924369748,0.9877450980392157,0.4893617021276596,0.9702380952380952,0.014473874656245346,0.0350140056022409,0.3582672447212817
svg/g/circle_563,0.125,0.7071067811865476,0.11849808281423613,0.1768030210791156,1.0,0.5647058823529413,0.3,0.15,0.0,0.0,0.3,0.2196755994358251,0.4821247647995369,0.49659863945578225,0.9961484593837534,1.0311624649859943,0.4893617021276596,1.013655462184874,0.014473874656245346,0.0350140056022409,0.3582672447212817
svg/g/circle_562,0.125,0.7071067811865476,0.11849808281423613,0.1768030210791156,1.0,0.5647058823529413,0.3,0.15,0.0,0.0,0.3,0.21932299012693934,0.4821247647995369,0.49659863945578225,1.039565826330532,1.0745798319327728,0.4893617021276596,1.0570728291316525,0.014473874656245346,0.0350140056022409,0.3582672447212817
svg/g/circle_561,0.125,0.7071067811865476,0.9947932582778187,0.5719696572370596,0.8529411764705883,0.6,0.3,0.15,0.0,0.0,0.3,0.2189703808180536,0.4821247647995369,0.49659863945578225,1.0826330532212884,1.1176470588235292,0.4893617021276596,1.1001400560224088,0.014473874656245346,0.0350140056022409,0.3582672447212817
svg/g/circle_560,0.125,0.7071067811865476,0.5351380944726464,0.9987637860920051,0.536,0.5098039215686274,0.3,0.15,0.0,0.0,0.3,0.21861777150916784,0.4821247647995369,0.49659863945578225,1.1260504201680672,1.1610644257703082,0.4893617021276596,1.1435574229691876,0.014473874656245346,0.0350140056022409,0.3582672447212817
svg/g/circle_559,0.125,0.7071067811865476,0.11849808281423613,0.1768030210791156,1.0,0.5647058823529413,0.3,0.15,0.0,0.0,0.3,0.21826516220028208,0.4996381531335938,0.5141120277898393,0.9527310924369748,0.9877450980392157,0.5068750904617165,0.9702380952380952,0.014473874656245505,0.0350140056022409,0.3582672447212817
svg/g/circle_558,0.125,0.7071067811865476,0.11849808281423613,0.1768030210791156,1.0,0.5647058823529413,0.3,0.15,0.0,0.0,0.3,0.21791255289139633,0.4996381531335938,0.5141120277898393,0.9961484593837534,1.0311624649859943,0.5068750904617165,1.013655462184874,0.014473874656245505,0.0350140056022409,0.3582672447212817
svg/g/circle_557,0.125,0.7071067811865476,0.11849808281423613,0.1768030210791156,1.0,0.5647058823529413,0.3,0.15,0.0,0.0,0.3,0.21755994358251057,0.4996381531335938,0.5141120277898393,1.039565826330532,1.0745798319327728,0.5068750904617165,1.0570728291316525,0.014473874656245505,0.0350140056022409,0.3582672447212817
svg/g/circle_556,0.125,0.7071067811865476,0.9947932582778187,0.5719696572370596,0.8529411764705883,0.6,0.3,0.15,0.0,0.0,0.3,0.21720733427362482,0.4996381531335938,0.5141120277898393,1.0826330532212884,1.1176470588235292,0.5068750904617165,1.1001400560224088,0.014473874656245505,0.0350140056022409,0.3582672447212817
svg/g/circle_555,0.125,0.7071067811865476,0.5351380944726464,0.9987637860920051,0.536,0.5098039215686274,0.3,0.15,0.0,0.0,0.3,0.21685472496473907,0.4996381531335938,0.5141120277898393,1.1260504201680672,1.1610644257703082,0.5068750904617165,1.1435574229691876,0.014473874656245505,0.0350140056022409,0.3582672447212817
svg/g/circle_554,0.125,0.7071067811865476,0.11849808281423613,0.1768030210791156,1.0,0.5647058823529413,0.3,0.15,0.0,0.0,0.3,0.2165021156558533,0.5177304964539008,0.5322043711101461,0.9527310924369748,0.9877450980392157,0.5249674337820234,0.9702380952380952,0.014473874656245346,0.0350140056022409,0.3582672447212817
svg/g/circle_553,0.125,0.7071067811865476,0.11849808281423613,0.1768030210791156,1.0,0.5647058823529413,0.3,0.15,0.0,0.0,0.3,0.21614950634696756,0.5177304964539008,0.5322043711101461,0.9961484593837534,1.0311624649859943,0.5249674337820234,1.013655462184874,0.014473874656245346,0.0350140056022409,0.3582672447212817
svg/g/circle_552,0.125,0.7071067811865476,0.11849808281423613,0.1768030210791156,1.0,0.5647058823529413,0.3,0.15,0.0,0.0,0.3,0.2157968970380818,0.5177304964539008,0.5322043711101461,1.039565826330532,1.0745798319327728,0.5249674337820234,1.0570728291316525,0.014473874656245346,0.0350140056022409,0.3582672447212817
svg/g/circle_551,0.125,0.7071067811865476,0.9947932582778187,0.5719696572370596,0.8529411764705883,0.6,0.3,0.15,0.0,0.0,0.3,0.21544428772919605,0.5177304964539008,0.5322043711101461,1.0826330532212884,1.1176470588235292,0.5249674337820234,1.1001400560224088,0.014473874656245346,0.0350140056022409,0.3582672447212817
svg/g/circle_550,0.125,0.7071067811865476,0.5351380944726464,0.9987637860920051,0.536,0.5098039215686274,0.3,0.15,0.0,0.0,0.3,0.2150916784203103,0.5177304964539008,0.5322043711101461,1.1260504201680672,1.1610644257703082,0.5249674337820234,1.1435574229691876,0.014473874656245346,0.0350140056022409,0.3582672447212817
svg/g/circle_549,0.125,0.7071067811865476,0.11849808281423613,0.1768030210791156,1.0,0.5647058823529413,0.3,0.15,0.0,0.0,0.3,0.21473906911142454,0.535678101027645,0.5501519756838906,0.9527310924369748,0.9877450980392157,0.5429150383557678,0.9702380952380952,0.014473874656245505,0.0350140056022409,0.3582672447212817
svg/g/circle_548,0.125,0.7071067811865476,0.11849808281423613,0.1768030210791156,1.0,0.5647058823529413,0.3,0.15,0.0,0.0,0.3,0.2143864598025388,0.535678101027645,0.5501519756838906,0.9961484593837534,1.0311624649859943,0.5429150383557678,1.013655462184874,0.014473874656245505,0.0350140056022409,0.3582672447212817
svg/g/circle_547,0.125,0.7071067811865476,0.11849808281423613,0.1768030210791156,1.0,0.5647058823529413,0.3,0.15,0.0,0.0,0.3,0.21403385049365303,0.535678101027645,0.5501519756838906,1.039565826330532,1.0745798319327728,0.5429150383557678,1.0570728291316525,0.014473874656245505,0.0350140056022409,0.3582672447212817
svg/g/circle_546,0.125,0.7071067811865476,0.9947932582778187,0.5719696572370596,0.8529411764705883,0.6,0.3,0.15,0.0,0.0,0.3,0.21368124118476728,0.535678101027645,0.5501519756838906,1.0826330532212884,1.1176470588235292,0.5429150383557678,1.1001400560224088,0.014473874656245505,0.0350140056022409,0.3582672447212817
svg/g/circle_545,0.125,0.7071067811865476,0.9314269915162114,0.7527266329282903,0.33603238866396756,0.48431372549019613,0.3,0.15,0.0,0.0,0.3,0.21332863187588152,0.535678101027645,0.5501519756838906,1.1260504201680672,1.1610644257703082,0.5429150383557678,1.1435574229691876,0.014473874656245505,0.0350140056022409,0.3582672447212817
svg/g/circle_544,0.125,0.7071067811865476,0.11849808281423613,0.1768030210791156,1.0,0.5647058823529413,0.3,0.15,0.0,0.0,0.3,0.21297602256699577,0.553480966854827,0.5679548415110725,0.9527310924369748,0.9877450980392157,0.5607179041829496,0.9702380952380952,0.014473874656245505,0.0350140056022409,0.3582672447212817
svg/g/circle_543,0.125,0.7071067811865476,0.11849808281423613,0.1768030210791156,1.0,0.5647058823529413,0.3,0.15,0.0,0.0,0.3,0.21262341325811002,0.553480966854827,0.5679548415110725,0.9961484593837534,1.0311624649859943,0.5607179041829496,1.013655462184874,0.014473874656245505,0.0350140056022409,0.3582672447212817
svg/g/circle_542,0.125,0.7071067811865476,0.11849808281423613,0.1768030210791156,1.0,0.5647058823529413,0.3,0.15,0.0,0.0,0.3,0.21227080394922426,0.553480966854827,0.5679548415110725,1.039565826330532,1.0745798319327728,0.5607179041829496,1.0570728291316525,0.014473874656245505,0.0350140056022409,0.3582672447212817
svg/g/circle_541,0.125,0.7071067811865476,0.9947932582778187,0.5719696572370596,0.8529411764705883,0.6,0.3,0.15,0.0,0.0,0.3,0.2119181946403385,0.553480966854827,0.5679548415110725,1.0826330532212884,1.1176470588235292,0.5607179041829496,1.1001400560224088,0.014473874656245505,0.0350140056022409,0.3582672447212817
svg/g/circle_540,0.125,0.7071067811865476,0.9314269915162114,0.7527266329282903,0.33603238866396756,0.48431372549019613,0.3,0.15,0.0,0.0,0.3,0.21156558533145275,0.553480966854827,0.5679548415110725,1.1260504201680672,1.1610644257703082,0.5607179041829496,1.1435574229691876,0.014473874656245505,0.0350140056022409,0.3582672447212817
svg/g/circle_539,0.125,0.7071067811865476,0.11849808281423613,0.1768030210791156,1.0,0.5647058823529413,0.3,0.15,0.0,0.0,0.3,0.211212976022567,0.5714285714285714,0.5859024460848169,0.9527310924369748,0.9877450980392157,0.5786655087566941,0.9702380952380952,0.014473874656245505,0.0350140056022409,0.3582672447212817
svg/g/circle_538,0.125,0.7071067811865476,0.11849808281423613,0.1768030210791156,1.0,0.5647058823529413,0.3,0.15,0.0,0.0,0.3,0.21086036671368125,0.5714285714285714,0.5859024460848169,0.9961484593837534,1.0311624649859943,0.5786655087566941,1.013655462184874,0.014473874656245505,0.0350140056022409,0.3582672447212817
svg/g/circle_537,0.125,0.7071067811865476,0.11849808281423613,0.1768030210791156,1.0,0.5647058823529413,0.3,0.15,0.0,0.0,0.3,0.2105077574047955,0.5714285714285714,0.5859024460848169,1.039565826330532,1.0745798319327728,0.5786655087566941,1.0570728291316525,0.014473874656245505,0.0350140056022409,0.3582672447212817
svg/g/circle_536,0.125,0.7071067811865476,0.9947932582778187,0.5719696572370596,0.8529411764705883,0.6,0.3,0.15,0.0,0.0,0.3,0.21015514809590974,0.5714285714285714,0.5859024460848169,1.0826330532212884,1.1176470588235292,0.5786655087566941,1.1001400560224088,0.014473874656245505,0.0350140056022409,0.3582672447212817
svg/g/circle_535,0.125,0.7071067811865476,0.9314269915162114,0.7527266329282903,0.33603238866396756,0.48431372549019613,0.3,0.15,0.0,0.0,0.3,0.20980253878702398,0.5714285714285714,0.5859024460848169,1.1260504201680672,1.1610644257703082,0.5786655087566941,1.1435574229691876,0.014473874656245505,0.0350140056022409,0.3582672447212817
svg/g/circle_534,0.125,0.7071067811865476,0.11849808281423613,0.1768030210791156,1.0,0.5647058823529413,0.3,0.15,0.0,0.0,0.3,0.20944992947813823,0.5895209147488784,0.6039947894051237,0.9527310924369748,0.9877450980392157,0.596757852077001,0.9702380952380952,0.014473874656245346,0.0350140056022409,0.3582672447212817
svg/g/circle_533,0.125,0.7071067811865476,0.11849808281423613,0.1768030210791156,1.0,0.5647058823529413,0.3,0.15,0.0,0.0,0.3,0.20909732016925248,0.5895209147488784,0.6039947894051237,0.9961484593837534,1.0311624649859943,0.596757852077001,1.013655462184874,0.014473874656245346,0.0350140056022409,0.3582672447212817
svg/g/circle_532,0.125,0.7071067811865476,0.9947932582778187,0.5719696572370596,0.8529411764705883,0.6,0.3,0.15,0.0,0.0,0.3,0.20874471086036672,0.5895209147488784,0.6039947894051237,1.039565826330532,1.0745798319327728,0.596757852077001,1.0570728291316525,0.014473874656245346,0.0350140056022409,0.3582672447212817
svg/g/circle_531,0.125,0.7071067811865476,0.9947932582778187,0.5719696572370596,0.8529411764705883,0.6,0.3,0.15,0.0,0.0,0.3,0.20839210155148097,0.5895209147488784,0.6039947894051237,1.0826330532212884,1.1176470588235292,0.596757852077001,1.1001400560224088,0.014473874656245346,0.0350140056022409,0.3582672447212817
svg/g/circle_530,0.125,0.7071067811865476,0.11849808281423613,0.1768030210791156,1.0,0.5647058823529413,0.3,0.15,0.0,0.0,0.3,0.20803949224259521,0.6550875669416703,0.6695614415979158,0.9527310924369748,0.9877450980392157,0.6623245042697931,0.9702380952380952,0.014473874656245505,0.0350140056022409,0.3582672447212817
svg/g/circle_529,0.125,0.7071067811865476,0.11849808281423613,0.1768030210791156,1.0,0.5647058823529413,0.3,0.15,0.0,0.0,0.3,0.20768688293370946,0.6550875669416703,0.6695614415979158,0.9961484593837534,1.0311624649859943,0.6623245042697931,1.013655462184874,0.014473874656245505,0.0350140056022409,0.3582672447212817
svg/g/circle_528,0.125,0.7071067811865476,0.11849808281423613,0.1768030210791156,1.0,0.5647058823529413,0.3,0.15,0.0,0.0,0.3,0.2073342736248237,0.6550875669416703,0.6695614415979158,1.039565826330532,1.0745798319327728,0.6623245042697931,1.0570728291316525,0.014473874656245505,0.0350140056022409,0.3582672447212817
svg/g/circle_527,0.125,0.7071067811865476,0.9022407438911175,0.7969888616664275,0.9502487562189051,0.6058823529411764,0.3,0.15,0.0,0.0,0.3,0.20698166431593795,0.6550875669416703,0.6695614415979158,1.0826330532212884,1.1176470588235292,0.6623245042697931,1.1001400560224088,0.014473874656245505,0.0350140056022409,0.3582672447212817
svg/g/circle_526,0.125,0.7071067811865476,0.5351380944726464,0.9987637860920051,0.536,0.5098039215686274,0.3,0.15,0.0,0.0,0.3,0.2066290550070522,0.6550875669416703,0.6695614415979158,1.1260504201680672,1.1610644257703082,0.6623245042697931,1.1435574229691876,0.014473874656245505,0.0350140056022409,0.3582672447212817
svg/g/circle_525,0.125,0.7071067811865476,0.11849808281423613,0.1768030210791156,1.0,0.5647058823529413,0.3,0.15,0.0,0.0,0.3,0.20627644569816644,0.6731799102619772,0.6876537849182226,0.9527310924369748,0.9877450980392157,0.6804168475900998,0.9702380952380952,0.014473874656245346,0.0350140056022409,0.3582672447212817
svg/g/circle_524,0.125,0.7071067811865476,0.11849808281423613,0.1768030210791156,1.0,0.5647058823529413,0.3,0.15,0.0,0.0,0.3,0.2059238363892807,0.6731799102619772,0.6876537849182226,0.9961484593837534,1.0311624649859943,0.6804168475900998,1.013655462184874,0.014473874656245346,0.0350140056022409,0.3582672447212817
svg/g/circle_523,0.125,0.7071067811865476,0.11849808281423613,0.1768030210791156,1.0,0.5647058823529413,0.3,0.15,0.0,0.0,0.3,0.20557122708039494,0.6731799102619772,0.6876537849182226,1.039565826330532,1.0745798319327728,0.6804168475900998,1.0570728291316525,0.014473874656245346,0.0350140056022409,0.3582672447212817
svg/g/circle_522,0.125,0.7071067811865476,0.9022407438911175,0.7969888616664275,0.9502487562189051,0.6058823529411764,0.3,0.15,0.0,0.0,0.3,0.20521861777150918,0.6731799102619772,0.6876537849182226,1.0826330532212884,1.1176470588235292,0.6804168475900998,1.1001400560224088,0.014473874656245346,0.0350140056022409,0.3582672447212817
svg/g/circle_521,0.125,0.7071067811865476,0.5351380944726464,0.9987637860920051,0.536,0.5098039215686274,0.3,0.15,0.0,0.0,0.3,0.20486600846262343,0.6731799102619772,0.6876537849182226,1.1260504201680672,1.1610644257703082,0.6804168475900998,1.1435574229691876,0.014473874656245346,0.0350140056022409,0.3582672447212817
svg/g/circle_520,0.125,0.7071067811865476,0.11849808281423613,0.1768030210791156,1.0,0.5647058823529413,0.3,0.15,0.0,0.0,0.3,0.20451339915373767,0.6911275148357217,0.705601389491967,0.9527310924369748,0.9877450980392157,0.6983644521638442,0.9702380952380952,0.014473874656245505,0.0350140056022409,0.3582672447212817
svg/g/circle_519,0.125,0.7071067811865476,0.11849808281423613,0.1768030210791156,1.0,0.5647058823529413,0.3,0.15,0.0,0.0,0.3,0.20416078984485192,0.6911275148357217,0.705601389491967,0.9961484593837534,1.0311624649859943,0.6983644521638442,1.013655462184874,0.014473874656245505,0.0350140056022409,0.3582672447212817
svg/g/circle_518,0.125,0.7071067811865476,0.11849808281423613,0.1768030210791156,1.0,0.5647058823529413,0.3,0.15,0.0,0.0,0.3,0.20380818053596617,0.6911275148357217,0.705601389491967,1.039565826330532,1.0745798319327728,0.6983644521638442,1.0570728291316525,0.014473874656245505,0.0350140056022409,0.3582672447212817
svg/g/circle_517,0.125,0.7071067811865476,0.9022407438911175,0.7969888616664275,0.9502487562189051,0.6058823529411764,0.3,0.15,0.0,0.0,0.3,0.2034555712270804,0.6911275148357217,0.705601389491967,1.0826330532212884,1.1176470588235292,0.6983644521638442,1.1001400560224088,0.014473874656245505,0.0350140056022409,0.3582672447212817
svg/g/circle_516,0.125,0.7071067811865476,0.5351380944726464,0.9987637860920051,0.536,0.5098039215686274,0.3,0.15,0.0,0.0,0.3,0.20310296191819463,0.6911275148357217,0.705601389491967,1.1260504201680672,1.1610644257703082,0.6983644521638442,1.1435574229691876,0.014473874656245505,0.0350140056022409,0.3582672447212817
svg/g/circle_515,0.125,0.7071067811865476,0.11849808281423613,0.1768030210791156,1.0,0.5647058823529413,0.3,0.15,0.0,0.0,0.3,0.20275035260930888,0.7089303806629035,0.7234042553191489,0.9527310924369748,0.9877450980392157,0.7161673179910262,0.9702380952380952,0.014473874656245346,0.0350140056022409,0.3582672447212817
svg/g/circle_514,0.125,0.7071067811865476,0.11849808281423613,0.1768030210791156,1.0,0.5647058823529413,0.3,0.15,0.0,0.0,0.3,0.20239774330042312,0.7089303806629035,0.7234042553191489,0.9961484593837534,1.0311624649859943,0.7161673179910262,1.013655462184874,0.014473874656245346,0.0350140056022409,0.3582672447212817
svg/g/circle_513,0.125,0.7071067811865476,0.11849808281423613,0.1768030210791156,1.0,0.5647058823529413,0.3,0.15,0.0,0.0,0.3,0.20204513399153737,0.7089303806629035,0.7234042553191489,1.039565826330532,1.0745798319327728,0.7161673179910262,1.0570728291316525,0.014473874656245346,0.0350140056022409,0.3582672447212817
svg/g/circle_512,0.125,0.7071067811865476,0.9022407438911175,0.7969888616664275,0.9502487562189051,0.6058823529411764,0.3,0.15,0.0,0.0,0.3,0.2016925246826516,0.7089303806629035,0.7234042553191489,1.0826330532212884,1.1176470588235292,0.7161673179910262,1.1001400560224088,0.014473874656245346,0.0350140056022409,0.3582672447212817
svg/g/circle_511,0.125,0.7071067811865476,0.5351380944726464,0.9987637860920051,0.536,0.5098039215686274,0.3,0.15,0.0,0.0,0.3,0.20133991537376586,0.7089303806629035,0.7234042553191489,1.1260504201680672,1.1610644257703082,0.7161673179910262,1.1435574229691876,0.014473874656245346,0.0350140056022409,0.3582672447212817
svg/g/circle_510,0.125,0.7071067811865476,0.11849808281423613,0.1768030210791156,1.0,0.5647058823529413,0.3,0.15,0.0,0.0,0.3,0.2009873060648801,0.7268779852366478,0.7413518598928933,0.9527310924369748,0.9877450980392157,0.7341149225647706,0.9702380952380952,0.014473874656245505,0.0350140056022409,0.3582672447212817
svg/g/circle_509,0.125,0.7071067811865476,0.11849808281423613,0.1768030210791156,1.0,0.5647058823529413,0.3,0.15,0.0,0.0,0.3,0.20063469675599435,0.7268779852366478,0.7413518598928933,0.9961484593837534,1.0311624649859943,0.7341149225647706,1.013655462184874,0.014473874656245505,0.0350140056022409,0.3582672447212817
svg/g/circle_508,0.125,0.7071067811865476,0.11849808281423613,0.1768030210791156,1.0,0.5647058823529413,0.3,0.15,0.0,0.0,0.3,0.2002820874471086,0.7268779852366478,0.7413518598928933,1.039565826330532,1.0745798319327728,0.7341149225647706,1.0570728291316525,0.014473874656245505,0.0350140056022409,0.3582672447212817
svg/g/circle_507,0.125,0.7071067811865476,0.9022407438911175,0.7969888616664275,0.9502487562189051,0.6058823529411764,0.3,0.15,0.0,0.0,0.3,0.19992947813822284,0.7268779852366478,0.7413518598928933,1.0826330532212884,1.1176470588235292,0.7341149225647706,1.1001400560224088,0.014473874656245505,0.0350140056022409,0.3582672447212817
svg/g/circle_506,0.125,0.7071067811865476,0.5351380944726464,0.9987637860920051,0.536,0.5098039215686274,0.3,0.15,0.0,0.0,0.3,0.1995768688293371,0.7268779852366478,0.7413518598928933,1.1260504201680672,1.1610644257703082,0.7341149225647706,1.1435574229691876,0.014473874656245505,0.0350140056022409,0.3582672447212817
svg/g/circle_505,0.125,0.7071067811865476,0.11849808281423613,0.1768030210791156,1.0,0.5647058823529413,0.3,0.15,0.0,0.0,0.3,0.19922425952045134,0.7449703285569547,0.7594442032132002,0.9527310924369748,0.9877450980392157,0.7522072658850774,0.9702380952380952,0.014473874656245505,0.0350140056022409,0.3582672447212817
svg/g/circle_504,0.125,0.7071067811865476,0.11849808281423613,0.1768030210791156,1.0,0.5647058823529413,0.3,0.15,0.0,0.0,0.3,0.19887165021156558,0.7449703285569547,0.7594442032132002,0.9961484593837534,1.0311624649859943,0.7522072658850774,1.013655462184874,0.014473874656245505,0.0350140056022409,0.3582672447212817
svg/g/circle_503,0.125,0.7071067811865476,0.11849808281423613,0.1768030210791156,1.0,0.5647058823529413,0.3,0.15,0.0,0.0,0.3,0.19851904090267983,0.7449703285569547,0.7594442032132002,1.039565826330532,1.0745798319327728,0.7522072658850774,1.0570728291316525,0.014473874656245505,0.0350140056022409,0.3582672447212817
svg/g/circle_502,0.125,0.7071067811865476,0.9022407438911175,0.7969888616664275,0.9502487562189051,0.6058823529411764,0.3,0.15,0.0,0.0,0.3,0.19816643159379407,0.7449703285569547,0.7594442032132002,1.0826330532212884,1.1176470588235292,0.7522072658850774,1.1001400560224088,0.014473874656245505,0.0350140056022409,0.3582672447212817
svg/g/circle_501,0.125,0.7071067811865476,0.5351380944726464,0.9987637860920051,0.536,0.5098039215686274,0.3,0.15,0.0,0.0,0.3,0.19781382228490832,0.7449703285569547,0.7594442032132002,1.1260504201680672,1.1610644257703082,0.7522072658850774,1.1435574229691876,0.014473874656245505,0.0350140056022409,0.3582672447212817
svg/g/circle_500,0.125,0.7071067811865476,0.11849808281423613,0.1768030210791156,1.0,0.5647058823529413,0.3,0.15,0.0,0.0,0.3,0.19746121297602257,0.7624837168910117,0.7769575915472572,0.9527310924369748,0.9877450980392157,0.7697206542191344,0.9702380952380952,0.014473874656245505,0.0350140056022409,0.3582672447212817
svg/g/circle_499,0.125,0.7071067811865476,0.11849808281423613,0.1768030210791156,1.0,0.5647058823529413,0.3,0.15,0.0,0.0,0.3,0.1971086036671368,0.7624837168910117,0.7769575915472572,0.9961484593837534,1.0311624649859943,0.7697206542191344,1.013655462184874,0.014473874656245505,0.0350140056022409,0.3582672447212817
svg/g/circle_498,0.125,0.7071067811865476,0.11849808281423613,0.1768030210791156,1.0,0.5647058823529413,0.3,0.15,0.0,0.0,0.3,0.19675599435825106,0.7624837168910117,0.7769575915472572,1.039565826330532,1.0745798319327728,0.7697206542191344,1.0570728291316525,0.014473874656245505,0.0350140056022409,0.3582672447212817
svg/g/circle_497,0.125,0.7071067811865476,0.9022407438911175,0.7969888616664275,0.9502487562189051,0.6058823529411764,0.3,0.15,0.0,0.0,0.3,0.1964033850493653,0.7624837168910117,0.7769575915472572,1.0826330532212884,1.1176470588235292,0.7697206542191344,1.1001400560224088,0.014473874656245505,0.0350140056022409,0.3582672447212817
svg/g/circle_496,0.125,0.7071067811865476,0.5351380944726464,0.9987637860920051,0.536,0.5098039215686274,0.3,0.15,0.0,0.0,0.3,0.19605077574047955,0.7624837168910117,0.7769575915472572,1.1260504201680672,1.1610644257703082,0.7697206542191344,1.1435574229691876,0.014473874656245505,0.0350140056022409,0.3582672447212817
svg/g/circle_495,0.125,0.7071067811865476,0.11849808281423613,0.1768030210791156,1.0,0.5647058823529413,0.3,0.15,0.0,0.0,0.3,0.1956981664315938,0.780431321464756,0.7949051961210015,0.9527310924369748,0.9877450980392157,0.7876682587928787,0.9702380952380952,0.014473874656245505,0.0350140056022409,0.3582672447212817
svg/g/circle_494,0.125,0.7071067811865476,0.11849808281423613,0.1768030210791156,1.0,0.5647058823529413,0.3,0.15,0.0,0.0,0.3,0.19534555712270804,0.780431321464756,0.7949051961210015,0.9961484593837534,1.0311624649859943,0.7876682587928787,1.013655462184874,0.014473874656245505,0.0350140056022409,0.3582672447212817
svg/g/circle_493,0.125,0.7071067811865476,0.9947932582778187,0.5719696572370596,0.8529411764705883,0.6,0.3,0.15,0.0,0.0,0.3,0.1949929478138223,0.780431321464756,0.7949051961210015,1.039565826330532,1.0745798319327728,0.7876682587928787,1.0570728291316525,0.014473874656245505,0.0350140056022409,0.3582672447212817
svg/g/circle_492,0.125,0.7071067811865476,0.9022407438911175,0.7969888616664275,0.9502487562189051,0.6058823529411764,0.3,0.15,0.0,0.0,0.3,0.19464033850493653,0.780431321464756,0.7949051961210015,1.0826330532212884,1.1176470588235292,0.7876682587928787,1.1001400560224088,0.014473874656245505,0.0350140056022409,0.3582672447212817
svg/g/circle_491,0.125,0.7071067811865476,0.5351380944726464,0.9987637860920051,0.536,0.5098039215686274,0.3,0.15,0.0,0.0,0.3,0.19428772919605078,0.780431321464756,0.7949051961210015,1.1260504201680672,1.1610644257703082,0.7876682587928787,1.1435574229691876,0.014473874656245505,0.0350140056022409,0.3582672447212817
svg/g/circle_490,0.125,0.7071067811865476,0.11849808281423613,0.1768030210791156,1.0,0.5647058823529413,0.3,0.15,0.0,0.0,0.3,0.19393511988716503,0.798523664785063,0.8129975394413085,0.9527310924369748,0.9877450980392157,0.8057606021131857,0.9702380952380952,0.014473874656245505,0.0350140056022409,0.3582672447212817
svg/g/circle_489,0.125,0.7071067811865476,0.11849808281423613,0.1768030210791156,1.0,0.5647058823529413,0.3,0.15,0.0,0.0,0.3,0.19358251057827927,0.798523664785063,0.8129975394413085,0.9961484593837534,1.0311624649859943,0.8057606021131857,1.013655462184874,0.014473874656245505,0.0350140056022409,0.3582672447212817
svg/g/circle_488,0.125,0.7071067811865476,0.9947932582778187,0.5719696572370596,0.8529411764705883,0.6,0.3,0.15,0.0,0.0,0.3,0.19322990126939352,0.798523664785063,0.8129975394413085,1.039565826330532,1.0745798319327728,0.8057606021131857,1.0570728291316525,0.014473874656245505,0.0350140056022409,0.3582672447212817
svg/g/circle_487,0.125,0.7071067811865476,0.9022407438911175,0.7969888616664275,0.9502487562189051,0.6058823529411764,0.3,0.15,0.0,0.0,0.3,0.19287729196050776,0.798523664785063,0.8129975394413085,1.0826330532212884,1.1176470588235292,0.8057606021131857,1.1001400560224088,0.014473874656245505,0.0350140056022409,0.3582672447212817
svg/g/circle_486,0.125,0.7071067811865476,0.5351380944726464,0.9987637860920051,0.536,0.5098039215686274,0.3,0.15,0.0,0.0,0.3,0.192524682651622,0.798523664785063,0.8129975394413085,1.1260504201680672,1.1610644257703082,0.8057606021131857,1.1435574229691876,0.014473874656245505,0.0350140056022409,0.3582672447212817
svg/g/circle_485,0.125,0.7071067811865476,0.11849808281423613,0.1768030210791156,1.0,0.5647058823529413,0.3,0.15,0.0,0.0,0.3,0.19217207334273625,0.8161817918656823,0.830655666521928,0.9527310924369748,0.9877450980392157,0.8234187291938052,0.9702380952380952,0.014473874656245667,0.0350140056022409,0.3582672447212817
svg/g/circle_484,0.125,0.7071067811865476,0.11849808281423613,0.1768030210791156,1.0,0.5647058823529413,0.3,0.15,0.0,0.0,0.3,0.1918194640338505,0.8161817918656823,0.830655666521928,0.9961484593837534,1.0311624649859943,0.8234187291938052,1.013655462184874,0.014473874656245667,0.0350140056022409,0.3582672447212817
svg/g/circle_483,0.125,0.7071067811865476,0.9947932582778187,0.5719696572370596,0.8529411764705883,0.6,0.3,0.15,0.0,0.0,0.3,0.19146685472496475,0.8161817918656823,0.830655666521928,1.039565826330532,1.0745798319327728,0.8234187291938052,1.0570728291316525,0.014473874656245667,0.0350140056022409,0.3582672447212817
svg/g/circle_482,0.125,0.7071067811865476,0.9022407438911175,0.7969888616664275,0.9502487562189051,0.6058823529411764,0.3,0.15,0.0,0.0,0.3,0.191114245416079,0.8161817918656823,0.830655666521928,1.0826330532212884,1.1176470588235292,0.8234187291938052,1.1001400560224088,0.014473874656245667,0.0350140056022409,0.3582672447212817
svg/g/circle_481,0.125,0.7071067811865476,0.5351380944726464,0.9987637860920051,0.536,0.5098039215686274,0.3,0.15,0.0,0.0,0.3,0.19076163610719324,0.8161817918656823,0.830655666521928,1.1260504201680672,1.1610644257703082,0.8234187291938052,1.1435574229691876,0.014473874656245667,0.0350140056022409,0.3582672447212817
svg/g/circle_480,0.125,0.7071067811865476,0.11849808281423613,0.1768030210791156,1.0,0.5647058823529413,0.3,0.15,0.0,0.0,0.3,0.19040902679830748,0.8342741351859893,0.8487480098422348,0.9527310924369748,0.9877450980392157,0.8415110725141121,0.9702380952380952,0.014473874656245505,0.0350140056022409,0.3582672447212817
svg/g/circle_479,0.125,0.7071067811865476,0.11849808281423613,0.1768030210791156,1.0,0.5647058823529413,0.3,0.15,0.0,0.0,0.3,0.19005641748942173,0.8342741351859893,0.8487480098422348,0.9961484593837534,1.0311624649859943,0.8415110725141121,1.013655462184874,0.014473874656245505,0.0350140056022409,0.3582672447212817
svg/g/circle_478,0.125,0.7071067811865476,0.9022407438911175,0.7969888616664275,0.9502487562189051,0.6058823529411764,0.3,0.15,0.0,0.0,0.3,0.18970380818053595,0.8342741351859893,0.8487480098422348,1.039565826330532,1.0745798319327728,0.8415110725141121,1.0570728291316525,0.014473874656245505,0.0350140056022409,0.3582672447212817
svg/g/circle_477,0.125,0.7071067811865476,0.9022407438911175,0.7969888616664275,0.9502487562189051,0.6058823529411764,0.3,0.15,0.0,0.0,0.3,0.1893511988716502,0.8342741351859893,0.8487480098422348,1.0826330532212884,1.1176470588235292,0.8415110725141121,1.1001400560224088,0.014473874656245505,0.0350140056022409,0.3582672447212817
svg/g/circle_476,0.125,0.7071067811865476,0.11849808281423613,0.1768030210791156,1.0,0.5647058823529413,0.3,0.15,0.0,0.0,0.3,0.18899858956276444,0.8522217397597336,0.8666956144159791,0.9527310924369748,0.9877450980392157,0.8594586770878563,0.9702380952380952,0.014473874656245505,0.0350140056022409,0.3582672447212817
svg/g/circle_475,0.125,0.7071067811865476,0.11849808281423613,0.1768030210791156,1.0,0.5647058823529413,0.3,0.15,0.0,0.0,0.3,0.1886459802538787,0.8522217397597336,0.8666956144159791,0.9961484593837534,1.0311624649859943,0.8594586770878563,1.013655462184874,0.014473874656245505,0.0350140056022409,0.3582672447212817
svg/g/circle_474,0.125,0.7071067811865476,0.9022407438911175,0.7969888616664275,0.9502487562189051,0.6058823529411764,0.3,0.15,0.0,0.0,0.3,0.18829337094499293,0.8522217397597336,0.8666956144159791,1.039565826330532,1.0745798319327728,0.8594586770878563,1.0570728291316525,0.014473874656245505,0.0350140056022409,0.3582672447212817
svg/g/circle_473,0.125,0.7071067811865476,0.9022407438911175,0.7969888616664275,0.9502487562189051,0.6058823529411764,0.3,0.15,0.0,0.0,0.3,0.18794076163610718,0.8522217397597336,0.8666956144159791,1.0826330532212884,1.1176470588235292,0.8594586770878563,1.1001400560224088,0.014473874656245505,0.0350140056022409,0.3582672447212817
svg/g/circle_472,0.125,0.7071067811865476,0.11849808281423613,0.1768030210791156,1.0,0.5647058823529413,0.3,0.15,0.0,0.0,0.3,0.18758815232722142,0.9179331306990881,0.9324070053553336,0.9527310924369748,0.9877450980392157,0.9251700680272109,0.9702380952380952,0.014473874656245505,0.0350140056022409,0.3582672447212817
svg/g/circle_471,0.125,0.7071067811865476,0.9947932582778187,0.5719696572370596,0.8529411764705883,0.6,0.3,0.15,0.0,0.0,0.3,0.18723554301833567,0.9179331306990881,0.9324070053553336,0.9961484593837534,1.0311624649859943,0.9251700680272109,1.013655462184874,0.014473874656245505,0.0350140056022409,0.3582672447212817
svg/g/circle_470,0.125,0.7071067811865476,0.9947932582778187,0.5719696572370596,0.8529411764705883,0.6,0.3,0.15,0.0,0.0,0.3,0.18688293370944992,0.9179331306990881,0.9324070053553336,1.039565826330532,1.0745798319327728,0.9251700680272109,1.0570728291316525,0.014473874656245505,0.0350140056022409,0.3582672447212817
svg/g/circle_469,0.125,0.7071067811865476,0.9022407438911175,0.7969888616664275,0.9502487562189051,0.6058823529411764,0.3,0.15,0.0,0.0,0.3,0.18653032440056416,0.9179331306990881,0.9324070053553336,1.0826330532212884,1.1176470588235292,0.9251700680272109,1.1001400560224088,0.014473874656245505,0.0350140056022409,0.3582672447212817
svg/g/circle_468,0.125,0.7071067811865476,0.5351380944726464,0.9987637860920051,0.536,0.5098039215686274,0.3,0.15,0.0,0.0,0.3,0.1861777150916784,0.9179331306990881,0.9324070053553336,1.1260504201680672,1.1610644257703082,0.9251700680272109,1.1435574229691876,0.014473874656245505,0.0350140056022409,0.3582672447212817
svg/g/circle_467,0.125,0.7071067811865476,0.11849808281423613,0.1768030210791156,1.0,0.5647058823529413,0.3,0.15,0.0,0.0,0.3,0.18582510578279265,0.9358807352728327,0.9503546099290782,0.9527310924369748,0.9877450980392157,0.9431176726009554,0.9702380952380952,0.014473874656245505,0.0350140056022409,0.3582672447212817
svg/g/circle_466,0.125,0.7071067811865476,0.9947932582778187,0.5719696572370596,0.8529411764705883,0.6,0.3,0.15,0.0,0.0,0.3,0.1854724964739069,0.9358807352728327,0.9503546099290782,0.9961484593837534,1.0311624649859943,0.9431176726009554,1.013655462184874,0.014473874656245505,0.0350140056022409,0.3582672447212817
svg/g/circle_465,0.125,0.7071067811865476,0.9947932582778187,0.5719696572370596,0.8529411764705883,0.6,0.3,0.15,0.0,0.0,0.3,0.18511988716502115,0.9358807352728327,0.9503546099290782,1.039565826330532,1.0745798319327728,0.9431176726009554,1.0570728291316525,0.014473874656245505,0.0350140056022409,0.3582672447212817
svg/g/circle_464,0.125,0.7071067811865476,0.9022407438911175,0.7969888616664275,0.9502487562189051,0.6058823529411764,0.3,0.15,0.0,0.0,0.3,0.1847672778561354,0.9358807352728327,0.9503546099290782,1.0826330532212884,1.1176470588235292,0.9431176726009554,1.1001400560224088,0.014473874656245505,0.0350140056022409,0.3582672447212817
svg/g/circle_463,0.125,0.7071067811865476,0.5351380944726464,0.9987637860920051,0.536,0.5098039215686274,0.3,0.15,0.0,0.0,0.3,0.18441466854724964,0.9358807352728327,0.9503546099290782,1.1260504201680672,1.1610644257703082,0.9431176726009554,1.1435574229691876,0.014473874656245505,0.0350140056022409,0.3582672447212817
svg/g/circle_462,0.125,0.7071067811865476,0.11849808281423613,0.1768030210791156,1.0,0.5647058823529413,0.3,0.15,0.0,0.0,0.3,0.18406205923836388,0.9538283398465769,0.9683022145028224,0.9527310924369748,0.9877450980392157,0.9610652771746997,0.9702380952380952,0.014473874656245505,0.0350140056022409,0.3582672447212817
svg/g/circle_461,0.125,0.7071067811865476,0.9947932582778187,0.5719696572370596,0.8529411764705883,0.6,0.3,0.15,0.0,0.0,0.3,0.18370944992947813,0.9538283398465769,0.9683022145028224,0.9961484593837534,1.0311624649859943,0.9610652771746997,1.013655462184874,0.014473874656245505,0.0350140056022409,0.3582672447212817
svg/g/circle_460,0.125,0.7071067811865476,0.9947932582778187,0.5719696572370596,0.8529411764705883,0.6,0.3,0.15,0.0,0.0,0.3,0.18335684062059238,0.9538283398465769,0.9683022145028224,1.039565826330532,1.0745798319327728,0.9610652771746997,1.0570728291316525,0.014473874656245505,0.0350140056022409,0.3582672447212817
svg/g/circle_459,0.125,0.7071067811865476,0.9022407438911175,0.7969888616664275,0.9502487562189051,0.6058823529411764,0.3,0.15,0.0,0.0,0.3,0.18300423131170662,0.9538283398465769,0.9683022145028224,1.0826330532212884,1.1176470588235292,0.9610652771746997,1.1001400560224088,0.014473874656245505,0.0350140056022409,0.3582672447212817
svg/g/circle_458,0.125,0.7071067811865476,0.5351380944726464,0.9987637860920051,0.536,0.5098039215686274,0.3,0.15,0.0,0.0,0.3,0.18265162200282087,0.9538283398465769,0.9683022145028224,1.1260504201680672,1.1610644257703082,0.9610652771746997,1.1435574229691876,0.014473874656245505,0.0350140056022409,0.3582672447212817
svg/g/circle_457,0.125,0.7071067811865476,0.11849808281423613,0.1768030210791156,1.0,0.5647058823529413,0.3,0.15,0.0,0.0,0.3,0.18229901269393511,0.9716312056737587,0.9861050803300043,0.9527310924369748,0.9877450980392157,0.9788681430018815,0.9702380952380952,0.014473874656245505,0.0350140056022409,0.3582672447212817
svg/g/circle_456,0.125,0.7071067811865476,0.9947932582778187,0.5719696572370596,0.8529411764705883,0.6,0.3,0.15,0.0,0.0,0.3,0.18194640338504936,0.9716312056737587,0.9861050803300043,0.9961484593837534,1.0311624649859943,0.9788681430018815,1.013655462184874,0.014473874656245505,0.0350140056022409,0.3582672447212817
svg/g/circle_455,0.125,0.7071067811865476,0.9947932582778187,0.5719696572370596,0.8529411764705883,0.6,0.3,0.15,0.0,0.0,0.3,0.1815937940761636,0.9716312056737587,0.9861050803300043,1.039565826330532,1.0745798319327728,0.9788681430018815,1.0570728291316525,0.014473874656245505,0.0350140056022409,0.3582672447212817
svg/g/circle_454,0.125,0.7071067811865476,0.9022407438911175,0.7969888616664275,0.9502487562189051,0.6058823529411764,0.3,0.15,0.0,0.0,0.3,0.18124118476727785,0.9716312056737587,0.9861050803300043,1.0826330532212884,1.1176470588235292,0.9788681430018815,1.1001400560224088,0.014473874656245505,0.0350140056022409,0.3582672447212817
svg/g/circle_453,0.125,0.7071067811865476,0.5351380944726464,0.9987637860920051,0.536,0.5098039215686274,0.3,0.15,0.0,0.0,0.3,0.1808885754583921,0.9716312056737587,0.9861050803300043,1.1260504201680672,1.1610644257703082,0.9788681430018815,1.1435574229691876,0.014473874656245505,0.0350140056022409,0.3582672447212817
svg/g/circle_452,0.125,0.7071067811865476,0.11849808281423613,0.1768030210791156,1.0,0.5647058823529413,0.3,0.15,0.0,0.0,0.3,0.18053596614950634,0.9897235489940656,1.004197423650311,0.9527310924369748,0.9877450980392157,0.9969604863221884,0.9702380952380952,0.014473874656245505,0.0350140056022409,0.3582672447212817
svg/g/circle_451,0.125,0.7071067811865476,0.9947932582778187,0.5719696572370596,0.8529411764705883,0.6,0.3,0.15,0.0,0.0,0.3,0.1801833568406206,0.9897235489940656,1.004197423650311,0.9961484593837534,1.0311624649859943,0.9969604863221884,1.013655462184874,0.014473874656245505,0.0350140056022409,0.3582672447212817
svg/g/circle_450,0.125,0.7071067811865476,0.9947932582778187,0.5719696572370596,0.8529411764705883,0.6,0.3,0.15,0.0,0.0,0.3,0.17983074753173484,0.9897235489940656,1.004197423650311,1.039565826330532,1.0745798319327728,0.9969604863221884,1.0570728291316525,0.014473874656245505,0.0350140056022409,0.3582672447212817
svg/g/circle_449,0.125,0.7071067811865476,0.9022407438911175,0.7969888616664275,0.9502487562189051,0.6058823529411764,0.3,0.15,0.0,0.0,0.3,0.17947813822284908,0.9897235489940656,1.004197423650311,1.0826330532212884,1.1176470588235292,0.9969604863221884,1.1001400560224088,0.014473874656245505,0.0350140056022409,0.3582672447212817
svg/g/circle_448,0.125,0.7071067811865476,0.9314269915162114,0.7527266329282903,0.33603238866396756,0.48431372549019613,0.3,0.15,0.0,0.0,0.3,0.17912552891396333,0.9897235489940656,1.004197423650311,1.1260504201680672,1.1610644257703082,0.9969604863221884,1.1435574229691876,0.014473874656245505,0.0350140056022409,0.3582672447212817
svg/g/circle_447,0.125,0.7071067811865476,0.11849808281423613,0.1768030210791156,1.0,0.5647058823529413,0.3,0.15,0.0,0.0,0.3,0.17877291960507757,1.0076711535678102,1.0221450282240556,0.9527310924369748,0.9877450980392157,1.014908090895933,0.9702380952380952,0.014473874656245505,0.0350140056022409,0.3582672447212817
svg/g/circle_446,0.125,0.7071067811865476,0.9947932582778187,0.5719696572370596,0.8529411764705883,0.6,0.3,0.15,0.0,0.0,0.3,0.17842031029619182,1.0076711535678102,1.0221450282240556,0.9961484593837534,1.0311624649859943,1.014908090895933,1.013655462184874,0.014473874656245505,0.0350140056022409,0.3582672447212817
svg/g/circle_445,0.125,0.7071067811865476,0.9947932582778187,0.5719696572370596,0.8529411764705883,0.6,0.3,0.15,0.0,0.0,0.3,0.17806770098730607,1.0076711535678102,1.0221450282240556,1.039565826330532,1.0745798319327728,1.014908090895933,1.0570728291316525,0.014473874656245505,0.0350140056022409,0.3582672447212817
svg/g/circle_444,0.125,0.7071067811865476,0.9022407438911175,0.7969888616664275,0.9502487562189051,0.6058823529411764,0.3,0.15,0.0,0.0,0.3,0.1777150916784203,1.0076711535678102,1.0221450282240556,1.0826330532212884,1.1176470588235292,1.014908090895933,1.1001400560224088,0.014473874656245505,0.0350140056022409,0.3582672447212817
svg/g/circle_443,0.125,0.7071067811865476,0.9314269915162114,0.7527266329282903,0.33603238866396756,0.48431372549019613,0.3,0.15,0.0,0.0,0.3,0.17736248236953456,1.0076711535678102,1.0221450282240556,1.1260504201680672,1.1610644257703082,1.014908090895933,1.1435574229691876,0.014473874656245505,0.0350140056022409,0.3582672447212817
svg/g/circle_442,0.125,0.7071067811865476,0.9947932582778187,0.5719696572370596,0.8529411764705883,0.6,0.3,0.15,0.0,0.0,0.3,0.1770098730606488,1.025184541901867,1.0396584165581126,0.9527310924369748,0.9877450980392157,1.0324214792299897,0.9702380952380952,0.014473874656245505,0.0350140056022409,0.3582672447212817
svg/g/circle_441,0.125,0.7071067811865476,0.9947932582778187,0.5719696572370596,0.8529411764705883,0.6,0.3,0.15,0.0,0.0,0.3,0.17665726375176305,1.025184541901867,1.0396584165581126,0.9961484593837534,1.0311624649859943,1.0324214792299897,1.013655462184874,0.014473874656245505,0.0350140056022409,0.3582672447212817
svg/g/circle_440,0.125,0.7071067811865476,0.9947932582778187,0.5719696572370596,0.8529411764705883,0.6,0.3,0.15,0.0,0.0,0.3,0.1763046544428773,1.025184541901867,1.0396584165581126,1.039565826330532,1.0745798319327728,1.0324214792299897,1.0570728291316525,0.014473874656245505,0.0350140056022409,0.3582672447212817
svg/g/circle_439,0.125,0.7071067811865476,0.9022407438911175,0.7969888616664275,0.9502487562189051,0.6058823529411764,0.3,0.15,0.0,0.0,0.3,0.17595204513399154,1.025184541901867,1.0396584165581126,1.0826330532212884,1.1176470588235292,1.0324214792299897,1.1001400560224088,0.014473874656245505,0.0350140056022409,0.3582672447212817
svg/g/circle_438,0.125,0.7071067811865476,0.9314269915162114,0.7527266329282903,0.33603238866396756,0.48431372549019613,0.3,0.15,0.0,0.0,0.3,0.1755994358251058,1.025184541901867,1.0396584165581126,1.1260504201680672,1.1610644257703082,1.0324214792299897,1.1435574229691876,0.014473874656245505,0.0350140056022409,0.3582672447212817
svg/g/circle_437,0.125,0.7071067811865476,0.9947932582778187,0.5719696572370596,0.8529411764705883,0.6,0.3,0.15,0.0,0.0,0.3,0.17524682651622003,1.0432768852221739,1.0577507598784195,0.9527310924369748,0.9877450980392157,1.0505138225502966,0.9702380952380952,0.014473874656245505,0.0350140056022409,0.3582672447212817
svg/g/circle_436,0.125,0.7071067811865476,0.9947932582778187,0.5719696572370596,0.8529411764705883,0.6,0.3,0.15,0.0,0.0,0.3,0.17489421720733428,1.0432768852221739,1.0577507598784195,0.9961484593837534,1.0311624649859943,1.0505138225502966,1.013655462184874,0.014473874656245505,0.0350140056022409,0.3582672447212817
svg/g/circle_435,0.125,0.7071067811865476,0.9947932582778187,0.5719696572370596,0.8529411764705883,0.6,0.3,0.15,0.0,0.0,0.3,0.17454160789844853,1.0432768852221739,1.0577507598784195,1.039565826330532,1.0745798319327728,1.0505138225502966,1.0570728291316525,0.014473874656245505,0.0350140056022409,0.3582672447212817
svg/g/circle_434,0.125,0.7071067811865476,0.9022407438911175,0.7969888616664275,0.9502487562189051,0.6058823529411764,0.3,0.15,0.0,0.0,0.3,0.17418899858956277,1.0432768852221739,1.0577507598784195,1.0826330532212884,1.1176470588235292,1.0505138225502966,1.1001400560224088,0.014473874656245505,0.0350140056022409,0.3582672447212817
svg/g/circle_433,0.125,0.7071067811865476,0.9314269915162114,0.7527266329282903,0.33603238866396756,0.48431372549019613,0.3,0.15,0.0,0.0,0.3,0.17383638928067702,1.0432768852221739,1.0577507598784195,1.1260504201680672,1.1610644257703082,1.0505138225502966,1.1435574229691876,0.014473874656245505,0.0350140056022409,0.3582672447212817
svg/g/circle_432,0.125,0.7071067811865476,0.9947932582778187,0.5719696572370596,0.8529411764705883,0.6,0.3,0.15,0.0,0.0,0.3,0.17348377997179126,1.0612244897959184,1.0756983644521638,0.9527310924369748,0.9877450980392157,1.0684614271240411,0.9702380952380952,0.014473874656245505,0.0350140056022409,0.3582672447212817
svg/g/circle_431,0.125,0.7071067811865476,0.9947932582778187,0.5719696572370596,0.8529411764705883,0.6,0.3,0.15,0.0,0.0,0.3,0.1731311706629055,1.0612244897959184,1.0756983644521638,0.9961484593837534,1.0311624649859943,1.0684614271240411,1.013655462184874,0.014473874656245505,0.0350140056022409,0.3582672447212817
svg/g/circle_430,0.125,0.7071067811865476,0.9947932582778187,0.5719696572370596,0.8529411764705883,0.6,0.3,0.15,0.0,0.0,0.3,0.17277856135401976,1.0612244897959184,1.0756983644521638,1.039565826330532,1.0745798319327728,1.0684614271240411,1.0570728291316525,0.014473874656245505,0.0350140056022409,0.3582672447212817
svg/g/circle_429,0.125,0.7071067811865476,0.9022407438911175,0.7969888616664275,0.9502487562189051,0.6058823529411764,0.3,0.15,0.0,0.0,0.3,0.172425952045134,1.0612244897959184,1.0756983644521638,1.0826330532212884,1.1176470588235292,1.0684614271240411,1.1001400560224088,0.014473874656245505,0.0350140056022409,0.3582672447212817
svg/g/circle_428,0.125,0.7071067811865476,0.9314269915162114,0.7527266329282903,0.33603238866396756,0.48431372549019613,0.3,0.15,0.0,0.0,0.3,0.17207334273624825,1.0612244897959184,1.0756983644521638,1.1260504201680672,1.1610644257703082,1.0684614271240411,1.1435574229691876,0.014473874656245505,0.0350140056022409,0.3582672447212817
svg/g/circle_427,0.125,0.7071067811865476,0.9947932582778187,0.5719696572370596,0.8529411764705883,0.6,0.3,0.15,0.0,0.0,0.3,0.1717207334273625,1.0790273556231003,1.0935012302793459,0.9527310924369748,0.9877450980392157,1.0862642929512232,0.9702380952380952,0.014473874656245505,0.0350140056022409,0.3582672447212817
svg/g/circle_426,0.125,0.7071067811865476,0.9947932582778187,0.5719696572370596,0.8529411764705883,0.6,0.3,0.15,0.0,0.0,0.3,0.17136812411847674,1.0790273556231003,1.0935012302793459,0.9961484593837534,1.0311624649859943,1.0862642929512232,1.013655462184874,0.014473874656245505,0.0350140056022409,0.3582672447212817
svg/g/circle_425,0.125,0.7071067811865476,0.9947932582778187,0.5719696572370596,0.8529411764705883,0.6,0.3,0.15,0.0,0.0,0.3,0.17101551480959098,1.0790273556231003,1.0935012302793459,1.039565826330532,1.0745798319327728,1.0862642929512232,1.0570728291316525,0.014473874656245505,0.0350140056022409,0.3582672447212817
svg/g/circle_424,0.125,0.7071067811865476,0.9022407438911175,0.7969888616664275,0.9502487562189051,0.6058823529411764,0.3,0.15,0.0,0.0,0.3,0.17066290550070523,1.0790273556231003,1.0935012302793459,1.0826330532212884,1.1176470588235292,1.0862642929512232,1.1001400560224088,0.014473874656245505,0.0350140056022409,0.3582672447212817
svg/g/circle_423,0.125,0.7071067811865476,0.9947932582778187,0.5719696572370596,0.8529411764705883,0.6,0.3,0.15,0.0,0.0,0.3,0.17031029619181948,1.0969749601968446,1.1114488348530902,0.9527310924369748,0.9877450980392157,1.1042118975249675,0.9702380952380952,0.014473874656245505,0.0350140056022409,0.3582672447212817
svg/g/circle_422,0.125,0.7071067811865476,0.9947932582778187,0.5719696572370596,0.8529411764705883,0.6,0.3,0.15,0.0,0.0,0.3,0.16995768688293372,1.0969749601968446,1.1114488348530902,0.9961484593837534,1.0311624649859943,1.1042118975249675,1.013655462184874,0.014473874656245505,0.0350140056022409,0.3582672447212817
svg/g/circle_421,0.125,0.7071067811865476,0.9947932582778187,0.5719696572370596,0.8529411764705883,0.6,0.3,0.15,0.0,0.0,0.3,0.16960507757404797,1.0969749601968446,1.1114488348530902,1.039565826330532,1.0745798319327728,1.1042118975249675,1.0570728291316525,0.014473874656245505,0.0350140056022409,0.3582672447212817
svg/g/circle_420,0.125,0.7071067811865476,0.5351380944726464,0.9987637860920051,0.536,0.5098039215686274,0.3,0.15,0.0,0.0,0.3,0.16925246826516221,1.0969749601968446,1.1114488348530902,1.0826330532212884,1.1176470588235292,1.1042118975249675,1.1001400560224088,0.014473874656245505,0.0350140056022409,0.3582672447212817
svg/g/circle_419,0.125,0.7071067811865476,0.9947932582778187,0.5719696572370596,0.8529411764705883,0.6,0.3,0.15,0.0,0.0,0.3,0.16889985895627646,1.1150673035171514,1.129541178173397,0.9527310924369748,0.9877450980392157,1.1223042408452741,0.9702380952380952,0.014473874656245505,0.0350140056022409,0.3582672447212817
svg/g/circle_418,0.125,0.7071067811865476,0.9947932582778187,0.5719696572370596,0.8529411764705883,0.6,0.3,0.15,0.0,0.0,0.3,0.1685472496473907,1.1150673035171514,1.129541178173397,0.9961484593837534,1.0311624649859943,1.1223042408452741,1.013655462184874,0.014473874656245505,0.0350140056022409,0.3582672447212817
svg/g/circle_417,0.125,0.7071067811865476,0.9022407438911175,0.7969888616664275,0.9502487562189051,0.6058823529411764,0.3,0.15,0.0,0.0,0.3,0.16819464033850495,1.1150673035171514,1.129541178173397,1.039565826330532,1.0745798319327728,1.1223042408452741,1.0570728291316525,0.014473874656245505,0.0350140056022409,0.3582672447212817
svg/g/circle_416,0.125,0.7071067811865476,0.5351380944726464,0.9987637860920051,0.536,0.5098039215686274,0.3,0.15,0.0,0.0,0.3,0.1678420310296192,1.1150673035171514,1.129541178173397,1.0826330532212884,1.1176470588235292,1.1223042408452741,1.1001400560224088,0.014473874656245505,0.0350140056022409,0.3582672447212817
svg/g/g_22/path_39,0.75,0.7071067811865476,1.0,0.5,0.0,0.4,0.3,0.15,0.0,0.0,0.3,0.29248942172073344,0.1298306556665219,0.14358083658995516,0.8932072829131652,0.9250700280112044,0.13670574612823855,0.9091386554621848,0.013750180923433204,0.031862745098039096,0.0
svg/g/g_22/path_38,0.75,0.7071067811865476,1.0,0.5,0.0,0.4,0.3,0.15,0.0,0.0,0.3,0.26123942172073344,0.1448834853090172,0.15834418873932551,0.8928571428571428,0.9240196078431371,0.15161383702417133,0.9084383753501399,0.013460703430308299,0.031162464985994315,0.0
svg/g/g_22/path_37,0.75,0.7071067811865476,1.0,0.5,0.0,0.4,0.3,0.15,0.0,0.0,0.3,0.22998942172073344,0.16008105369807496,0.172818063395571,0.8932072829131652,0.9257703081232491,0.16644955854682297,0.9094887955182072,0.01273700969749602,0.03256302521008398,0.0
svg/g/g_22/path_36,0.75,0.7071067811865476,1.0,0.5,0.0,0.4,0.3,0.15,0.0,0.0,0.3,0.19873942172073344,0.17455492835432046,0.18801563178462877,0.8935574229691876,0.9254201680672268,0.18128528006947459,0.9094887955182072,0.01346070343030832,0.0318627450980393,0.0
svg/g/g_21/path_35,0.75,0.7071067811865476,1.0,0.5,0.0,0.4,0.3,0.15,0.0,0.0,0.3,0.2921368124118477,0.3932551744101896,0.4067158778404979,0.8935574229691876,0.9257703081232491,0.3999855261253437,0.9096638655462185,0.013460703430308278,0.03221288515406148,0.0
svg/g/g_21/path_34,0.75,0.7071067811865476,1.0,0.5,0.0,0.4,0.3,0.15,0.0,0.0,0.3,0.2608868124118477,0.4085974815458098,0.42147922998986825,0.8953081232492996,0.9240196078431371,0.4150383557678391,0.9096638655462185,0.012881748444058426,0.028711484593837395,0.0
svg/g/g_21/path_33,0.75,0.7071067811865476,1.0,0.5,0.0,0.4,0.3,0.15,0.0,0.0,0.3,0.2296368124118477,0.42307135620205527,0.43624258213923867,0.8932072829131652,0.9254201680672268,0.42965696917064694,0.909313725490196,0.013171225937183393,0.03221288515406168,0.0
svg/g/g_21/path_32,0.75,0.7071067811865476,1.0,0.5,0.0,0.4,0.3,0.15,0.0,0.0,0.3,0.1983868124118477,0.43768996960486317,0.45144015052829645,0.8932072829131652,0.9254201680672267,0.4445650600665798,0.909313725490196,0.013750180923433247,0.03221288515406148,0.0
svg/g/g_20/path_31,0.75,0.7071067811865476,1.0,0.5,0.0,0.4,0.3,0.15,0.0,0.0,0.3,0.29178420310296194,0.6552323056882328,0.668693009118541,0.8935574229691876,0.9257703081232491,0.6619626574033869,0.9096638655462185,0.013460703430308278,0.03221288515406148,0.0
svg/g/g_20/path_30,0.75,0.7071067811865476,1.0,0.5,0.0,0.4,0.3,0.15,0.0,0.0,0.3,0.26053420310296194,0.6704298740772907,0.6836011000144738,0.8935574229691876,0.9254201680672268,0.6770154870458821,0.9094887955182072,0.013171225937183149,0.0318627450980393,0.0
svg/g/g_20/path_29,0.75,0.7071067811865476,1.0,0.5,0.0,0.4,0.3,0.15,0.0,0.0,0.3,0.22928420310296194,0.684903748733536,0.6982197134172818,0.8932072829131652,0.9254201680672268,0.6915617310754089,0.909313725490196,0.013315964683745794,0.03221288515406168,0.0
svg/g/g_20/path_28,0.75,0.7071067811865476,1.0,0.5,0.0,0.4,0.3,0.15,0.0,0.0,0.3,0.19803420310296194,0.6996671008829063,0.7134172818063397,0.8932072829131652,0.9254201680672267,0.7065421913446229,0.909313725490196,0.013750180923433247,0.03221288515406148,0.0
svg/g/g_20/path_27,0.75,0.7071067811865476,1.0,0.5,0.0,0.4,0.3,0.15,0.0,0.0,0.3,0.16678420310296194,0.7142857142857143,0.7280358952091476,0.8949579831932772,0.9257703081232491,0.7211608047474309,0.9103641456582632,0.013750180923433247,0.030812324929971928,0.0
svg/g/g_19/path_26,0.75,0.7071067811865476,1.0,0.5,0.0,0.4,0.3,0.15,0.0,0.0,0.3,0.2914315937940762,0.9179331306990878,0.9303806629034592,0.8932072829131652,0.9226190476190476,0.9241568968012736,0.9079131652661064,0.012447532204371373,0.02941176470588227,0.0
svg/g/g_19/path_25,0.75,0.7071067811865476,1.0,0.5,0.0,0.4,0.3,0.15,0.0,0.0,0.3,0.2601815937940762,0.9329859603415835,0.9452887537993921,0.8963585434173669,0.9243697478991596,0.9391373570704878,0.9103641456582632,0.012302793457808566,0.028011204481792715,0.0
svg/g/g_19/path_24,0.75,0.7071067811865476,1.0,0.5,0.0,0.4,0.3,0.15,0.0,0.0,0.3,0.22893159379407618,0.9471703575047039,0.9604863221884498,0.8946078431372548,0.9257703081232491,0.9538283398465769,0.910189075630252,0.013315964683745794,0.031162464985994415,0.0
svg/g/g_19/path_23,0.75,0.7071067811865476,1.0,0.5,0.0,0.4,0.3,0.15,0.0,0.0,0.3,0.19768159379407618,0.961499493414387,0.9752496743378202,0.8949579831932772,0.9257703081232491,0.9683745838761035,0.9103641456582632,0.013750180923433247,0.030812324929971928,0.0
svg/g/circle_415,0.125,0.7071067811865476,0.11849808281423613,0.1768030210791156,1.0,0.5647058823529413,0.3,0.15,0.0,0.0,0.3,0.16607898448519043,0.129541178173397,0.1440150528296425,0.5875350140056023,0.6225490196078431,0.13677811550151978,0.6050420168067226,0.014473874656245486,0.0350140056022409,0.3582672447212817
svg/g/ellipse_47,0.25,0.7071067811865476,0.11849808281423613,0.1768030210791156,1.0,0.5647058823529413,0.3,0.15,0.0,0.0,0.3,0.16572637517630467,0.129541178173397,0.1440150528296425,0.6309523809523808,0.6659663865546217,0.13677811550151978,0.6484593837535013,0.014473874656245486,0.0350140056022409,0.3582672447212817
svg/g/circle_414,0.125,0.7071067811865476,0.11849808281423613,0.1768030210791156,1.0,0.5647058823529413,0.3,0.15,0.0,0.0,0.3,0.16537376586741892,0.129541178173397,0.1440150528296425,0.6743697478991596,0.7093837535014005,0.13677811550151978,0.69187675070028,0.014473874656245486,0.0350140056022409,0.3582672447212817
svg/g/circle_413,0.125,0.7071067811865476,0.9947932582778187,0.5719696572370596,0.8529411764705883,0.6,0.3,0.15,0.0,0.0,0.3,0.16502115655853314,0.129541178173397,0.1440150528296425,0.717436974789916,0.7524509803921569,0.13677811550151978,0.7349439775910364,0.014473874656245486,0.0350140056022409,0.3582672447212817
svg/g/circle_412,0.125,0.7071067811865476,0.9022407438911175,0.7969888616664275,0.9502487562189051,0.6058823529411764,0.3,0.15,0.0,0.0,0.3,0.16466854724964738,0.129541178173397,0.1440150528296425,0.7608543417366946,0.7958683473389355,0.13677811550151978,0.7783613445378151,0.014473874656245486,0.0350140056022409,0.3582672447212817
svg/g/circle_411,0.125,0.7071067811865476,0.11849808281423613,0.1768030210791156,1.0,0.5647058823529413,0.3,0.15,0.0,0.0,0.3,0.16431593794076163,0.14748878274714142,0.16196265740338686,0.5875350140056023,0.6225490196078431,0.1547257200752641,0.6050420168067226,0.014473874656245465,0.0350140056022409,0.3582672447212817
svg/g/ellipse_46,0.25,0.7071067811865476,0.11849808281423613,0.1768030210791156,1.0,0.5647058823529413,0.3,0.15,0.0,0.0,0.3,0.16396332863187588,0.14748878274714142,0.16196265740338686,0.6309523809523808,0.6659663865546217,0.1547257200752641,0.6484593837535013,0.014473874656245465,0.0350140056022409,0.3582672447212817
svg/g/circle_410,0.125,0.7071067811865476,0.11849808281423613,0.1768030210791156,1.0,0.5647058823529413,0.3,0.15,0.0,0.0,0.3,0.16361071932299012,0.14748878274714142,0.16196265740338686,0.6743697478991596,0.7093837535014005,0.1547257200752641,0.69187675070028,0.014473874656245465,0.0350140056022409,0.3582672447212817
svg/g/circle_409,0.125,0.7071067811865476,0.9947932582778187,0.5719696572370596,0.8529411764705883,0.6,0.3,0.15,0.0,0.0,0.3,0.16325811001410437,0.14748878274714142,0.16196265740338686,0.717436974789916,0.7524509803921569,0.1547257200752641,0.7349439775910364,0.014473874656245465,0.0350140056022409,0.3582672447212817
svg/g/circle_408,0.125,0.7071067811865476,0.5351380944726464,0.9987637860920051,0.536,0.5098039215686274,0.3,0.15,0.0,0.0,0.3,0.16290550070521861,0.14748878274714142,0.16196265740338686,0.7608543417366946,0.7958683473389355,0.1547257200752641,0.7783613445378151,0.014473874656245465,0.0350140056022409,0.3582672447212817
svg/g/circle_407,0.125,0.7071067811865476,0.11849808281423613,0.1768030210791156,1.0,0.5647058823529413,0.3,0.15,0.0,0.0,0.3,0.16255289139633286,0.16558112606744826,0.1800550007236937,0.5875350140056023,0.6225490196078431,0.172818063395571,0.6050420168067226,0.014473874656245465,0.0350140056022409,0.3582672447212817
svg/g/ellipse_45,0.25,0.7071067811865476,0.11849808281423613,0.1768030210791156,1.0,0.5647058823529413,0.3,0.15,0.0,0.0,0.3,0.1622002820874471,0.16558112606744826,0.1800550007236937,0.6309523809523808,0.6659663865546217,0.172818063395571,0.6484593837535013,0.014473874656245465,0.0350140056022409,0.3582672447212817
svg/g/circle_406,0.125,0.7071067811865476,0.11849808281423613,0.1768030210791156,1.0,0.5647058823529413,0.3,0.15,0.0,0.0,0.3,0.16184767277856135,0.16558112606744826,0.1800550007236937,0.6743697478991596,0.7093837535014005,0.172818063395571,0.69187675070028,0.014473874656245465,0.0350140056022409,0.3582672447212817
svg/g/circle_405,0.125,0.7071067811865476,0.9947932582778187,0.5719696572370596,0.8529411764705883,0.6,0.3,0.15,0.0,0.0,0.3,0.1614950634696756,0.16558112606744826,0.1800550007236937,0.717436974789916,0.7524509803921569,0.172818063395571,0.7349439775910364,0.014473874656245465,0.0350140056022409,0.3582672447212817
svg/g/circle_404,0.125,0.7071067811865476,0.5351380944726464,0.9987637860920051,0.536,0.5098039215686274,0.3,0.15,0.0,0.0,0.3,0.16114245416078984,0.16558112606744826,0.1800550007236937,0.7608543417366946,0.7958683473389355,0.172818063395571,0.7783613445378151,0.014473874656245465,0.0350140056022409,0.3582672447212817
svg/g/circle_403,0.125,0.7071067811865476,0.11849808281423613,0.1768030210791156,1.0,0.5647058823529413,0.3,0.15,0.0,0.0,0.3,0.1607898448519041,0.1833839918946302,0.19785786655087567,0.5875350140056023,0.6225490196078431,0.19062092922275292,0.6050420168067226,0.014473874656245465,0.0350140056022409,0.3582672447212817
svg/g/ellipse_44,0.25,0.7071067811865476,0.11849808281423613,0.1768030210791156,1.0,0.5647058823529413,0.3,0.15,0.0,0.0,0.3,0.16043723554301834,0.1833839918946302,0.19785786655087567,0.6309523809523808,0.6659663865546217,0.19062092922275292,0.6484593837535013,0.014473874656245465,0.0350140056022409,0.3582672447212817
svg/g/circle_402,0.125,0.7071067811865476,0.11849808281423613,0.1768030210791156,1.0,0.5647058823529413,0.3,0.15,0.0,0.0,0.3,0.16008462623413258,0.1833839918946302,0.19785786655087567,0.6743697478991596,0.7093837535014005,0.19062092922275292,0.69187675070028,0.014473874656245465,0.0350140056022409,0.3582672447212817
svg/g/circle_401,0.125,0.7071067811865476,0.9022407438911175,0.7969888616664275,0.9502487562189051,0.6058823529411764,0.3,0.15,0.0,0.0,0.3,0.15973201692524683,0.1833839918946302,0.19785786655087567,0.717436974789916,0.7524509803921569,0.19062092922275292,0.7349439775910364,0.014473874656245465,0.0350140056022409,0.3582672447212817
svg/g/circle_400,0.125,0.7071067811865476,0.5351380944726464,0.9987637860920051,0.536,0.5098039215686274,0.3,0.15,0.0,0.0,0.3,0.15937940761636107,0.1833839918946302,0.19785786655087567,0.7608543417366946,0.7958683473389355,0.19062092922275292,0.7783613445378151,0.014473874656245465,0.0350140056022409,0.3582672447212817
svg/g/circle_399,0.125,0.7071067811865476,0.11849808281423613,0.1768030210791156,1.0,0.5647058823529413,0.3,0.15,0.0,0.0,0.3,0.15902679830747532,0.20133159646837456,0.21580547112462006,0.5875350140056023,0.6225490196078431,0.2085685337964973,0.6050420168067226,0.014473874656245505,0.0350140056022409,0.3582672447212817
svg/g/ellipse_43,0.25,0.7071067811865476,0.11849808281423613,0.1768030210791156,1.0,0.5647058823529413,0.3,0.15,0.0,0.0,0.3,0.15867418899858957,0.20133159646837456,0.21580547112462006,0.6309523809523808,0.6659663865546217,0.2085685337964973,0.6484593837535013,0.014473874656245505,0.0350140056022409,0.3582672447212817
svg/g/circle_398,0.125,0.7071067811865476,0.11849808281423613,0.1768030210791156,1.0,0.5647058823529413,0.3,0.15,0.0,0.0,0.3,0.1583215796897038,0.20133159646837456,0.21580547112462006,0.6743697478991596,0.7093837535014005,0.2085685337964973,0.69187675070028,0.014473874656245505,0.0350140056022409,0.3582672447212817
svg/g/circle_397,0.125,0.7071067811865476,0.9022407438911175,0.7969888616664275,0.9502487562189051,0.6058823529411764,0.3,0.15,0.0,0.0,0.3,0.15796897038081806,0.20133159646837456,0.21580547112462006,0.717436974789916,0.7524509803921569,0.2085685337964973,0.7349439775910364,0.014473874656245505,0.0350140056022409,0.3582672447212817
svg/g/circle_396,0.125,0.7071067811865476,0.5351380944726464,0.9987637860920051,0.536,0.5098039215686274,0.3,0.15,0.0,0.0,0.3,0.1576163610719323,0.20133159646837456,0.21580547112462006,0.7608543417366946,0.7958683473389355,0.2085685337964973,0.7783613445378151,0.014473874656245505,0.0350140056022409,0.3582672447212817
svg/g/circle_395,0.125,0.7071067811865476,0.11849808281423613,0.1768030210791156,1.0,0.5647058823529413,0.3,0.15,0.0,0.0,0.3,0.15726375176304655,0.21927920104211895,0.23375307569836445,0.5875350140056023,0.6225490196078431,0.2265161383702417,0.6050420168067226,0.014473874656245505,0.0350140056022409,0.3582672447212817
svg/g/ellipse_42,0.25,0.7071067811865476,0.11849808281423613,0.1768030210791156,1.0,0.5647058823529413,0.3,0.15,0.0,0.0,0.3,0.1569111424541608,0.21927920104211895,0.23375307569836445,0.6309523809523808,0.6659663865546217,0.2265161383702417,0.6484593837535013,0.014473874656245505,0.0350140056022409,0.3582672447212817
svg/g/circle_394,0.125,0.7071067811865476,0.11849808281423613,0.1768030210791156,1.0,0.5647058823529413,0.3,0.15,0.0,0.0,0.3,0.15655853314527504,0.21927920104211895,0.23375307569836445,0.6743697478991596,0.7093837535014005,0.2265161383702417,0.69187675070028,0.014473874656245505,0.0350140056022409,0.3582672447212817
svg/g/circle_393,0.125,0.7071067811865476,0.9022407438911175,0.7969888616664275,0.9502487562189051,0.6058823529411764,0.3,0.15,0.0,0.0,0.3,0.15620592383638926,0.21927920104211895,0.23375307569836445,0.717436974789916,0.7524509803921569,0.2265161383702417,0.7349439775910364,0.014473874656245505,0.0350140056022409,0.3582672447212817
svg/g/circle_392,0.125,0.7071067811865476,0.5351380944726464,0.9987637860920051,0.536,0.5098039215686274,0.3,0.15,0.0,0.0,0.3,0.1558533145275035,0.21927920104211895,0.23375307569836445,0.7608543417366946,0.7958683473389355,0.2265161383702417,0.7783613445378151,0.014473874656245505,0.0350140056022409,0.3582672447212817
svg/g/circle_391,0.125,0.7071067811865476,0.11849808281423613,0.1768030210791156,1.0,0.5647058823529413,0.3,0.15,0.0,0.0,0.3,0.15550070521861775,0.23693732812273846,0.25141120277898393,0.5875350140056023,0.6225490196078431,0.24417426545086118,0.6050420168067226,0.014473874656245465,0.0350140056022409,0.3582672447212817
svg/g/ellipse_41,0.25,0.7071067811865476,0.11849808281423613,0.1768030210791156,1.0,0.5647058823529413,0.3,0.15,0.0,0.0,0.3,0.155148095909732,0.23693732812273846,0.25141120277898393,0.6309523809523808,0.6659663865546217,0.24417426545086118,0.6484593837535013,0.014473874656245465,0.0350140056022409,0.3582672447212817
svg/g/circle_390,0.125,0.7071067811865476,0.11849808281423613,0.1768030210791156,1.0,0.5647058823529413,0.3,0.15,0.0,0.0,0.3,0.15479548660084624,0.23693732812273846,0.25141120277898393,0.6743697478991596,0.7093837535014005,0.24417426545086118,0.69187675070028,0.014473874656245465,0.0350140056022409,0.3582672447212817
svg/g/circle_389,0.125,0.7071067811865476,0.9022407438911175,0.7969888616664275,0.9502487562189051,0.6058823529411764,0.3,0.15,0.0,0.0,0.3,0.1544428772919605,0.23693732812273846,0.25141120277898393,0.717436974789916,0.7524509803921569,0.24417426545086118,0.7349439775910364,0.014473874656245465,0.0350140056022409,0.3582672447212817
svg/g/circle_388,0.125,0.7071067811865476,0.9314269915162114,0.7527266329282903,0.33603238866396756,0.48431372549019613,0.3,0.15,0.0,0.0,0.3,0.15409026798307474,0.23693732812273846,0.25141120277898393,0.7608543417366946,0.7958683473389355,0.24417426545086118,0.7783613445378151,0.014473874656245465,0.0350140056022409,0.3582672447212817
svg/g/circle_387,0.125,0.7071067811865476,0.11849808281423613,0.1768030210791156,1.0,0.5647058823529413,0.3,0.15,0.0,0.0,0.3,0.15373765867418898,0.2548849326964828,0.26935880735272827,0.5875350140056023,0.6225490196078431,0.2621218700246056,0.6050420168067226,0.014473874656245465,0.0350140056022409,0.3582672447212817
svg/g/ellipse_40,0.25,0.7071067811865476,0.11849808281423613,0.1768030210791156,1.0,0.5647058823529413,0.3,0.15,0.0,0.0,0.3,0.15338504936530323,0.2548849326964828,0.26935880735272827,0.6309523809523808,0.6659663865546217,0.2621218700246056,0.6484593837535013,0.014473874656245465,0.0350140056022409,0.3582672447212817
svg/g/circle_386,0.125,0.7071067811865476,0.9947932582778187,0.5719696572370596,0.8529411764705883,0.6,0.3,0.15,0.0,0.0,0.3,0.15303244005641747,0.2548849326964828,0.26935880735272827,0.6743697478991596,0.7093837535014005,0.2621218700246056,0.69187675070028,0.014473874656245465,0.0350140056022409,0.3582672447212817
svg/g/circle_385,0.125,0.7071067811865476,0.9022407438911175,0.7969888616664275,0.9502487562189051,0.6058823529411764,0.3,0.15,0.0,0.0,0.3,0.15267983074753172,0.2548849326964828,0.26935880735272827,0.717436974789916,0.7524509803921569,0.2621218700246056,0.7349439775910364,0.014473874656245465,0.0350140056022409,0.3582672447212817
svg/g/circle_384,0.125,0.7071067811865476,0.9314269915162114,0.7527266329282903,0.33603238866396756,0.48431372549019613,0.3,0.15,0.0,0.0,0.3,0.15232722143864597,0.2548849326964828,0.26935880735272827,0.7608543417366946,0.7958683473389355,0.2621218700246056,0.7783613445378151,0.014473874656245465,0.0350140056022409,0.3582672447212817
svg/g/circle_383,0.125,0.7071067811865476,0.11849808281423613,0.1768030210791156,1.0,0.5647058823529413,0.3,0.15,0.0,0.0,0.3,0.1519746121297602,0.2728325372702272,0.2873064119264727,0.5875350140056023,0.6225490196078431,0.28006947459834997,0.6050420168067226,0.014473874656245465,0.0350140056022409,0.3582672447212817
svg/g/ellipse_39,0.25,0.7071067811865476,0.11849808281423613,0.1768030210791156,1.0,0.5647058823529413,0.3,0.15,0.0,0.0,0.3,0.15162200282087446,0.2728325372702272,0.2873064119264727,0.6309523809523808,0.6659663865546217,0.28006947459834997,0.6484593837535013,0.014473874656245465,0.0350140056022409,0.3582672447212817
svg/g/circle_382,0.125,0.7071067811865476,0.9947932582778187,0.5719696572370596,0.8529411764705883,0.6,0.3,0.15,0.0,0.0,0.3,0.1512693935119887,0.2728325372702272,0.2873064119264727,0.6743697478991596,0.7093837535014005,0.28006947459834997,0.69187675070028,0.014473874656245465,0.0350140056022409,0.3582672447212817
svg/g/circle_381,0.125,0.7071067811865476,0.9022407438911175,0.7969888616664275,0.9502487562189051,0.6058823529411764,0.3,0.15,0.0,0.0,0.3,0.15091678420310295,0.2728325372702272,0.2873064119264727,0.717436974789916,0.7524509803921569,0.28006947459834997,0.7349439775910364,0.014473874656245465,0.0350140056022409,0.3582672447212817
svg/g/circle_380,0.125,0.7071067811865476,0.9314269915162114,0.7527266329282903,0.33603238866396756,0.48431372549019613,0.3,0.15,0.0,0.0,0.3,0.1505641748942172,0.2728325372702272,0.2873064119264727,0.7608543417366946,0.7958683473389355,0.28006947459834997,0.7783613445378151,0.014473874656245465,0.0350140056022409,0.3582672447212817
svg/g/circle_379,0.125,0.7071067811865476,0.11849808281423613,0.1768030210791156,1.0,0.5647058823529413,0.3,0.15,0.0,0.0,0.3,0.15021156558533144,0.2906354030974092,0.30510927775365465,0.5875350140056023,0.6225490196078431,0.29787234042553196,0.6050420168067226,0.014473874656245465,0.0350140056022409,0.3582672447212817
svg/g/ellipse_38,0.25,0.7071067811865476,0.11849808281423613,0.1768030210791156,1.0,0.5647058823529413,0.3,0.15,0.0,0.0,0.3,0.1498589562764457,0.2906354030974092,0.30510927775365465,0.6309523809523808,0.6659663865546217,0.29787234042553196,0.6484593837535013,0.014473874656245465,0.0350140056022409,0.3582672447212817
svg/g/circle_378,0.125,0.7071067811865476,0.9947932582778187,0.5719696572370596,0.8529411764705883,0.6,0.3,0.15,0.0,0.0,0.3,0.14950634696755993,0.2906354030974092,0.30510927775365465,0.6743697478991596,0.7093837535014005,0.29787234042553196,0.69187675070028,0.014473874656245465,0.0350140056022409,0.3582672447212817
svg/g/circle_377,0.125,0.7071067811865476,0.9022407438911175,0.7969888616664275,0.9502487562189051,0.6058823529411764,0.3,0.15,0.0,0.0,0.3,0.14915373765867418,0.2906354030974092,0.30510927775365465,0.717436974789916,0.7524509803921569,0.29787234042553196,0.7349439775910364,0.014473874656245465,0.0350140056022409,0.3582672447212817
svg/g/circle_376,0.125,0.7071067811865476,0.9314269915162114,0.7527266329282903,0.33603238866396756,0.48431372549019613,0.3,0.15,0.0,0.0,0.3,0.14880112834978843,0.2906354030974092,0.30510927775365465,0.7608543417366946,0.7958683473389355,0.29787234042553196,0.7783613445378151,0.014473874656245465,0.0350140056022409,0.3582672447212817
svg/g/circle_375,0.125,0.7071067811865476,0.11849808281423613,0.1768030210791156,1.0,0.5647058823529413,0.3,0.15,0.0,0.0,0.3,0.14844851904090267,0.308727746417716,0.3232016210739615,0.5875350140056023,0.6225490196078431,0.31596468374583875,0.6050420168067226,0.014473874656245465,0.0350140056022409,0.3582672447212817
svg/g/ellipse_37,0.25,0.7071067811865476,0.11849808281423613,0.1768030210791156,1.0,0.5647058823529413,0.3,0.15,0.0,0.0,0.3,0.14809590973201692,0.308727746417716,0.3232016210739615,0.6309523809523808,0.6659663865546217,0.31596468374583875,0.6484593837535013,0.014473874656245465,0.0350140056022409,0.3582672447212817
svg/g/circle_374,0.125,0.7071067811865476,0.9947932582778187,0.5719696572370596,0.8529411764705883,0.6,0.3,0.15,0.0,0.0,0.3,0.14774330042313116,0.308727746417716,0.3232016210739615,0.6743697478991596,0.7093837535014005,0.31596468374583875,0.69187675070028,0.014473874656245465,0.0350140056022409,0.3582672447212817
svg/g/circle_373,0.125,0.7071067811865476,0.9022407438911175,0.7969888616664275,0.9502487562189051,0.6058823529411764,0.3,0.15,0.0,0.0,0.3,0.1473906911142454,0.308727746417716,0.3232016210739615,0.717436974789916,0.7524509803921569,0.31596468374583875,0.7349439775910364,0.014473874656245465,0.0350140056022409,0.3582672447212817
svg/g/circle_372,0.125,0.7071067811865476,0.9314269915162114,0.7527266329282903,0.33603238866396756,0.48431372549019613,0.3,0.15,0.0,0.0,0.3,0.14703808180535965,0.308727746417716,0.3232016210739615,0.7608543417366946,0.7958683473389355,0.31596468374583875,0.7783613445378151,0.014473874656245465,0.0350140056022409,0.3582672447212817
svg/g/circle_371,0.125,0.7071067811865476,0.11849808281423613,0.1768030210791156,1.0,0.5647058823529413,0.3,0.15,0.0,0.0,0.3,0.1466854724964739,0.3266753509914604,0.34114922564770583,0.5875350140056023,0.6225490196078431,0.33391228831958314,0.6050420168067226,0.014473874656245465,0.0350140056022409,0.3582672447212817
svg/g/ellipse_36,0.25,0.7071067811865476,0.11849808281423613,0.1768030210791156,1.0,0.5647058823529413,0.3,0.15,0.0,0.0,0.3,0.14633286318758815,0.3266753509914604,0.34114922564770583,0.6309523809523808,0.6659663865546217,0.33391228831958314,0.6484593837535013,0.014473874656245465,0.0350140056022409,0.3582672447212817
svg/g/circle_370,0.125,0.7071067811865476,0.9947932582778187,0.5719696572370596,0.8529411764705883,0.6,0.3,0.15,0.0,0.0,0.3,0.1459802538787024,0.3266753509914604,0.34114922564770583,0.6743697478991596,0.7093837535014005,0.33391228831958314,0.69187675070028,0.014473874656245465,0.0350140056022409,0.3582672447212817
svg/g/circle_369,0.125,0.7071067811865476,0.9022407438911175,0.7969888616664275,0.9502487562189051,0.6058823529411764,0.3,0.15,0.0,0.0,0.3,0.14562764456981664,0.3266753509914604,0.34114922564770583,0.717436974789916,0.7524509803921569,0.33391228831958314,0.7349439775910364,0.014473874656245465,0.0350140056022409,0.3582672447212817
svg/g/circle_368,0.125,0.7071067811865476,0.11849808281423613,0.1768030210791156,1.0,0.5647058823529413,0.3,0.15,0.0,0.0,0.3,0.14527503526093088,0.39238674193081485,0.40686061658706035,0.5875350140056023,0.6225490196078431,0.3996236792589376,0.6050420168067226,0.014473874656245505,0.0350140056022409,0.3582672447212817
svg/g/ellipse_35,0.25,0.7071067811865476,0.11849808281423613,0.1768030210791156,1.0,0.5647058823529413,0.3,0.15,0.0,0.0,0.3,0.14492242595204513,0.39238674193081485,0.40686061658706035,0.6309523809523808,0.6659663865546217,0.3996236792589376,0.6484593837535013,0.014473874656245505,0.0350140056022409,0.3582672447212817
svg/g/circle_367,0.125,0.7071067811865476,0.11849808281423613,0.1768030210791156,1.0,0.5647058823529413,0.3,0.15,0.0,0.0,0.3,0.14456981664315938,0.39238674193081485,0.40686061658706035,0.6743697478991596,0.7093837535014005,0.3996236792589376,0.69187675070028,0.014473874656245505,0.0350140056022409,0.3582672447212817
svg/g/circle_366,0.125,0.7071067811865476,0.9022407438911175,0.7969888616664275,0.9502487562189051,0.6058823529411764,0.3,0.15,0.0,0.0,0.3,0.14421720733427362,0.39238674193081485,0.40686061658706035,0.717436974789916,0.7524509803921569,0.3996236792589376,0.7349439775910364,0.014473874656245505,0.0350140056022409,0.3582672447212817
svg/g/circle_365,0.125,0.7071067811865476,0.9022407438911175,0.7969888616664275,0.9502487562189051,0.6058823529411764,0.3,0.15,0.0,0.0,0.3,0.14386459802538787,0.39238674193081485,0.40686061658706035,0.7608543417366946,0.7958683473389355,0.3996236792589376,0.7783613445378151,0.014473874656245505,0.0350140056022409,0.3582672447212817
svg/g/circle_364,0.125,0.7071067811865476,0.11849808281423613,0.1768030210791156,1.0,0.5647058823529413,0.3,0.15,0.0,0.0,0.3,0.14351198871650211,0.41033434650455924,0.4248082211608047,0.5875350140056023,0.6225490196078431,0.41757128383268194,0.6050420168067226,0.014473874656245427,0.0350140056022409,0.3582672447212817
svg/g/ellipse_34,0.25,0.7071067811865476,0.11849808281423613,0.1768030210791156,1.0,0.5647058823529413,0.3,0.15,0.0,0.0,0.3,0.14315937940761636,0.41033434650455924,0.4248082211608047,0.6309523809523808,0.6659663865546217,0.41757128383268194,0.6484593837535013,0.014473874656245427,0.0350140056022409,0.3582672447212817
svg/g/circle_363,0.125,0.7071067811865476,0.11849808281423613,0.1768030210791156,1.0,0.5647058823529413,0.3,0.15,0.0,0.0,0.3,0.1428067700987306,0.41033434650455924,0.4248082211608047,0.6743697478991596,0.7093837535014005,0.41757128383268194,0.69187675070028,0.014473874656245427,0.0350140056022409,0.3582672447212817
svg/g/circle_362,0.125,0.7071067811865476,0.9022407438911175,0.7969888616664275,0.9502487562189051,0.6058823529411764,0.3,0.15,0.0,0.0,0.3,0.14245416078984485,0.41033434650455924,0.4248082211608047,0.717436974789916,0.7524509803921569,0.41757128383268194,0.7349439775910364,0.014473874656245427,0.0350140056022409,0.3582672447212817
svg/g/circle_361,0.125,0.7071067811865476,0.9022407438911175,0.7969888616664275,0.9502487562189051,0.6058823529411764,0.3,0.15,0.0,0.0,0.3,0.1421015514809591,0.41033434650455924,0.4248082211608047,0.7608543417366946,0.7958683473389355,0.41757128383268194,0.7783613445378151,0.014473874656245427,0.0350140056022409,0.3582672447212817
svg/g/circle_360,0.125,0.7071067811865476,0.11849808281423613,0.1768030210791156,1.0,0.5647058823529413,0.3,0.15,0.0,0.0,0.3,0.14174894217207334,0.42828195107830364,0.44275582573454914,0.5875350140056023,0.6225490196078431,0.4355188884064264,0.6050420168067226,0.014473874656245505,0.0350140056022409,0.3582672447212817
svg/g/ellipse_33,0.25,0.7071067811865476,0.11849808281423613,0.1768030210791156,1.0,0.5647058823529413,0.3,0.15,0.0,0.0,0.3,0.1413963328631876,0.42828195107830364,0.44275582573454914,0.6309523809523808,0.6659663865546217,0.4355188884064264,0.6484593837535013,0.014473874656245505,0.0350140056022409,0.3582672447212817
svg/g/circle_359,0.125,0.7071067811865476,0.11849808281423613,0.1768030210791156,1.0,0.5647058823529413,0.3,0.15,0.0,0.0,0.3,0.14104372355430184,0.42828195107830364,0.44275582573454914,0.6743697478991596,0.7093837535014005,0.4355188884064264,0.69187675070028,0.014473874656245505,0.0350140056022409,0.3582672447212817
svg/g/circle_358,0.125,0.7071067811865476,0.9022407438911175,0.7969888616664275,0.9502487562189051,0.6058823529411764,0.3,0.15,0.0,0.0,0.3,0.14069111424541608,0.42828195107830364,0.44275582573454914,0.717436974789916,0.7524509803921569,0.4355188884064264,0.7349439775910364,0.014473874656245505,0.0350140056022409,0.3582672447212817
svg/g/circle_357,0.125,0.7071067811865476,0.9022407438911175,0.7969888616664275,0.9502487562189051,0.6058823529411764,0.3,0.15,0.0,0.0,0.3,0.14033850493653033,0.42828195107830364,0.44275582573454914,0.7608543417366946,0.7958683473389355,0.4355188884064264,0.7783613445378151,0.014473874656245505,0.0350140056022409,0.3582672447212817
svg/g/circle_356,0.125,0.7071067811865476,0.11849808281423613,0.1768030210791156,1.0,0.5647058823529413,0.3,0.15,0.0,0.0,0.3,0.13998589562764457,0.44608481690548557,0.460558691561731,0.5875350140056023,0.6225490196078431,0.4533217542336082,0.6050420168067226,0.014473874656245427,0.0350140056022409,0.3582672447212817
svg/g/ellipse_32,0.25,0.7071067811865476,0.11849808281423613,0.1768030210791156,1.0,0.5647058823529413,0.3,0.15,0.0,0.0,0.3,0.13963328631875882,0.44608481690548557,0.460558691561731,0.6309523809523808,0.6659663865546217,0.4533217542336082,0.6484593837535013,0.014473874656245427,0.0350140056022409,0.3582672447212817
svg/g/circle_355,0.125,0.7071067811865476,0.9947932582778187,0.5719696572370596,0.8529411764705883,0.6,0.3,0.15,0.0,0.0,0.3,0.13928067700987307,0.44608481690548557,0.460558691561731,0.6743697478991596,0.7093837535014005,0.4533217542336082,0.69187675070028,0.014473874656245427,0.0350140056022409,0.3582672447212817
svg/g/circle_354,0.125,0.7071067811865476,0.9022407438911175,0.7969888616664275,0.9502487562189051,0.6058823529411764,0.3,0.15,0.0,0.0,0.3,0.1389280677009873,0.44608481690548557,0.460558691561731,0.717436974789916,0.7524509803921569,0.4533217542336082,0.7349439775910364,0.014473874656245427,0.0350140056022409,0.3582672447212817
svg/g/circle_353,0.125,0.7071067811865476,0.9022407438911175,0.7969888616664275,0.9502487562189051,0.6058823529411764,0.3,0.15,0.0,0.0,0.3,0.13857545839210156,0.44608481690548557,0.460558691561731,0.7608543417366946,0.7958683473389355,0.4533217542336082,0.7783613445378151,0.014473874656245427,0.0350140056022409,0.3582672447212817
svg/g/circle_352,0.125,0.7071067811865476,0.11849808281423613,0.1768030210791156,1.0,0.5647058823529413,0.3,0.15,0.0,0.0,0.3,0.1382228490832158,0.4641771602257925,0.478651034882038,0.5875350140056023,0.6225490196078431,0.4714140975539152,0.6050420168067226,0.014473874656245505,0.0350140056022409,0.3582672447212817
svg/g/ellipse_31,0.25,0.7071067811865476,0.11849808281423613,0.1768030210791156,1.0,0.5647058823529413,0.3,0.15,0.0,0.0,0.3,0.13787023977433005,0.4641771602257925,0.478651034882038,0.6309523809523808,0.6659663865546217,0.4714140975539152,0.6484593837535013,0.014473874656245505,0.0350140056022409,0.3582672447212817
svg/g/circle_351,0.125,0.7071067811865476,0.9947932582778187,0.5719696572370596,0.8529411764705883,0.6,0.3,0.15,0.0,0.0,0.3,0.1375176304654443,0.4641771602257925,0.478651034882038,0.6743697478991596,0.7093837535014005,0.4714140975539152,0.69187675070028,0.014473874656245505,0.0350140056022409,0.3582672447212817
svg/g/circle_350,0.125,0.7071067811865476,0.9022407438911175,0.7969888616664275,0.9502487562189051,0.6058823529411764,0.3,0.15,0.0,0.0,0.3,0.13716502115655854,0.4641771602257925,0.478651034882038,0.717436974789916,0.7524509803921569,0.4714140975539152,0.7349439775910364,0.014473874656245505,0.0350140056022409,0.3582672447212817
svg/g/circle_349,0.125,0.7071067811865476,0.9022407438911175,0.7969888616664275,0.9502487562189051,0.6058823529411764,0.3,0.15,0.0,0.0,0.3,0.1368124118476728,0.4641771602257925,0.478651034882038,0.7608543417366946,0.7958683473389355,0.4714140975539152,0.7783613445378151,0.014473874656245505,0.0350140056022409,0.3582672447212817
svg/g/circle_348,0.125,0.7071067811865476,0.11849808281423613,0.1768030210791156,1.0,0.5647058823529413,0.3,0.15,0.0,0.0,0.3,0.13645980253878703,0.4821247647995369,0.49659863945578225,0.5875350140056023,0.6225490196078431,0.4893617021276596,0.6050420168067226,0.014473874656245346,0.0350140056022409,0.3582672447212817
svg/g/ellipse_30,0.25,0.7071067811865476,0.11849808281423613,0.1768030210791156,1.0,0.5647058823529413,0.3,0.15,0.0,0.0,0.3,0.13610719322990128,0.4821247647995369,0.49659863945578225,0.6309523809523808,0.6659663865546217,0.4893617021276596,0.6484593837535013,0.014473874656245346,0.0350140056022409,0.3582672447212817
svg/g/circle_347,0.125,0.7071067811865476,0.9947932582778187,0.5719696572370596,0.8529411764705883,0.6,0.3,0.15,0.0,0.0,0.3,0.13575458392101553,0.4821247647995369,0.49659863945578225,0.6743697478991596,0.7093837535014005,0.4893617021276596,0.69187675070028,0.014473874656245346,0.0350140056022409,0.3582672447212817
svg/g/circle_346,0.125,0.7071067811865476,0.9022407438911175,0.7969888616664275,0.9502487562189051,0.6058823529411764,0.3,0.15,0.0,0.0,0.3,0.13540197461212977,0.4821247647995369,0.49659863945578225,0.717436974789916,0.7524509803921569,0.4893617021276596,0.7349439775910364,0.014473874656245346,0.0350140056022409,0.3582672447212817
svg/g/circle_345,0.125,0.7071067811865476,0.9022407438911175,0.7969888616664275,0.9502487562189051,0.6058823529411764,0.3,0.15,0.0,0.0,0.3,0.13504936530324402,0.4821247647995369,0.49659863945578225,0.7608543417366946,0.7958683473389355,0.4893617021276596,0.7783613445378151,0.014473874656245346,0.0350140056022409,0.3582672447212817
svg/g/circle_344,0.125,0.7071067811865476,0.11849808281423613,0.1768030210791156,1.0,0.5647058823529413,0.3,0.15,0.0,0.0,0.3,0.13469675599435826,0.4996381531335938,0.5141120277898393,0.5875350140056023,0.6225490196078431,0.5068750904617165,0.6050420168067226,0.014473874656245505,0.0350140056022409,0.3582672447212817
svg/g/ellipse_29,0.25,0.7071067811865476,0.11849808281423613,0.1768030210791156,1.0,0.5647058823529413,0.3,0.15,0.0,0.0,0.3,0.1343441466854725,0.4996381531335938,0.5141120277898393,0.6309523809523808,0.6659663865546217,0.5068750904617165,0.6484593837535013,0.014473874656245505,0.0350140056022409,0.3582672447212817
svg/g/circle_343,0.125,0.7071067811865476,0.9947932582778187,0.5719696572370596,0.8529411764705883,0.6,0.3,0.15,0.0,0.0,0.3,0.13399153737658676,0.4996381531335938,0.5141120277898393,0.6743697478991596,0.7093837535014005,0.5068750904617165,0.69187675070028,0.014473874656245505,0.0350140056022409,0.3582672447212817
svg/g/circle_342,0.125,0.7071067811865476,0.9022407438911175,0.7969888616664275,0.9502487562189051,0.6058823529411764,0.3,0.15,0.0,0.0,0.3,0.133638928067701,0.4996381531335938,0.5141120277898393,0.717436974789916,0.7524509803921569,0.5068750904617165,0.7349439775910364,0.014473874656245505,0.0350140056022409,0.3582672447212817
svg/g/circle_341,0.125,0.7071067811865476,0.9022407438911175,0.7969888616664275,0.9502487562189051,0.6058823529411764,0.3,0.15,0.0,0.0,0.3,0.13328631875881525,0.4996381531335938,0.5141120277898393,0.7608543417366946,0.7958683473389355,0.5068750904617165,0.7783613445378151,0.014473874656245505,0.0350140056022409,0.3582672447212817
svg/g/circle_340,0.125,0.7071067811865476,0.11849808281423613,0.1768030210791156,1.0,0.5647058823529413,0.3,0.15,0.0,0.0,0.3,0.1329337094499295,0.5177304964539008,0.5322043711101461,0.5875350140056023,0.6225490196078431,0.5249674337820234,0.6050420168067226,0.014473874656245346,0.0350140056022409,0.3582672447212817
svg/g/ellipse_28,0.25,0.7071067811865476,0.11849808281423613,0.1768030210791156,1.0,0.5647058823529413,0.3,0.15,0.0,0.0,0.3,0.13258110014104374,0.5177304964539008,0.5322043711101461,0.6309523809523808,0.6659663865546217,0.5249674337820234,0.6484593837535013,0.014473874656245346,0.0350140056022409,0.3582672447212817
svg/g/circle_339,0.125,0.7071067811865476,0.9947932582778187,0.5719696572370596,0.8529411764705883,0.6,0.3,0.15,0.0,0.0,0.3,0.13222849083215799,0.5177304964539008,0.5322043711101461,0.6743697478991596,0.7093837535014005,0.5249674337820234,0.69187675070028,0.014473874656245346,0.0350140056022409,0.3582672447212817
svg/g/circle_338,0.125,0.7071067811865476,0.9022407438911175,0.7969888616664275,0.9502487562189051,0.6058823529411764,0.3,0.15,0.0,0.0,0.3,0.13187588152327223,0.5177304964539008,0.5322043711101461,0.717436974789916,0.7524509803921569,0.5249674337820234,0.7349439775910364,0.014473874656245346,0.0350140056022409,0.3582672447212817
svg/g/circle_337,0.125,0.7071067811865476,0.5351380944726464,0.9987637860920051,0.536,0.5098039215686274,0.3,0.15,0.0,0.0,0.3,0.13152327221438648,0.5177304964539008,0.5322043711101461,0.7608543417366946,0.7958683473389355,0.5249674337820234,0.7783613445378151,0.014473874656245346,0.0350140056022409,0.3582672447212817
svg/g/circle_336,0.125,0.7071067811865476,0.11849808281423613,0.1768030210791156,1.0,0.5647058823529413,0.3,0.15,0.0,0.0,0.3,0.13117066290550072,0.535678101027645,0.5501519756838906,0.5875350140056023,0.6225490196078431,0.5429150383557678,0.6050420168067226,0.014473874656245505,0.0350140056022409,0.3582672447212817
svg/g/ellipse_27,0.25,0.7071067811865476,0.11849808281423613,0.1768030210791156,1.0,0.5647058823529413,0.3,0.15,0.0,0.0,0.3,0.13081805359661497,0.535678101027645,0.5501519756838906,0.6309523809523808,0.6659663865546217,0.5429150383557678,0.6484593837535013,0.014473874656245505,0.0350140056022409,0.3582672447212817
svg/g/circle_335,0.125,0.7071067811865476,0.9947932582778187,0.5719696572370596,0.8529411764705883,0.6,0.3,0.15,0.0,0.0,0.3,0.13046544428772922,0.535678101027645,0.5501519756838906,0.6743697478991596,0.7093837535014005,0.5429150383557678,0.69187675070028,0.014473874656245505,0.0350140056022409,0.3582672447212817
svg/g/circle_334,0.125,0.7071067811865476,0.9022407438911175,0.7969888616664275,0.9502487562189051,0.6058823529411764,0.3,0.15,0.0,0.0,0.3,0.13011283497884346,0.535678101027645,0.5501519756838906,0.717436974789916,0.7524509803921569,0.5429150383557678,0.7349439775910364,0.014473874656245505,0.0350140056022409,0.3582672447212817
svg/g/circle_333,0.125,0.7071067811865476,0.5351380944726464,0.9987637860920051,0.536,0.5098039215686274,0.3,0.15,0.0,0.0,0.3,0.1297602256699577,0.535678101027645,0.5501519756838906,0.7608543417366946,0.7958683473389355,0.5429150383557678,0.7783613445378151,0.014473874656245505,0.0350140056022409,0.3582672447212817
svg/g/circle_332,0.125,0.7071067811865476,0.11849808281423613,0.1768030210791156,1.0,0.5647058823529413,0.3,0.15,0.0,0.0,0.3,0.12940761636107193,0.553480966854827,0.5679548415110725,0.5875350140056023,0.6225490196078431,0.5607179041829496,0.6050420168067226,0.014473874656245505,0.0350140056022409,0.3582672447212817
svg/g/ellipse_26,0.25,0.7071067811865476,0.11849808281423613,0.1768030210791156,1.0,0.5647058823529413,0.3,0.15,0.0,0.0,0.3,0.12905500705218617,0.553480966854827,0.5679548415110725,0.6309523809523808,0.6659663865546217,0.5607179041829496,0.6484593837535013,0.014473874656245505,0.0350140056022409,0.3582672447212817
svg/g/circle_331,0.125,0.7071067811865476,0.9947932582778187,0.5719696572370596,0.8529411764705883,0.6,0.3,0.15,0.0,0.0,0.3,0.12870239774330042,0.553480966854827,0.5679548415110725,0.6743697478991596,0.7093837535014005,0.5607179041829496,0.69187675070028,0.014473874656245505,0.0350140056022409,0.3582672447212817
svg/g/circle_330,0.125,0.7071067811865476,0.9022407438911175,0.7969888616664275,0.9502487562189051,0.6058823529411764,0.3,0.15,0.0,0.0,0.3,0.12834978843441466,0.553480966854827,0.5679548415110725,0.717436974789916,0.7524509803921569,0.5607179041829496,0.7349439775910364,0.014473874656245505,0.0350140056022409,0.3582672447212817
svg/g/circle_329,0.125,0.7071067811865476,0.5351380944726464,0.9987637860920051,0.536,0.5098039215686274,0.3,0.15,0.0,0.0,0.3,0.1279971791255289,0.553480966854827,0.5679548415110725,0.7608543417366946,0.7958683473389355,0.5607179041829496,0.7783613445378151,0.014473874656245505,0.0350140056022409,0.3582672447212817
svg/g/circle_328,0.125,0.7071067811865476,0.11849808281423613,0.1768030210791156,1.0,0.5647058823529413,0.3,0.15,0.0,0.0,0.3,0.12764456981664316,0.5714285714285714,0.5859024460848169,0.5875350140056023,0.6225490196078431,0.5786655087566941,0.6050420168067226,0.014473874656245505,0.0350140056022409,0.3582672447212817
svg/g/ellipse_25,0.25,0.7071067811865476,0.11849808281423613,0.1768030210791156,1.0,0.5647058823529413,0.3,0.15,0.0,0.0,0.3,0.1272919605077574,0.5714285714285714,0.5859024460848169,0.6309523809523808,0.6659663865546217,0.5786655087566941,0.6484593837535013,0.014473874656245505,0.0350140056022409,0.3582672447212817
svg/g/circle_327,0.125,0.7071067811865476,0.9947932582778187,0.5719696572370596,0.8529411764705883,0.6,0.3,0.15,0.0,0.0,0.3,0.12693935119887165,0.5714285714285714,0.5859024460848169,0.6743697478991596,0.7093837535014005,0.5786655087566941,0.69187675070028,0.014473874656245505,0.0350140056022409,0.3582672447212817
svg/g/circle_326,0.125,0.7071067811865476,0.9022407438911175,0.7969888616664275,0.9502487562189051,0.6058823529411764,0.3,0.15,0.0,0.0,0.3,0.1265867418899859,0.5714285714285714,0.5859024460848169,0.717436974789916,0.7524509803921569,0.5786655087566941,0.7349439775910364,0.014473874656245505,0.0350140056022409,0.3582672447212817
svg/g/circle_325,0.125,0.7071067811865476,0.5351380944726464,0.9987637860920051,0.536,0.5098039215686274,0.3,0.15,0.0,0.0,0.3,0.12623413258110014,0.5714285714285714,0.5859024460848169,0.7608543417366946,0.7958683473389355,0.5786655087566941,0.7783613445378151,0.014473874656245505,0.0350140056022409,0.3582672447212817
svg/g/circle_324,0.125,0.7071067811865476,0.11849808281423613,0.1768030210791156,1.0,0.5647058823529413,0.3,0.15,0.0,0.0,0.3,0.12588152327221439,0.5895209147488784,0.6039947894051237,0.5875350140056023,0.6225490196078431,0.596757852077001,0.6050420168067226,0.014473874656245346,0.0350140056022409,0.3582672447212817
svg/g/ellipse_24,0.25,0.7071067811865476,0.11849808281423613,0.1768030210791156,1.0,0.5647058823529413,0.3,0.15,0.0,0.0,0.3,0.12552891396332863,0.5895209147488784,0.6039947894051237,0.6309523809523808,0.6659663865546217,0.596757852077001,0.6484593837535013,0.014473874656245346,0.0350140056022409,0.3582672447212817
svg/g/circle_323,0.125,0.7071067811865476,0.9022407438911175,0.7969888616664275,0.9502487562189051,0.6058823529411764,0.3,0.15,0.0,0.0,0.3,0.12517630465444288,0.5895209147488784,0.6039947894051237,0.6743697478991596,0.7093837535014005,0.596757852077001,0.69187675070028,0.014473874656245346,0.0350140056022409,0.3582672447212817
svg/g/circle_322,0.125,0.7071067811865476,0.9022407438911175,0.7969888616664275,0.9502487562189051,0.6058823529411764,0.3,0.15,0.0,0.0,0.3,0.12482369534555712,0.5895209147488784,0.6039947894051237,0.717436974789916,0.7524509803921569,0.596757852077001,0.7349439775910364,0.014473874656245346,0.0350140056022409,0.3582672447212817
svg/g/circle_321,0.125,0.7071067811865476,0.9314269915162114,0.7527266329282903,0.33603238866396756,0.48431372549019613,0.3,0.15,0.0,0.0,0.3,0.12447108603667137,0.5895209147488784,0.6039947894051237,0.7608543417366946,0.7958683473389355,0.596757852077001,0.7783613445378151,0.014473874656245346,0.0350140056022409,0.3582672447212817
svg/g/circle_320,0.125,0.7071067811865476,0.11849808281423613,0.1768030210791156,1.0,0.5647058823529413,0.3,0.15,0.0,0.0,0.3,0.12411847672778561,0.6550875669416703,0.6695614415979158,0.5875350140056023,0.6225490196078431,0.6623245042697931,0.6050420168067226,0.014473874656245505,0.0350140056022409,0.3582672447212817
svg/g/ellipse_23,0.25,0.7071067811865476,0.9022407438911175,0.7969888616664275,0.9502487562189051,0.6058823529411764,0.3,0.15,0.0,0.0,0.3,0.12376586741889986,0.6550875669416703,0.6695614415979158,0.6309523809523808,0.6659663865546217,0.6623245042697931,0.6484593837535013,0.014473874656245505,0.0350140056022409,0.3582672447212817
svg/g/circle_319,0.125,0.7071067811865476,0.9022407438911175,0.7969888616664275,0.9502487562189051,0.6058823529411764,0.3,0.15,0.0,0.0,0.3,0.1234132581100141,0.6550875669416703,0.6695614415979158,0.6743697478991596,0.7093837535014005,0.6623245042697931,0.69187675070028,0.014473874656245505,0.0350140056022409,0.3582672447212817
svg/g/circle_318,0.125,0.7071067811865476,0.5351380944726464,0.9987637860920051,0.536,0.5098039215686274,0.3,0.15,0.0,0.0,0.3,0.12306064880112835,0.6550875669416703,0.6695614415979158,0.717436974789916,0.7524509803921569,0.6623245042697931,0.7349439775910364,0.014473874656245505,0.0350140056022409,0.3582672447212817
svg/g/circle_317,0.125,0.7071067811865476,0.9314269915162114,0.7527266329282903,0.33603238866396756,0.48431372549019613,0.3,0.15,0.0,0.0,0.3,0.1227080394922426,0.6550875669416703,0.6695614415979158,0.7608543417366946,0.7958683473389355,0.6623245042697931,0.7783613445378151,0.014473874656245505,0.0350140056022409,0.3582672447212817
svg/g/circle_316,0.125,0.7071067811865476,0.11849808281423613,0.1768030210791156,1.0,0.5647058823529413,0.3,0.15,0.0,0.0,0.3,0.12235543018335684,0.6731799102619772,0.6876537849182226,0.5875350140056023,0.6225490196078431,0.6804168475900998,0.6050420168067226,0.014473874656245346,0.0350140056022409,0.3582672447212817
svg/g/ellipse_22,0.25,0.7071067811865476,0.9022407438911175,0.7969888616664275,0.9502487562189051,0.6058823529411764,0.3,0.15,0.0,0.0,0.3,0.12200282087447109,0.6731799102619772,0.6876537849182226,0.6309523809523808,0.6659663865546217,0.6804168475900998,0.6484593837535013,0.014473874656245346,0.0350140056022409,0.3582672447212817
svg/g/circle_315,0.125,0.7071067811865476,0.9022407438911175,0.7969888616664275,0.9502487562189051,0.6058823529411764,0.3,0.15,0.0,0.0,0.3,0.12165021156558534,0.6731799102619772,0.6876537849182226,0.6743697478991596,0.7093837535014005,0.6804168475900998,0.69187675070028,0.014473874656245346,0.0350140056022409,0.3582672447212817
svg/g/circle_314,0.125,0.7071067811865476,0.5351380944726464,0.9987637860920051,0.536,0.5098039215686274,0.3,0.15,0.0,0.0,0.3,0.12129760225669958,0.6731799102619772,0.6876537849182226,0.717436974789916,0.7524509803921569,0.6804168475900998,0.7349439775910364,0.014473874656245346,0.0350140056022409,0.3582672447212817
svg/g/circle_313,0.125,0.7071067811865476,0.9314269915162114,0.7527266329282903,0.33603238866396756,0.48431372549019613,0.3,0.15,0.0,0.0,0.3,0.12094499294781383,0.6731799102619772,0.6876537849182226,0.7608543417366946,0.7958683473389355,0.6804168475900998,0.7783613445378151,0.014473874656245346,0.0350140056022409,0.3582672447212817
svg/g/circle_312,0.125,0.7071067811865476,0.11849808281423613,0.1768030210791156,1.0,0.5647058823529413,0.3,0.15,0.0,0.0,0.3,0.12059238363892807,0.6911275148357217,0.705601389491967,0.5875350140056023,0.6225490196078431,0.6983644521638442,0.6050420168067226,0.014473874656245505,0.0350140056022409,0.3582672447212817
svg/g/ellipse_21,0.25,0.7071067811865476,0.9022407438911175,0.7969888616664275,0.9502487562189051,0.6058823529411764,0.3,0.15,0.0,0.0,0.3,0.12023977433004232,0.6911275148357217,0.705601389491967,0.6309523809523808,0.6659663865546217,0.6983644521638442,0.6484593837535013,0.014473874656245505,0.0350140056022409,0.3582672447212817
svg/g/circle_311,0.125,0.7071067811865476,0.9022407438911175,0.7969888616664275,0.9502487562189051,0.6058823529411764,0.3,0.15,0.0,0.0,0.3,0.11988716502115657,0.6911275148357217,0.705601389491967,0.6743697478991596,0.7093837535014005,0.6983644521638442,0.69187675070028,0.014473874656245505,0.0350140056022409,0.3582672447212817
svg/g/circle_310,0.125,0.7071067811865476,0.5351380944726464,0.9987637860920051,0.536,0.5098039215686274,0.3,0.15,0.0,0.0,0.3,0.11953455571227081,0.6911275148357217,0.705601389491967,0.717436974789916,0.7524509803921569,0.6983644521638442,0.7349439775910364,0.014473874656245505,0.0350140056022409,0.3582672447212817
svg/g/circle_309,0.125,0.7071067811865476,0.9314269915162114,0.7527266329282903,0.33603238866396756,0.48431372549019613,0.3,0.15,0.0,0.0,0.3,0.11918194640338506,0.6911275148357217,0.705601389491967,0.7608543417366946,0.7958683473389355,0.6983644521638442,0.7783613445378151,0.014473874656245505,0.0350140056022409,0.3582672447212817
svg/g/circle_308,0.125,0.7071067811865476,0.11849808281423613,0.1768030210791156,1.0,0.5647058823529413,0.3,0.15,0.0,0.0,0.3,0.1188293370944993,0.7089303806629035,0.7234042553191489,0.5875350140056023,0.6225490196078431,0.7161673179910262,0.6050420168067226,0.014473874656245346,0.0350140056022409,0.3582672447212817
svg/g/ellipse_20,0.25,0.7071067811865476,0.9022407438911175,0.7969888616664275,0.9502487562189051,0.6058823529411764,0.3,0.15,0.0,0.0,0.3,0.11847672778561355,0.7089303806629035,0.7234042553191489,0.6309523809523808,0.6659663865546217,0.7161673179910262,0.6484593837535013,0.014473874656245346,0.0350140056022409,0.3582672447212817
svg/g/circle_307,0.125,0.7071067811865476,0.9022407438911175,0.7969888616664275,0.9502487562189051,0.6058823529411764,0.3,0.15,0.0,0.0,0.3,0.1181241184767278,0.7089303806629035,0.7234042553191489,0.6743697478991596,0.7093837535014005,0.7161673179910262,0.69187675070028,0.014473874656245346,0.0350140056022409,0.3582672447212817
svg/g/circle_306,0.125,0.7071067811865476,0.5351380944726464,0.9987637860920051,0.536,0.5098039215686274,0.3,0.15,0.0,0.0,0.3,0.11777150916784204,0.7089303806629035,0.7234042553191489,0.717436974789916,0.7524509803921569,0.7161673179910262,0.7349439775910364,0.014473874656245346,0.0350140056022409,0.3582672447212817
svg/g/circle_305,0.125,0.7071067811865476,0.9314269915162114,0.7527266329282903,0.33603238866396756,0.48431372549019613,0.3,0.15,0.0,0.0,0.3,0.11741889985895629,0.7089303806629035,0.7234042553191489,0.7608543417366946,0.7958683473389355,0.7161673179910262,0.7783613445378151,0.014473874656245346,0.0350140056022409,0.3582672447212817
svg/g/circle_304,0.125,0.7071067811865476,0.11849808281423613,0.1768030210791156,1.0,0.5647058823529413,0.3,0.15,0.0,0.0,0.3,0.11706629055007053,0.7268779852366478,0.7413518598928933,0.5875350140056023,0.6225490196078431,0.7341149225647706,0.6050420168067226,0.014473874656245505,0.0350140056022409,0.3582672447212817
svg/g/ellipse_19,0.25,0.7071067811865476,0.9022407438911175,0.7969888616664275,0.9502487562189051,0.6058823529411764,0.3,0.15,0.0,0.0,0.3,0.11671368124118478,0.7268779852366478,0.7413518598928933,0.6309523809523808,0.6659663865546217,0.7341149225647706,0.6484593837535013,0.014473874656245505,0.0350140056022409,0.3582672447212817
svg/g/circle_303,0.125,0.7071067811865476,0.9022407438911175,0.7969888616664275,0.9502487562189051,0.6058823529411764,0.3,0.15,0.0,0.0,0.3,0.11636107193229903,0.7268779852366478,0.7413518598928933,0.6743697478991596,0.7093837535014005,0.7341149225647706,0.69187675070028,0.014473874656245505,0.0350140056022409,0.3582672447212817
svg/g/circle_302,0.125,0.7071067811865476,0.5351380944726464,0.9987637860920051,0.536,0.5098039215686274,0.3,0.15,0.0,0.0,0.3,0.11600846262341324,0.7268779852366478,0.7413518598928933,0.717436974789916,0.7524509803921569,0.7341149225647706,0.7349439775910364,0.014473874656245505,0.0350140056022409,0.3582672447212817
svg/g/circle_301,0.125,0.7071067811865476,0.9314269915162114,0.7527266329282903,0.33603238866396756,0.48431372549019613,0.3,0.15,0.0,0.0,0.3,0.11565585331452749,0.7268779852366478,0.7413518598928933,0.7608543417366946,0.7958683473389355,0.7341149225647706,0.7783613445378151,0.014473874656245505,0.0350140056022409,0.3582672447212817
svg/g/circle_300,0.125,0.7071067811865476,0.11849808281423613,0.1768030210791156,1.0,0.5647058823529413,0.3,0.15,0.0,0.0,0.3,0.11530324400564174,0.7449703285569547,0.7594442032132002,0.5875350140056023,0.6225490196078431,0.7522072658850774,0.6050420168067226,0.014473874656245505,0.0350140056022409,0.3582672447212817
svg/g/ellipse_18,0.25,0.7071067811865476,0.9022407438911175,0.7969888616664275,0.9502487562189051,0.6058823529411764,0.3,0.15,0.0,0.0,0.3,0.11495063469675598,0.7449703285569547,0.7594442032132002,0.6309523809523808,0.6659663865546217,0.7522072658850774,0.6484593837535013,0.014473874656245505,0.0350140056022409,0.3582672447212817
svg/g/circle_299,0.125,0.7071067811865476,0.9022407438911175,0.7969888616664275,0.9502487562189051,0.6058823529411764,0.3,0.15,0.0,0.0,0.3,0.11459802538787023,0.7449703285569547,0.7594442032132002,0.6743697478991596,0.7093837535014005,0.7522072658850774,0.69187675070028,0.014473874656245505,0.0350140056022409,0.3582672447212817
svg/g/circle_298,0.125,0.7071067811865476,0.5351380944726464,0.9987637860920051,0.536,0.5098039215686274,0.3,0.15,0.0,0.0,0.3,0.11424541607898447,0.7449703285569547,0.7594442032132002,0.717436974789916,0.7524509803921569,0.7522072658850774,0.7349439775910364,0.014473874656245505,0.0350140056022409,0.3582672447212817
svg/g/circle_297,0.125,0.7071067811865476,0.9314269915162114,0.7527266329282903,0.33603238866396756,0.48431372549019613,0.3,0.15,0.0,0.0,0.3,0.11389280677009872,0.7449703285569547,0.7594442032132002,0.7608543417366946,0.7958683473389355,0.7522072658850774,0.7783613445378151,0.014473874656245505,0.0350140056022409,0.3582672447212817
svg/g/circle_296,0.125,0.7071067811865476,0.11849808281423613,0.1768030210791156,1.0,0.5647058823529413,0.3,0.15,0.0,0.0,0.3,0.11354019746121297,0.7624837168910117,0.7769575915472572,0.5875350140056023,0.6225490196078431,0.7697206542191344,0.6050420168067226,0.014473874656245505,0.0350140056022409,0.3582672447212817
svg/g/ellipse_17,0.25,0.7071067811865476,0.9022407438911175,0.7969888616664275,0.9502487562189051,0.6058823529411764,0.3,0.15,0.0,0.0,0.3,0.11318758815232721,0.7624837168910117,0.7769575915472572,0.6309523809523808,0.6659663865546217,0.7697206542191344,0.6484593837535013,0.014473874656245505,0.0350140056022409,0.3582672447212817
svg/g/circle_295,0.125,0.7071067811865476,0.9022407438911175,0.7969888616664275,0.9502487562189051,0.6058823529411764,0.3,0.15,0.0,0.0,0.3,0.11283497884344146,0.7624837168910117,0.7769575915472572,0.6743697478991596,0.7093837535014005,0.7697206542191344,0.69187675070028,0.014473874656245505,0.0350140056022409,0.3582672447212817
svg/g/circle_294,0.125,0.7071067811865476,0.5351380944726464,0.9987637860920051,0.536,0.5098039215686274,0.3,0.15,0.0,0.0,0.3,0.1124823695345557,0.7624837168910117,0.7769575915472572,0.717436974789916,0.7524509803921569,0.7697206542191344,0.7349439775910364,0.014473874656245505,0.0350140056022409,0.3582672447212817
svg/g/circle_293,0.125,0.7071067811865476,0.9314269915162114,0.7527266329282903,0.33603238866396756,0.48431372549019613,0.3,0.15,0.0,0.0,0.3,0.11212976022566995,0.7624837168910117,0.7769575915472572,0.7608543417366946,0.7958683473389355,0.7697206542191344,0.7783613445378151,0.014473874656245505,0.0350140056022409,0.3582672447212817
svg/g/circle_292,0.125,0.7071067811865476,0.11849808281423613,0.1768030210791156,1.0,0.5647058823529413,0.3,0.15,0.0,0.0,0.3,0.1117771509167842,0.780431321464756,0.7949051961210015,0.5875350140056023,0.6225490196078431,0.7876682587928787,0.6050420168067226,0.014473874656245505,0.0350140056022409,0.3582672447212817
svg/g/ellipse_16,0.25,0.7071067811865476,0.9022407438911175,0.7969888616664275,0.9502487562189051,0.6058823529411764,0.3,0.15,0.0,0.0,0.3,0.11142454160789844,0.780431321464756,0.7949051961210015,0.6309523809523808,0.6659663865546217,0.7876682587928787,0.6484593837535013,0.014473874656245505,0.0350140056022409,0.3582672447212817
svg/g/circle_291,0.125,0.7071067811865476,0.9022407438911175,0.7969888616664275,0.9502487562189051,0.6058823529411764,0.3,0.15,0.0,0.0,0.3,0.11107193229901269,0.780431321464756,0.7949051961210015,0.6743697478991596,0.7093837535014005,0.7876682587928787,0.69187675070028,0.014473874656245505,0.0350140056022409,0.3582672447212817
svg/g/circle_290,0.125,0.7071067811865476,0.5351380944726464,0.9987637860920051,0.536,0.5098039215686274,0.3,0.15,0.0,0.0,0.3,0.11071932299012693,0.780431321464756,0.7949051961210015,0.717436974789916,0.7524509803921569,0.7876682587928787,0.7349439775910364,0.014473874656245505,0.0350140056022409,0.3582672447212817
svg/g/circle_289,0.125,0.7071067811865476,0.9314269915162114,0.7527266329282903,0.33603238866396756,0.48431372549019613,0.3,0.15,0.0,0.0,0.3,0.11036671368124118,0.780431321464756,0.7949051961210015,0.7608543417366946,0.7958683473389355,0.7876682587928787,0.7783613445378151,0.014473874656245505,0.0350140056022409,0.3582672447212817
svg/g/circle_288,0.125,0.7071067811865476,0.9947932582778187,0.5719696572370596,0.8529411764705883,0.6,0.3,0.15,0.0,0.0,0.3,0.11001410437235543,0.798523664785063,0.8129975394413085,0.5875350140056023,0.6225490196078431,0.8057606021131857,0.6050420168067226,0.014473874656245505,0.0350140056022409,0.3582672447212817
svg/g/ellipse_15,0.25,0.7071067811865476,0.9022407438911175,0.7969888616664275,0.9502487562189051,0.6058823529411764,0.3,0.15,0.0,0.0,0.3,0.10966149506346967,0.798523664785063,0.8129975394413085,0.6309523809523808,0.6659663865546217,0.8057606021131857,0.6484593837535013,0.014473874656245505,0.0350140056022409,0.3582672447212817
svg/g/circle_287,0.125,0.7071067811865476,0.5351380944726464,0.9987637860920051,0.536,0.5098039215686274,0.3,0.15,0.0,0.0,0.3,0.10930888575458392,0.798523664785063,0.8129975394413085,0.6743697478991596,0.7093837535014005,0.8057606021131857,0.69187675070028,0.014473874656245505,0.0350140056022409,0.3582672447212817
svg/g/circle_286,0.125,0.7071067811865476,0.5351380944726464,0.9987637860920051,0.536,0.5098039215686274,0.3,0.15,0.0,0.0,0.3,0.10895627644569816,0.798523664785063,0.8129975394413085,0.717436974789916,0.7524509803921569,0.8057606021131857,0.7349439775910364,0.014473874656245505,0.0350140056022409,0.3582672447212817
svg/g/circle_285,0.125,0.7071067811865476,0.9314269915162114,0.7527266329282903,0.33603238866396756,0.48431372549019613,0.3,0.15,0.0,0.0,0.3,0.10860366713681241,0.798523664785063,0.8129975394413085,0.7608543417366946,0.7958683473389355,0.8057606021131857,0.7783613445378151,0.014473874656245505,0.0350140056022409,0.3582672447212817
svg/g/circle_284,0.125,0.7071067811865476,0.9947932582778187,0.5719696572370596,0.8529411764705883,0.6,0.3,0.15,0.0,0.0,0.3,0.10825105782792666,0.8161817918656823,0.830655666521928,0.5875350140056023,0.6225490196078431,0.8234187291938052,0.6050420168067226,0.014473874656245667,0.0350140056022409,0.3582672447212817
svg/g/ellipse_14,0.25,0.7071067811865476,0.9022407438911175,0.7969888616664275,0.9502487562189051,0.6058823529411764,0.3,0.15,0.0,0.0,0.3,0.1078984485190409,0.8161817918656823,0.830655666521928,0.6309523809523808,0.6659663865546217,0.8234187291938052,0.6484593837535013,0.014473874656245667,0.0350140056022409,0.3582672447212817
svg/g/circle_283,0.125,0.7071067811865476,0.5351380944726464,0.9987637860920051,0.536,0.5098039215686274,0.3,0.15,0.0,0.0,0.3,0.10754583921015515,0.8161817918656823,0.830655666521928,0.6743697478991596,0.7093837535014005,0.8234187291938052,0.69187675070028,0.014473874656245667,0.0350140056022409,0.3582672447212817
svg/g/circle_282,0.125,0.7071067811865476,0.5351380944726464,0.9987637860920051,0.536,0.5098039215686274,0.3,0.15,0.0,0.0,0.3,0.1071932299012694,0.8161817918656823,0.830655666521928,0.717436974789916,0.7524509803921569,0.8234187291938052,0.7349439775910364,0.014473874656245667,0.0350140056022409,0.3582672447212817
svg/g/circle_281,0.125,0.7071067811865476,0.9947932582778187,0.5719696572370596,0.8529411764705883,0.6,0.3,0.15,0.0,0.0,0.3,0.10684062059238364,0.8342741351859893,0.8487480098422348,0.5875350140056023,0.6225490196078431,0.8415110725141121,0.6050420168067226,0.014473874656245505,0.0350140056022409,0.3582672447212817
svg/g/ellipse_13,0.25,0.7071067811865476,0.9022407438911175,0.7969888616664275,0.9502487562189051,0.6058823529411764,0.3,0.15,0.0,0.0,0.3,0.10648801128349789,0.8342741351859893,0.8487480098422348,0.6309523809523808,0.6659663865546217,0.8415110725141121,0.6484593837535013,0.014473874656245505,0.0350140056022409,0.3582672447212817
svg/g/circle_280,0.125,0.7071067811865476,0.5351380944726464,0.9987637860920051,0.536,0.5098039215686274,0.3,0.15,0.0,0.0,0.3,0.10613540197461213,0.8342741351859893,0.8487480098422348,0.6743697478991596,0.7093837535014005,0.8415110725141121,0.69187675070028,0.014473874656245505,0.0350140056022409,0.3582672447212817
svg/g/circle_279,0.125,0.7071067811865476,0.5351380944726464,0.9987637860920051,0.536,0.5098039215686274,0.3,0.15,0.0,0.0,0.3,0.10578279266572638,0.8342741351859893,0.8487480098422348,0.717436974789916,0.7524509803921569,0.8415110725141121,0.7349439775910364,0.014473874656245505,0.0350140056022409,0.3582672447212817
svg/g/circle_278,0.125,0.7071067811865476,0.9947932582778187,0.5719696572370596,0.8529411764705883,0.6,0.3,0.15,0.0,0.0,0.3,0.10543018335684062,0.8522217397597336,0.8666956144159791,0.5875350140056023,0.6225490196078431,0.8594586770878563,0.6050420168067226,0.014473874656245505,0.0350140056022409,0.3582672447212817
svg/g/ellipse_12,0.25,0.7071067811865476,0.9022407438911175,0.7969888616664275,0.9502487562189051,0.6058823529411764,0.3,0.15,0.0,0.0,0.3,0.10507757404795487,0.8522217397597336,0.8666956144159791,0.6309523809523808,0.6659663865546217,0.8594586770878563,0.6484593837535013,0.014473874656245505,0.0350140056022409,0.3582672447212817
svg/g/circle_277,0.125,0.7071067811865476,0.5351380944726464,0.9987637860920051,0.536,0.5098039215686274,0.3,0.15,0.0,0.0,0.3,0.10472496473906912,0.8522217397597336,0.8666956144159791,0.6743697478991596,0.7093837535014005,0.8594586770878563,0.69187675070028,0.014473874656245505,0.0350140056022409,0.3582672447212817
svg/g/circle_276,0.125,0.7071067811865476,0.5351380944726464,0.9987637860920051,0.536,0.5098039215686274,0.3,0.15,0.0,0.0,0.3,0.10437235543018336,0.8522217397597336,0.8666956144159791,0.717436974789916,0.7524509803921569,0.8594586770878563,0.7349439775910364,0.014473874656245505,0.0350140056022409,0.3582672447212817
svg/g/circle_275,0.125,0.7071067811865476,0.11849808281423613,0.1768030210791156,1.0,0.5647058823529413,0.3,0.15,0.0,0.0,0.3,0.10401974612129761,0.9179331306990881,0.9324070053553336,0.5875350140056023,0.6225490196078431,0.9251700680272109,0.6050420168067226,0.014473874656245505,0.0350140056022409,0.3582672447212817
svg/g/ellipse_11,0.25,0.7071067811865476,0.9947932582778187,0.5719696572370596,0.8529411764705883,0.6,0.3,0.15,0.0,0.0,0.3,0.10366713681241185,0.9179331306990881,0.9324070053553336,0.6309523809523808,0.6659663865546217,0.9251700680272109,0.6484593837535013,0.014473874656245505,0.0350140056022409,0.3582672447212817
svg/g/circle_274,0.125,0.7071067811865476,0.9947932582778187,0.5719696572370596,0.8529411764705883,0.6,0.3,0.15,0.0,0.0,0.3,0.1033145275035261,0.9179331306990881,0.9324070053553336,0.6743697478991596,0.7093837535014005,0.9251700680272109,0.69187675070028,0.014473874656245505,0.0350140056022409,0.3582672447212817
svg/g/circle_273,0.125,0.7071067811865476,0.9022407438911175,0.7969888616664275,0.9502487562189051,0.6058823529411764,0.3,0.15,0.0,0.0,0.3,0.10296191819464035,0.9179331306990881,0.9324070053553336,0.717436974789916,0.7524509803921569,0.9251700680272109,0.7349439775910364,0.014473874656245505,0.0350140056022409,0.3582672447212817
svg/g/circle_272,0.125,0.7071067811865476,0.5351380944726464,0.9987637860920051,0.536,0.5098039215686274,0.3,0.15,0.0,0.0,0.3,0.10260930888575459,0.9179331306990881,0.9324070053553336,0.7608543417366946,0.7958683473389355,0.9251700680272109,0.7783613445378151,0.014473874656245505,0.0350140056022409,0.3582672447212817
svg/g/circle_271,0.125,0.7071067811865476,0.11849808281423613,0.1768030210791156,1.0,0.5647058823529413,0.3,0.15,0.0,0.0,0.3,0.10225669957686884,0.9358807352728327,0.9503546099290782,0.5875350140056023,0.6225490196078431,0.9431176726009554,0.6050420168067226,0.014473874656245505,0.0350140056022409,0.3582672447212817
svg/g/ellipse_10,0.25,0.7071067811865476,0.9947932582778187,0.5719696572370596,0.8529411764705883,0.6,0.3,0.15,0.0,0.0,0.3,0.10190409026798308,0.9358807352728327,0.9503546099290782,0.6309523809523808,0.6659663865546217,0.9431176726009554,0.6484593837535013,0.014473874656245505,0.0350140056022409,0.3582672447212817
svg/g/circle_270,0.125,0.7071067811865476,0.9947932582778187,0.5719696572370596,0.8529411764705883,0.6,0.3,0.15,0.0,0.0,0.3,0.10155148095909733,0.9358807352728327,0.9503546099290782,0.6743697478991596,0.7093837535014005,0.9431176726009554,0.69187675070028,0.014473874656245505,0.0350140056022409,0.3582672447212817
svg/g/circle_269,0.125,0.7071067811865476,0.9022407438911175,0.7969888616664275,0.9502487562189051,0.6058823529411764,0.3,0.15,0.0,0.0,0.3,0.10119887165021157,0.9358807352728327,0.9503546099290782,0.717436974789916,0.7524509803921569,0.9431176726009554,0.7349439775910364,0.014473874656245505,0.0350140056022409,0.3582672447212817
svg/g/circle_268,0.125,0.7071067811865476,0.9314269915162114,0.7527266329282903,0.33603238866396756,0.48431372549019613,0.3,0.15,0.0,0.0,0.3,0.10084626234132582,0.9358807352728327,0.9503546099290782,0.7608543417366946,0.7958683473389355,0.9431176726009554,0.7783613445378151,0.014473874656245505,0.0350140056022409,0.3582672447212817
svg/g/circle_267,0.125,0.7071067811865476,0.11849808281423613,0.1768030210791156,1.0,0.5647058823529413,0.3,0.15,0.0,0.0,0.3,0.10049365303244007,0.9538283398465769,0.9683022145028224,0.5875350140056023,0.6225490196078431,0.9610652771746997,0.6050420168067226,0.014473874656245505,0.0350140056022409,0.3582672447212817
svg/g/ellipse_9,0.25,0.7071067811865476,0.9947932582778187,0.5719696572370596,0.8529411764705883,0.6,0.3,0.15,0.0,0.0,0.3,0.10014104372355431,0.9538283398465769,0.9683022145028224,0.6309523809523808,0.6659663865546217,0.9610652771746997,0.6484593837535013,0.014473874656245505,0.0350140056022409,0.3582672447212817
svg/g/circle_266,0.125,0.7071067811865476,0.9947932582778187,0.5719696572370596,0.8529411764705883,0.6,0.3,0.15,0.0,0.0,0.3,0.09978843441466856,0.9538283398465769,0.9683022145028224,0.6743697478991596,0.7093837535014005,0.9610652771746997,0.69187675070028,0.014473874656245505,0.0350140056022409,0.3582672447212817
svg/g/circle_265,0.125,0.7071067811865476,0.9022407438911175,0.7969888616664275,0.9502487562189051,0.6058823529411764,0.3,0.15,0.0,0.0,0.3,0.0994358251057828,0.9538283398465769,0.9683022145028224,0.717436974789916,0.7524509803921569,0.9610652771746997,0.7349439775910364,0.014473874656245505,0.0350140056022409,0.3582672447212817
svg/g/circle_264,0.125,0.7071067811865476,0.9314269915162114,0.7527266329282903,0.33603238866396756,0.48431372549019613,0.3,0.15,0.0,0.0,0.3,0.09908321579689705,0.9538283398465769,0.9683022145028224,0.7608543417366946,0.7958683473389355,0.9610652771746997,0.7783613445378151,0.014473874656245505,0.0350140056022409,0.3582672447212817
svg/g/circle_263,0.125,0.7071067811865476,0.11849808281423613,0.1768030210791156,1.0,0.5647058823529413,0.3,0.15,0.0,0.0,0.3,0.0987306064880113,0.9716312056737587,0.9861050803300043,0.5875350140056023,0.6225490196078431,0.9788681430018815,0.6050420168067226,0.014473874656245505,0.0350140056022409,0.3582672447212817
svg/g/ellipse_8,0.25,0.7071067811865476,0.9947932582778187,0.5719696572370596,0.8529411764705883,0.6,0.3,0.15,0.0,0.0,0.3,0.09837799717912554,0.9716312056737587,0.9861050803300043,0.6309523809523808,0.6659663865546217,0.9788681430018815,0.6484593837535013,0.014473874656245505,0.0350140056022409,0.3582672447212817
svg/g/circle_262,0.125,0.7071067811865476,0.9947932582778187,0.5719696572370596,0.8529411764705883,0.6,0.3,0.15,0.0,0.0,0.3,0.09802538787023976,0.9716312056737587,0.9861050803300043,0.6743697478991596,0.7093837535014005,0.9788681430018815,0.69187675070028,0.014473874656245505,0.0350140056022409,0.3582672447212817
svg/g/circle_261,0.125,0.7071067811865476,0.5351380944726464,0.9987637860920051,0.536,0.5098039215686274,0.3,0.15,0.0,0.0,0.3,0.097672778561354,0.9716312056737587,0.9861050803300043,0.717436974789916,0.7524509803921569,0.9788681430018815,0.7349439775910364,0.014473874656245505,0.0350140056022409,0.3582672447212817
svg/g/circle_260,0.125,0.7071067811865476,0.9314269915162114,0.7527266329282903,0.33603238866396756,0.48431372549019613,0.3,0.15,0.0,0.0,0.3,0.09732016925246825,0.9716312056737587,0.9861050803300043,0.7608543417366946,0.7958683473389355,0.9788681430018815,0.7783613445378151,0.014473874656245505,0.0350140056022409,0.3582672447212817
svg/g/circle_259,0.125,0.7071067811865476,0.11849808281423613,0.1768030210791156,1.0,0.5647058823529413,0.3,0.15,0.0,0.0,0.3,0.0969675599435825,0.9897235489940656,1.004197423650311,0.5875350140056023,0.6225490196078431,0.9969604863221884,0.6050420168067226,0.014473874656245505,0.0350140056022409,0.3582672447212817
svg/g/ellipse_7,0.25,0.7071067811865476,0.9947932582778187,0.5719696572370596,0.8529411764705883,0.6,0.3,0.15,0.0,0.0,0.3,0.09661495063469674,0.9897235489940656,1.004197423650311,0.6309523809523808,0.6659663865546217,0.9969604863221884,0.6484593837535013,0.014473874656245505,0.0350140056022409,0.3582672447212817
svg/g/circle_258,0.125,0.7071067811865476,0.9947932582778187,0.5719696572370596,0.8529411764705883,0.6,0.3,0.15,0.0,0.0,0.3,0.09626234132581099,0.9897235489940656,1.004197423650311,0.6743697478991596,0.7093837535014005,0.9969604863221884,0.69187675070028,0.014473874656245505,0.0350140056022409,0.3582672447212817
svg/g/circle_257,0.125,0.7071067811865476,0.5351380944726464,0.9987637860920051,0.536,0.5098039215686274,0.3,0.15,0.0,0.0,0.3,0.09590973201692524,0.9897235489940656,1.004197423650311,0.717436974789916,0.7524509803921569,0.9969604863221884,0.7349439775910364,0.014473874656245505,0.0350140056022409,0.3582672447212817
svg/g/circle_256,0.125,0.7071067811865476,0.9314269915162114,0.7527266329282903,0.33603238866396756,0.48431372549019613,0.3,0.15,0.0,0.0,0.3,0.09555712270803948,0.9897235489940656,1.004197423650311,0.7608543417366946,0.7958683473389355,0.9969604863221884,0.7783613445378151,0.014473874656245505,0.0350140056022409,0.3582672447212817
svg/g/circle_255,0.125,0.7071067811865476,0.11849808281423613,0.1768030210791156,1.0,0.5647058823529413,0.3,0.15,0.0,0.0,0.3,0.09520451339915373,1.0076711535678102,1.0221450282240556,0.5875350140056023,0.6225490196078431,1.014908090895933,0.6050420168067226,0.014473874656245505,0.0350140056022409,0.3582672447212817
svg/g/ellipse_6,0.25,0.7071067811865476,0.9947932582778187,0.5719696572370596,0.8529411764705883,0.6,0.3,0.15,0.0,0.0,0.3,0.09485190409026797,1.0076711535678102,1.0221450282240556,0.6309523809523808,0.6659663865546217,1.014908090895933,0.6484593837535013,0.014473874656245505,0.0350140056022409,0.3582672447212817
svg/g/circle_254,0.125,0.7071067811865476,0.9947932582778187,0.5719696572370596,0.8529411764705883,0.6,0.3,0.15,0.0,0.0,0.3,0.09449929478138222,1.0076711535678102,1.0221450282240556,0.6743697478991596,0.7093837535014005,1.014908090895933,0.69187675070028,0.014473874656245505,0.0350140056022409,0.3582672447212817
svg/g/circle_253,0.125,0.7071067811865476,0.5351380944726464,0.9987637860920051,0.536,0.5098039215686274,0.3,0.15,0.0,0.0,0.3,0.09414668547249647,1.0076711535678102,1.0221450282240556,0.717436974789916,0.7524509803921569,1.014908090895933,0.7349439775910364,0.014473874656245505,0.0350140056022409,0.3582672447212817
svg/g/circle_252,0.125,0.7071067811865476,0.9314269915162114,0.7527266329282903,0.33603238866396756,0.48431372549019613,0.3,0.15,0.0,0.0,0.3,0.09379407616361071,1.0076711535678102,1.0221450282240556,0.7608543417366946,0.7958683473389355,1.014908090895933,0.7783613445378151,0.014473874656245505,0.0350140056022409,0.3582672447212817
svg/g/circle_251,0.125,0.7071067811865476,0.11849808281423613,0.1768030210791156,1.0,0.5647058823529413,0.3,0.15,0.0,0.0,0.3,0.09344146685472496,1.025184541901867,1.0396584165581126,0.5875350140056023,0.6225490196078431,1.0324214792299897,0.6050420168067226,0.014473874656245505,0.0350140056022409,0.3582672447212817
svg/g/ellipse_5,0.25,0.7071067811865476,0.9947932582778187,0.5719696572370596,0.8529411764705883,0.6,0.3,0.15,0.0,0.0,0.3,0.0930888575458392,1.025184541901867,1.0396584165581126,0.6309523809523808,0.6659663865546217,1.0324214792299897,0.6484593837535013,0.014473874656245505,0.0350140056022409,0.3582672447212817
svg/g/circle_250,0.125,0.7071067811865476,0.9947932582778187,0.5719696572370596,0.8529411764705883,0.6,0.3,0.15,0.0,0.0,0.3,0.09273624823695345,1.025184541901867,1.0396584165581126,0.6743697478991596,0.7093837535014005,1.0324214792299897,0.69187675070028,0.014473874656245505,0.0350140056022409,0.3582672447212817
svg/g/circle_249,0.125,0.7071067811865476,0.5351380944726464,0.9987637860920051,0.536,0.5098039215686274,0.3,0.15,0.0,0.0,0.3,0.0923836389280677,1.025184541901867,1.0396584165581126,0.717436974789916,0.7524509803921569,1.0324214792299897,0.7349439775910364,0.014473874656245505,0.0350140056022409,0.3582672447212817
svg/g/circle_248,0.125,0.7071067811865476,0.9314269915162114,0.7527266329282903,0.33603238866396756,0.48431372549019613,0.3,0.15,0.0,0.0,0.3,0.09203102961918194,1.025184541901867,1.0396584165581126,0.7608543417366946,0.7958683473389355,1.0324214792299897,0.7783613445378151,0.014473874656245505,0.0350140056022409,0.3582672447212817
svg/g/circle_247,0.125,0.7071067811865476,0.11849808281423613,0.1768030210791156,1.0,0.5647058823529413,0.3,0.15,0.0,0.0,0.3,0.09167842031029619,1.0432768852221739,1.0577507598784195,0.5875350140056023,0.6225490196078431,1.0505138225502966,0.6050420168067226,0.014473874656245505,0.0350140056022409,0.3582672447212817
svg/g/ellipse_4,0.25,0.7071067811865476,0.9947932582778187,0.5719696572370596,0.8529411764705883,0.6,0.3,0.15,0.0,0.0,0.3,0.09132581100141043,1.0432768852221739,1.0577507598784195,0.6309523809523808,0.6659663865546217,1.0505138225502966,0.6484593837535013,0.014473874656245505,0.0350140056022409,0.3582672447212817
svg/g/circle_246,0.125,0.7071067811865476,0.9947932582778187,0.5719696572370596,0.8529411764705883,0.6,0.3,0.15,0.0,0.0,0.3,0.09097320169252468,1.0432768852221739,1.0577507598784195,0.6743697478991596,0.7093837535014005,1.0505138225502966,0.69187675070028,0.014473874656245505,0.0350140056022409,0.3582672447212817
svg/g/circle_245,0.125,0.7071067811865476,0.5351380944726464,0.9987637860920051,0.536,0.5098039215686274,0.3,0.15,0.0,0.0,0.3,0.09062059238363893,1.0432768852221739,1.0577507598784195,0.717436974789916,0.7524509803921569,1.0505138225502966,0.7349439775910364,0.014473874656245505,0.0350140056022409,0.3582672447212817
svg/g/circle_244,0.125,0.7071067811865476,0.9314269915162114,0.7527266329282903,0.33603238866396756,0.48431372549019613,0.3,0.15,0.0,0.0,0.3,0.09026798307475317,1.0432768852221739,1.0577507598784195,0.7608543417366946,0.7958683473389355,1.0505138225502966,0.7783613445378151,0.014473874656245505,0.0350140056022409,0.3582672447212817
svg/g/circle_243,0.125,0.7071067811865476,0.11849808281423613,0.1768030210791156,1.0,0.5647058823529413,0.3,0.15,0.0,0.0,0.3,0.08991537376586742,1.0612244897959184,1.0756983644521638,0.5875350140056023,0.6225490196078431,1.0684614271240411,0.6050420168067226,0.014473874656245505,0.0350140056022409,0.3582672447212817
svg/g/ellipse_3,0.25,0.7071067811865476,0.9947932582778187,0.5719696572370596,0.8529411764705883,0.6,0.3,0.15,0.0,0.0,0.3,0.08956276445698166,1.0612244897959184,1.0756983644521638,0.6309523809523808,0.6659663865546217,1.0684614271240411,0.6484593837535013,0.014473874656245505,0.0350140056022409,0.3582672447212817
svg/g/circle_242,0.125,0.7071067811865476,0.9947932582778187,0.5719696572370596,0.8529411764705883,0.6,0.3,0.15,0.0,0.0,0.3,0.08921015514809591,1.0612244897959184,1.0756983644521638,0.6743697478991596,0.7093837535014005,1.0684614271240411,0.69187675070028,0.014473874656245505,0.0350140056022409,0.3582672447212817
svg/g/circle_241,0.125,0.7071067811865476,0.5351380944726464,0.9987637860920051,0.536,0.5098039215686274,0.3,0.15,0.0,0.0,0.3,0.08885754583921016,1.0612244897959184,1.0756983644521638,0.717436974789916,0.7524509803921569,1.0684614271240411,0.7349439775910364,0.014473874656245505,0.0350140056022409,0.3582672447212817
svg/g/circle_240,0.125,0.7071067811865476,0.9947932582778187,0.5719696572370596,0.8529411764705883,0.6,0.3,0.15,0.0,0.0,0.3,0.0885049365303244,1.0790273556231003,1.0935012302793459,0.5875350140056023,0.6225490196078431,1.0862642929512232,0.6050420168067226,0.014473874656245505,0.0350140056022409,0.3582672447212817
svg/g/ellipse_2,0.25,0.7071067811865476,0.9947932582778187,0.5719696572370596,0.8529411764705883,0.6,0.3,0.15,0.0,0.0,0.3,0.08815232722143865,1.0790273556231003,1.0935012302793459,0.6309523809523808,0.6659663865546217,1.0862642929512232,0.6484593837535013,0.014473874656245505,0.0350140056022409,0.3582672447212817
svg/g/circle_239,0.125,0.7071067811865476,0.9947932582778187,0.5719696572370596,0.8529411764705883,0.6,0.3,0.15,0.0,0.0,0.3,0.0877997179125529,1.0790273556231003,1.0935012302793459,0.6743697478991596,0.7093837535014005,1.0862642929512232,0.69187675070028,0.014473874656245505,0.0350140056022409,0.3582672447212817
svg/g/circle_238,0.125,0.7071067811865476,0.5351380944726464,0.9987637860920051,0.536,0.5098039215686274,0.3,0.15,0.0,0.0,0.3,0.08744710860366714,1.0790273556231003,1.0935012302793459,0.717436974789916,0.7524509803921569,1.0862642929512232,0.7349439775910364,0.014473874656245505,0.0350140056022409,0.3582672447212817
svg/g/circle_237,0.125,0.7071067811865476,0.9947932582778187,0.5719696572370596,0.8529411764705883,0.6,0.3,0.15,0.0,0.0,0.3,0.08709449929478139,1.0969749601968446,1.1114488348530902,0.5875350140056023,0.6225490196078431,1.1042118975249675,0.6050420168067226,0.014473874656245505,0.0350140056022409,0.3582672447212817
svg/g/ellipse_1,0.25,0.7071067811865476,0.9947932582778187,0.5719696572370596,0.8529411764705883,0.6,0.3,0.15,0.0,0.0,0.3,0.08674188998589563,1.0969749601968446,1.1114488348530902,0.6309523809523808,0.6659663865546217,1.1042118975249675,0.6484593837535013,0.014473874656245505,0.0350140056022409,0.3582672447212817
svg/g/circle_236,0.125,0.7071067811865476,0.9947932582778187,0.5719696572370596,0.8529411764705883,0.6,0.3,0.15,0.0,0.0,0.3,0.08638928067700988,1.0969749601968446,1.1114488348530902,0.6743697478991596,0.7093837535014005,1.1042118975249675,0.69187675070028,0.014473874656245505,0.0350140056022409,0.3582672447212817
svg/g/circle_235,0.125,0.7071067811865476,0.5351380944726464,0.9987637860920051,0.536,0.5098039215686274,0.3,0.15,0.0,0.0,0.3,0.08603667136812412,1.0969749601968446,1.1114488348530902,0.717436974789916,0.7524509803921569,1.1042118975249675,0.7349439775910364,0.014473874656245505,0.0350140056022409,0.3582672447212817
svg/g/circle_234,0.125,0.7071067811865476,0.9947932582778187,0.5719696572370596,0.8529411764705883,0.6,0.3,0.15,0.0,0.0,0.3,0.08568406205923837,1.1150673035171514,1.129541178173397,0.5875350140056023,0.6225490196078431,1.1223042408452741,0.6050420168067226,0.014473874656245505,0.0350140056022409,0.3582672447212817
svg/g/ellipse,0.25,0.7071067811865476,0.9947932582778187,0.5719696572370596,0.8529411764705883,0.6,0.3,0.15,0.0,0.0,0.3,0.08533145275035262,1.1150673035171514,1.129541178173397,0.6309523809523808,0.6659663865546217,1.1223042408452741,0.6484593837535013,0.014473874656245505,0.0350140056022409,0.3582672447212817
svg/g/circle_233,0.125,0.7071067811865476,0.9947932582778187,0.5719696572370596,0.8529411764705883,0.6,0.3,0.15,0.0,0.0,0.3,0.08497884344146686,1.1150673035171514,1.129541178173397,0.6743697478991596,0.7093837535014005,1.1223042408452741,0.69187675070028,0.014473874656245505,0.0350140056022409,0.3582672447212817
svg/g/circle_232,0.125,0.7071067811865476,0.5351380944726464,0.9987637860920051,0.536,0.5098039215686274,0.3,0.15,0.0,0.0,0.3,0.08462623413258111,1.1150673035171514,1.129541178173397,0.717436974789916,0.7524509803921569,1.1223042408452741,0.7349439775910364,0.014473874656245505,0.0350140056022409,0.3582672447212817
svg/g/g_18/path_22,0.75,0.7071067811865476,1.0,0.5,0.0,0.4,0.3,0.15,0.0,0.0,0.3,0.20927362482369535,0.1302648719062093,0.14343609784339267,0.5280112044817927,0.5598739495798318,0.13685048487480098,0.5439425770308123,0.01317122593718337,0.031862745098039096,0.0
svg/g/g_18/path_21,0.75,0.7071067811865476,1.0,0.5,0.0,0.4,0.3,0.15,0.0,0.0,0.3,0.17802362482369535,0.14517296280214212,0.15790997249963817,0.52906162464986,0.5602240896358543,0.1515414676508901,0.5446428571428571,0.01273700969749606,0.031162464985994315,0.0
svg/g/g_18/path_20,0.75,0.7071067811865476,1.0,0.5,0.0,0.4,0.3,0.15,0.0,0.0,0.3,0.14677362482369535,0.16008105369807496,0.17296280214213344,0.5301120448179271,0.5588235294117646,0.1665219279201042,0.5444677871148459,0.012881748444058483,0.028711484593837593,0.0
svg/g/g_18/path_19,0.75,0.7071067811865476,1.0,0.5,0.0,0.4,0.3,0.15,0.0,0.0,0.3,0.11552362482369535,0.17484440584744537,0.1875814155449414,0.5304621848739496,0.5577731092436975,0.18121291069619339,0.5441176470588235,0.01273700969749602,0.027310924369747937,0.0
svg/g/g_17/path_18,0.75,0.7071067811865476,1.0,0.5,0.0,0.4,0.3,0.15,0.0,0.0,0.3,0.2089210155148096,0.3932551744101896,0.40686061658706035,0.5280112044817927,0.5602240896358542,0.40005789549862497,0.5441176470588234,0.013605442176870762,0.03221288515406148,0.0
svg/g/g_17/path_17,0.75,0.7071067811865476,1.0,0.5,0.0,0.4,0.3,0.15,0.0,0.0,0.3,0.1776710155148096,0.4091764365320596,0.4214792299898682,0.52906162464986,0.5588235294117647,0.4153278332609639,0.5439425770308124,0.012302793457808566,0.02976190476190476,0.0
svg/g/g_17/path_16,0.75,0.7071067811865476,1.0,0.5,0.0,0.4,0.3,0.15,0.0,0.0,0.3,0.1464210155148096,0.4227818787089303,0.4363873208858011,0.5297619047619045,0.5605742296918766,0.4295845997973657,0.5451680672268907,0.013605442176870843,0.030812324929972126,0.0
svg/g/g_16/path_15,0.75,0.7071067811865476,1.0,0.5,0.0,0.4,0.3,0.15,0.0,0.0,0.3,0.20856840620592385,0.6552323056882328,0.6688377478651035,0.5280112044817927,0.5602240896358542,0.6620350267766681,0.5441176470588234,0.013605442176870762,0.03221288515406148,0.0
svg/g/g_16/path_14,0.75,0.7071067811865476,1.0,0.5,0.0,0.4,0.3,0.15,0.0,0.0,0.3,0.17731840620592385,0.6702851353307282,0.6836011000144738,0.528361344537815,0.5595238095238094,0.676943117672601,0.5439425770308122,0.013315964683745634,0.031162464985994415,0.0
svg/g/g_15/path_13,0.75,0.7071067811865476,1.0,0.5,0.0,0.4,0.3,0.15,0.0,0.0,0.3,0.2082157968970381,0.9174989144594008,0.9309596178897092,0.5287114845938375,0.5595238095238094,0.9242292661745549,0.5441176470588234,0.013460703430308278,0.030812324929971928,0.0
svg/g/g_15/path_12,0.75,0.7071067811865476,1.0,0.5,0.0,0.4,0.3,0.15,0.0,0.0,0.3,0.1769657968970381,0.9326964828484584,0.9451440150528295,0.528361344537815,0.560924369747899,0.938920248950644,0.5446428571428571,0.012447532204371052,0.03256302521008407,0.0
svg/g/g_15/path_11,0.75,0.7071067811865476,1.0,0.5,0.0,0.4,0.3,0.15,0.0,0.0,0.3,0.1457157968970381,0.9471703575047039,0.9606310609350123,0.5280112044817927,0.5595238095238094,0.953900709219858,0.5437675070028011,0.013460703430308278,0.0315126050420167,0.0
svg/g/circle_231,0.125,0.7071067811865476,0.11849808281423613,0.1768030210791156,1.0,0.5647058823529413,0.3,0.15,0.0,0.0,0.3,0.08286318758815234,0.129541178173397,0.1440150528296425,0.22233893557422968,0.25735294117647056,0.13677811550151978,0.23984593837535012,0.014473874656245486,0.0350140056022409,0.3582672447212817
svg/g/circle_230,0.125,0.7071067811865476,0.11849808281423613,0.1768030210791156,1.0,0.5647058823529413,0.3,0.15,0.0,0.0,0.3,0.08251057827926658,0.129541178173397,0.1440150528296425,0.2657563025210084,0.3007703081232493,0.13677811550151978,0.28326330532212884,0.014473874656245486,0.0350140056022409,0.3582672447212817
svg/g/circle_229,0.125,0.7071067811865476,0.9947932582778187,0.5719696572370596,0.8529411764705883,0.6,0.3,0.15,0.0,0.0,0.3,0.08215796897038083,0.129541178173397,0.1440150528296425,0.30917366946778707,0.34418767507002795,0.13677811550151978,0.3266806722689075,0.014473874656245486,0.0350140056022409,0.3582672447212817
svg/g/circle_228,0.125,0.7071067811865476,0.9022407438911175,0.7969888616664275,0.9502487562189051,0.6058823529411764,0.3,0.15,0.0,0.0,0.3,0.08180535966149508,0.129541178173397,0.1440150528296425,0.3522408963585434,0.38725490196078427,0.13677811550151978,0.36974789915966383,0.014473874656245486,0.0350140056022409,0.3582672447212817
svg/g/circle_227,0.125,0.7071067811865476,0.5351380944726464,0.9987637860920051,0.536,0.5098039215686274,0.3,0.15,0.0,0.0,0.3,0.08145275035260932,0.129541178173397,0.1440150528296425,0.3956582633053221,0.430672268907563,0.13677811550151978,0.41316526610644255,0.014473874656245486,0.0350140056022409,0.3582672447212817
svg/g/circle_226,0.125,0.7071067811865476,0.11849808281423613,0.1768030210791156,1.0,0.5647058823529413,0.3,0.15,0.0,0.0,0.3,0.08110014104372357,0.14748878274714142,0.16196265740338686,0.22233893557422968,0.25735294117647056,0.1547257200752641,0.23984593837535012,0.014473874656245465,0.0350140056022409,0.3582672447212817
svg/g/circle_225,0.125,0.7071067811865476,0.11849808281423613,0.1768030210791156,1.0,0.5647058823529413,0.3,0.15,0.0,0.0,0.3,0.08074753173483781,0.14748878274714142,0.16196265740338686,0.2657563025210084,0.3007703081232493,0.1547257200752641,0.28326330532212884,0.014473874656245465,0.0350140056022409,0.3582672447212817
svg/g/circle_224,0.125,0.7071067811865476,0.9947932582778187,0.5719696572370596,0.8529411764705883,0.6,0.3,0.15,0.0,0.0,0.3,0.08039492242595206,0.14748878274714142,0.16196265740338686,0.30917366946778707,0.34418767507002795,0.1547257200752641,0.3266806722689075,0.014473874656245465,0.0350140056022409,0.3582672447212817
svg/g/circle_223,0.125,0.7071067811865476,0.9022407438911175,0.7969888616664275,0.9502487562189051,0.6058823529411764,0.3,0.15,0.0,0.0,0.3,0.08004231311706628,0.14748878274714142,0.16196265740338686,0.3522408963585434,0.38725490196078427,0.1547257200752641,0.36974789915966383,0.014473874656245465,0.0350140056022409,0.3582672447212817
svg/g/circle_222,0.125,0.7071067811865476,0.5351380944726464,0.9987637860920051,0.536,0.5098039215686274,0.3,0.15,0.0,0.0,0.3,0.07968970380818052,0.14748878274714142,0.16196265740338686,0.3956582633053221,0.430672268907563,0.1547257200752641,0.41316526610644255,0.014473874656245465,0.0350140056022409,0.3582672447212817
svg/g/circle_221,0.125,0.7071067811865476,0.11849808281423613,0.1768030210791156,1.0,0.5647058823529413,0.3,0.15,0.0,0.0,0.3,0.07933709449929477,0.16558112606744826,0.1800550007236937,0.22233893557422968,0.25735294117647056,0.172818063395571,0.23984593837535012,0.014473874656245465,0.0350140056022409,0.3582672447212817
svg/g/circle_220,0.125,0.7071067811865476,0.11849808281423613,0.1768030210791156,1.0,0.5647058823529413,0.3,0.15,0.0,0.0,0.3,0.07898448519040902,0.16558112606744826,0.1800550007236937,0.2657563025210084,0.3007703081232493,0.172818063395571,0.28326330532212884,0.014473874656245465,0.0350140056022409,0.3582672447212817
svg/g/circle_219,0.125,0.7071067811865476,0.9947932582778187,0.5719696572370596,0.8529411764705883,0.6,0.3,0.15,0.0,0.0,0.3,0.07863187588152326,0.16558112606744826,0.1800550007236937,0.30917366946778707,0.34418767507002795,0.172818063395571,0.3266806722689075,0.014473874656245465,0.0350140056022409,0.3582672447212817
svg/g/circle_218,0.125,0.7071067811865476,0.9022407438911175,0.7969888616664275,0.9502487562189051,0.6058823529411764,0.3,0.15,0.0,0.0,0.3,0.07827926657263751,0.16558112606744826,0.1800550007236937,0.3522408963585434,0.38725490196078427,0.172818063395571,0.36974789915966383,0.014473874656245465,0.0350140056022409,0.3582672447212817
svg/g/circle_217,0.125,0.7071067811865476,0.5351380944726464,0.9987637860920051,0.536,0.5098039215686274,0.3,0.15,0.0,0.0,0.3,0.07792665726375175,0.16558112606744826,0.1800550007236937,0.3956582633053221,0.430672268907563,0.172818063395571,0.41316526610644255,0.014473874656245465,0.0350140056022409,0.3582672447212817
svg/g/circle_216,0.125,0.7071067811865476,0.11849808281423613,0.1768030210791156,1.0,0.5647058823529413,0.3,0.15,0.0,0.0,0.3,0.077574047954866,0.1833839918946302,0.19785786655087567,0.22233893557422968,0.25735294117647056,0.19062092922275292,0.23984593837535012,0.014473874656245465,0.0350140056022409,0.3582672447212817
svg/g/circle_215,0.125,0.7071067811865476,0.11849808281423613,0.1768030210791156,1.0,0.5647058823529413,0.3,0.15,0.0,0.0,0.3,0.07722143864598024,0.1833839918946302,0.19785786655087567,0.2657563025210084,0.3007703081232493,0.19062092922275292,0.28326330532212884,0.014473874656245465,0.0350140056022409,0.3582672447212817
svg/g/circle_214,0.125,0.7071067811865476,0.9947932582778187,0.5719696572370596,0.8529411764705883,0.6,0.3,0.15,0.0,0.0,0.3,0.07686882933709449,0.1833839918946302,0.19785786655087567,0.30917366946778707,0.34418767507002795,0.19062092922275292,0.3266806722689075,0.014473874656245465,0.0350140056022409,0.3582672447212817
svg/g/circle_213,0.125,0.7071067811865476,0.9022407438911175,0.7969888616664275,0.9502487562189051,0.6058823529411764,0.3,0.15,0.0,0.0,0.3,0.07651622002820874,0.1833839918946302,0.19785786655087567,0.3522408963585434,0.38725490196078427,0.19062092922275292,0.36974789915966383,0.014473874656245465,0.0350140056022409,0.3582672447212817
svg/g/circle_212,0.125,0.7071067811865476,0.5351380944726464,0.9987637860920051,0.536,0.5098039215686274,0.3,0.15,0.0,0.0,0.3,0.07616361071932298,0.1833839918946302,0.19785786655087567,0.3956582633053221,0.430672268907563,0.19062092922275292,0.41316526610644255,0.014473874656245465,0.0350140056022409,0.3582672447212817
svg/g/circle_211,0.125,0.7071067811865476,0.11849808281423613,0.1768030210791156,1.0,0.5647058823529413,0.3,0.15,0.0,0.0,0.3,0.07581100141043723,0.20133159646837456,0.21580547112462006,0.22233893557422968,0.25735294117647056,0.2085685337964973,0.23984593837535012,0.014473874656245505,0.0350140056022409,0.3582672447212817
svg/g/circle_210,0.125,0.7071067811865476,0.11849808281423613,0.1768030210791156,1.0,0.5647058823529413,0.3,0.15,0.0,0.0,0.3,0.07545839210155147,0.20133159646837456,0.21580547112462006,0.2657563025210084,0.3007703081232493,0.2085685337964973,0.28326330532212884,0.014473874656245505,0.0350140056022409,0.3582672447212817
svg/g/circle_209,0.125,0.7071067811865476,0.9947932582778187,0.5719696572370596,0.8529411764705883,0.6,0.3,0.15,0.0,0.0,0.3,0.07510578279266572,0.20133159646837456,0.21580547112462006,0.30917366946778707,0.34418767507002795,0.2085685337964973,0.3266806722689075,0.014473874656245505,0.0350140056022409,0.3582672447212817
svg/g/circle_208,0.125,0.7071067811865476,0.9022407438911175,0.7969888616664275,0.9502487562189051,0.6058823529411764,0.3,0.15,0.0,0.0,0.3,0.07475317348377997,0.20133159646837456,0.21580547112462006,0.3522408963585434,0.38725490196078427,0.2085685337964973,0.36974789915966383,0.014473874656245505,0.0350140056022409,0.3582672447212817
svg/g/circle_207,0.125,0.7071067811865476,0.9314269915162114,0.7527266329282903,0.33603238866396756,0.48431372549019613,0.3,0.15,0.0,0.0,0.3,0.07440056417489421,0.20133159646837456,0.21580547112462006,0.3956582633053221,0.430672268907563,0.2085685337964973,0.41316526610644255,0.014473874656245505,0.0350140056022409,0.3582672447212817
svg/g/circle_206,0.125,0.7071067811865476,0.11849808281423613,0.1768030210791156,1.0,0.5647058823529413,0.3,0.15,0.0,0.0,0.3,0.07404795486600846,0.21927920104211895,0.23375307569836445,0.22233893557422968,0.25735294117647056,0.2265161383702417,0.23984593837535012,0.014473874656245505,0.0350140056022409,0.3582672447212817
svg/g/circle_205,0.125,0.7071067811865476,0.9947932582778187,0.5719696572370596,0.8529411764705883,0.6,0.3,0.15,0.0,0.0,0.3,0.0736953455571227,0.21927920104211895,0.23375307569836445,0.2657563025210084,0.3007703081232493,0.2265161383702417,0.28326330532212884,0.014473874656245505,0.0350140056022409,0.3582672447212817
svg/g/circle_204,0.125,0.7071067811865476,0.9947932582778187,0.5719696572370596,0.8529411764705883,0.6,0.3,0.15,0.0,0.0,0.3,0.07334273624823695,0.21927920104211895,0.23375307569836445,0.30917366946778707,0.34418767507002795,0.2265161383702417,0.3266806722689075,0.014473874656245505,0.0350140056022409,0.3582672447212817
svg/g/circle_203,0.125,0.7071067811865476,0.9022407438911175,0.7969888616664275,0.9502487562189051,0.6058823529411764,0.3,0.15,0.0,0.0,0.3,0.0729901269393512,0.21927920104211895,0.23375307569836445,0.3522408963585434,0.38725490196078427,0.2265161383702417,0.36974789915966383,0.014473874656245505,0.0350140056022409,0.3582672447212817
svg/g/circle_202,0.125,0.7071067811865476,0.9314269915162114,0.7527266329282903,0.33603238866396756,0.48431372549019613,0.3,0.15,0.0,0.0,0.3,0.07263751763046544,0.21927920104211895,0.23375307569836445,0.3956582633053221,0.430672268907563,0.2265161383702417,0.41316526610644255,0.014473874656245505,0.0350140056022409,0.3582672447212817
svg/g/circle_201,0.125,0.7071067811865476,0.11849808281423613,0.1768030210791156,1.0,0.5647058823529413,0.3,0.15,0.0,0.0,0.3,0.07228490832157969,0.23693732812273846,0.25141120277898393,0.22233893557422968,0.25735294117647056,0.24417426545086118,0.23984593837535012,0.014473874656245465,0.0350140056022409,0.3582672447212817
svg/g/circle_200,0.125,0.7071067811865476,0.9947932582778187,0.5719696572370596,0.8529411764705883,0.6,0.3,0.15,0.0,0.0,0.3,0.07193229901269393,0.23693732812273846,0.25141120277898393,0.2657563025210084,0.3007703081232493,0.24417426545086118,0.28326330532212884,0.014473874656245465,0.0350140056022409,0.3582672447212817
svg/g/circle_199,0.125,0.7071067811865476,0.9947932582778187,0.5719696572370596,0.8529411764705883,0.6,0.3,0.15,0.0,0.0,0.3,0.07157968970380818,0.23693732812273846,0.25141120277898393,0.30917366946778707,0.34418767507002795,0.24417426545086118,0.3266806722689075,0.014473874656245465,0.0350140056022409,0.3582672447212817
svg/g/circle_198,0.125,0.7071067811865476,0.9022407438911175,0.7969888616664275,0.9502487562189051,0.6058823529411764,0.3,0.15,0.0,0.0,0.3,0.07122708039492243,0.23693732812273846,0.25141120277898393,0.3522408963585434,0.38725490196078427,0.24417426545086118,0.36974789915966383,0.014473874656245465,0.0350140056022409,0.3582672447212817
svg/g/circle_197,0.125,0.7071067811865476,0.9314269915162114,0.7527266329282903,0.33603238866396756,0.48431372549019613,0.3,0.15,0.0,0.0,0.3,0.07087447108603667,0.23693732812273846,0.25141120277898393,0.3956582633053221,0.430672268907563,0.24417426545086118,0.41316526610644255,0.014473874656245465,0.0350140056022409,0.3582672447212817
svg/g/circle_196,0.125,0.7071067811865476,0.11849808281423613,0.1768030210791156,1.0,0.5647058823529413,0.3,0.15,0.0,0.0,0.3,0.07052186177715092,0.2548849326964828,0.26935880735272827,0.22233893557422968,0.25735294117647056,0.2621218700246056,0.23984593837535012,0.014473874656245465,0.0350140056022409,0.3582672447212817
svg/g/circle_195,0.125,0.7071067811865476,0.9947932582778187,0.5719696572370596,0.8529411764705883,0.6,0.3,0.15,0.0,0.0,0.3,0.07016925246826516,0.2548849326964828,0.26935880735272827,0.2657563025210084,0.3007703081232493,0.2621218700246056,0.28326330532212884,0.014473874656245465,0.0350140056022409,0.3582672447212817
svg/g/circle_194,0.125,0.7071067811865476,0.9947932582778187,0.5719696572370596,0.8529411764705883,0.6,0.3,0.15,0.0,0.0,0.3,0.06981664315937941,0.2548849326964828,0.26935880735272827,0.30917366946778707,0.34418767507002795,0.2621218700246056,0.3266806722689075,0.014473874656245465,0.0350140056022409,0.3582672447212817
svg/g/circle_193,0.125,0.7071067811865476,0.9022407438911175,0.7969888616664275,0.9502487562189051,0.6058823529411764,0.3,0.15,0.0,0.0,0.3,0.06946403385049366,0.2548849326964828,0.26935880735272827,0.3522408963585434,0.38725490196078427,0.2621218700246056,0.36974789915966383,0.014473874656245465,0.0350140056022409,0.3582672447212817
svg/g/circle_192,0.125,0.7071067811865476,0.9314269915162114,0.7527266329282903,0.33603238866396756,0.48431372549019613,0.3,0.15,0.0,0.0,0.3,0.0691114245416079,0.2548849326964828,0.26935880735272827,0.3956582633053221,0.430672268907563,0.2621218700246056,0.41316526610644255,0.014473874656245465,0.0350140056022409,0.3582672447212817
svg/g/circle_191,0.125,0.7071067811865476,0.11849808281423613,0.1768030210791156,1.0,0.5647058823529413,0.3,0.15,0.0,0.0,0.3,0.06875881523272215,0.2728325372702272,0.2873064119264727,0.22233893557422968,0.25735294117647056,0.28006947459834997,0.23984593837535012,0.014473874656245465,0.0350140056022409,0.3582672447212817
svg/g/circle_190,0.125,0.7071067811865476,0.9947932582778187,0.5719696572370596,0.8529411764705883,0.6,0.3,0.15,0.0,0.0,0.3,0.0684062059238364,0.2728325372702272,0.2873064119264727,0.2657563025210084,0.3007703081232493,0.28006947459834997,0.28326330532212884,0.014473874656245465,0.0350140056022409,0.3582672447212817
svg/g/circle_189,0.125,0.7071067811865476,0.9947932582778187,0.5719696572370596,0.8529411764705883,0.6,0.3,0.15,0.0,0.0,0.3,0.06805359661495064,0.2728325372702272,0.2873064119264727,0.30917366946778707,0.34418767507002795,0.28006947459834997,0.3266806722689075,0.014473874656245465,0.0350140056022409,0.3582672447212817
svg/g/circle_188,0.125,0.7071067811865476,0.5351380944726464,0.9987637860920051,0.536,0.5098039215686274,0.3,0.15,0.0,0.0,0.3,0.06770098730606489,0.2728325372702272,0.2873064119264727,0.3522408963585434,0.38725490196078427,0.28006947459834997,0.36974789915966383,0.014473874656245465,0.0350140056022409,0.3582672447212817
svg/g/circle_187,0.125,0.7071067811865476,0.9314269915162114,0.7527266329282903,0.33603238866396756,0.48431372549019613,0.3,0.15,0.0,0.0,0.3,0.06734837799717913,0.2728325372702272,0.2873064119264727,0.3956582633053221,0.430672268907563,0.28006947459834997,0.41316526610644255,0.014473874656245465,0.0350140056022409,0.3582672447212817
svg/g/circle_186,0.125,0.7071067811865476,0.11849808281423613,0.1768030210791156,1.0,0.5647058823529413,0.3,0.15,0.0,0.0,0.3,0.06699576868829338,0.2906354030974092,0.30510927775365465,0.22233893557422968,0.25735294117647056,0.29787234042553196,0.23984593837535012,0.014473874656245465,0.0350140056022409,0.3582672447212817
svg/g/circle_185,0.125,0.7071067811865476,0.9947932582778187,0.5719696572370596,0.8529411764705883,0.6,0.3,0.15,0.0,0.0,0.3,0.06664315937940762,0.2906354030974092,0.30510927775365465,0.2657563025210084,0.3007703081232493,0.29787234042553196,0.28326330532212884,0.014473874656245465,0.0350140056022409,0.3582672447212817
svg/g/circle_184,0.125,0.7071067811865476,0.9947932582778187,0.5719696572370596,0.8529411764705883,0.6,0.3,0.15,0.0,0.0,0.3,0.06629055007052187,0.2906354030974092,0.30510927775365465,0.30917366946778707,0.34418767507002795,0.29787234042553196,0.3266806722689075,0.014473874656245465,0.0350140056022409,0.3582672447212817
svg/g/circle_183,0.125,0.7071067811865476,0.5351380944726464,0.9987637860920051,0.536,0.5098039215686274,0.3,0.15,0.0,0.0,0.3,0.06593794076163612,0.2906354030974092,0.30510927775365465,0.3522408963585434,0.38725490196078427,0.29787234042553196,0.36974789915966383,0.014473874656245465,0.0350140056022409,0.3582672447212817
svg/g/circle_182,0.125,0.7071067811865476,0.9314269915162114,0.7527266329282903,0.33603238866396756,0.48431372549019613,0.3,0.15,0.0,0.0,0.3,0.06558533145275036,0.2906354030974092,0.30510927775365465,0.3956582633053221,0.430672268907563,0.29787234042553196,0.41316526610644255,0.014473874656245465,0.0350140056022409,0.3582672447212817
svg/g/circle_181,0.125,0.7071067811865476,0.11849808281423613,0.1768030210791156,1.0,0.5647058823529413,0.3,0.15,0.0,0.0,0.3,0.06523272214386461,0.308727746417716,0.3232016210739615,0.22233893557422968,0.25735294117647056,0.31596468374583875,0.23984593837535012,0.014473874656245465,0.0350140056022409,0.3582672447212817
svg/g/circle_180,0.125,0.7071067811865476,0.9947932582778187,0.5719696572370596,0.8529411764705883,0.6,0.3,0.15,0.0,0.0,0.3,0.06488011283497885,0.308727746417716,0.3232016210739615,0.2657563025210084,0.3007703081232493,0.31596468374583875,0.28326330532212884,0.014473874656245465,0.0350140056022409,0.3582672447212817
svg/g/circle_179,0.125,0.7071067811865476,0.9947932582778187,0.5719696572370596,0.8529411764705883,0.6,0.3,0.15,0.0,0.0,0.3,0.0645275035260931,0.308727746417716,0.3232016210739615,0.30917366946778707,0.34418767507002795,0.31596468374583875,0.3266806722689075,0.014473874656245465,0.0350140056022409,0.3582672447212817
svg/g/circle_178,0.125,0.7071067811865476,0.5351380944726464,0.9987637860920051,0.536,0.5098039215686274,0.3,0.15,0.0,0.0,0.3,0.06417489421720735,0.308727746417716,0.3232016210739615,0.3522408963585434,0.38725490196078427,0.31596468374583875,0.36974789915966383,0.014473874656245465,0.0350140056022409,0.3582672447212817
svg/g/circle_177,0.125,0.7071067811865476,0.11849808281423613,0.1768030210791156,1.0,0.5647058823529413,0.3,0.15,0.0,0.0,0.3,0.06382228490832159,0.3266753509914604,0.34114922564770583,0.22233893557422968,0.25735294117647056,0.33391228831958314,0.23984593837535012,0.014473874656245465,0.0350140056022409,0.3582672447212817
svg/g/circle_176,0.125,0.7071067811865476,0.9947932582778187,0.5719696572370596,0.8529411764705883,0.6,0.3,0.15,0.0,0.0,0.3,0.06346967559943584,0.3266753509914604,0.34114922564770583,0.2657563025210084,0.3007703081232493,0.33391228831958314,0.28326330532212884,0.014473874656245465,0.0350140056022409,0.3582672447212817
svg/g/circle_175,0.125,0.7071067811865476,0.9022407438911175,0.7969888616664275,0.9502487562189051,0.6058823529411764,0.3,0.15,0.0,0.0,0.3,0.06311706629055008,0.3266753509914604,0.34114922564770583,0.30917366946778707,0.34418767507002795,0.33391228831958314,0.3266806722689075,0.014473874656245465,0.0350140056022409,0.3582672447212817
svg/g/circle_174,0.125,0.7071067811865476,0.5351380944726464,0.9987637860920051,0.536,0.5098039215686274,0.3,0.15,0.0,0.0,0.3,0.06276445698166433,0.3266753509914604,0.34114922564770583,0.3522408963585434,0.38725490196078427,0.33391228831958314,0.36974789915966383,0.014473874656245465,0.0350140056022409,0.3582672447212817
svg/g/circle_173,0.125,0.7071067811865476,0.11849808281423613,0.1768030210791156,1.0,0.5647058823529413,0.3,0.15,0.0,0.0,0.3,0.06241184767277855,0.39238674193081485,0.40686061658706035,0.22233893557422968,0.25735294117647056,0.3996236792589376,0.23984593837535012,0.014473874656245505,0.0350140056022409,0.3582672447212817
svg/g/circle_172,0.125,0.7071067811865476,0.11849808281423613,0.1768030210791156,1.0,0.5647058823529413,0.3,0.15,0.0,0.0,0.3,0.062059238363892794,0.39238674193081485,0.40686061658706035,0.2657563025210084,0.3007703081232493,0.3996236792589376,0.28326330532212884,0.014473874656245505,0.0350140056022409,0.3582672447212817
svg/g/circle_171,0.125,0.7071067811865476,0.9947932582778187,0.5719696572370596,0.8529411764705883,0.6,0.3,0.15,0.0,0.0,0.3,0.06170662905500704,0.39238674193081485,0.40686061658706035,0.30917366946778707,0.34418767507002795,0.3996236792589376,0.3266806722689075,0.014473874656245505,0.0350140056022409,0.3582672447212817
svg/g/circle_170,0.125,0.7071067811865476,0.9947932582778187,0.5719696572370596,0.8529411764705883,0.6,0.3,0.15,0.0,0.0,0.3,0.061354019746121286,0.39238674193081485,0.40686061658706035,0.3522408963585434,0.38725490196078427,0.3996236792589376,0.36974789915966383,0.014473874656245505,0.0350140056022409,0.3582672447212817
svg/g/circle_169,0.125,0.7071067811865476,0.5351380944726464,0.9987637860920051,0.536,0.5098039215686274,0.3,0.15,0.0,0.0,0.3,0.06100141043723553,0.39238674193081485,0.40686061658706035,0.3956582633053221,0.430672268907563,0.3996236792589376,0.41316526610644255,0.014473874656245505,0.0350140056022409,0.3582672447212817
svg/g/circle_168,0.125,0.7071067811865476,0.11849808281423613,0.1768030210791156,1.0,0.5647058823529413,0.3,0.15,0.0,0.0,0.3,0.06064880112834978,0.41033434650455924,0.4248082211608047,0.22233893557422968,0.25735294117647056,0.41757128383268194,0.23984593837535012,0.014473874656245427,0.0350140056022409,0.3582672447212817
svg/g/circle_167,0.125,0.7071067811865476,0.11849808281423613,0.1768030210791156,1.0,0.5647058823529413,0.3,0.15,0.0,0.0,0.3,0.06029619181946402,0.41033434650455924,0.4248082211608047,0.2657563025210084,0.3007703081232493,0.41757128383268194,0.28326330532212884,0.014473874656245427,0.0350140056022409,0.3582672447212817
svg/g/circle_166,0.125,0.7071067811865476,0.9947932582778187,0.5719696572370596,0.8529411764705883,0.6,0.3,0.15,0.0,0.0,0.3,0.05994358251057827,0.41033434650455924,0.4248082211608047,0.30917366946778707,0.34418767507002795,0.41757128383268194,0.3266806722689075,0.014473874656245427,0.0350140056022409,0.3582672447212817
svg/g/circle_165,0.125,0.7071067811865476,0.9947932582778187,0.5719696572370596,0.8529411764705883,0.6,0.3,0.15,0.0,0.0,0.3,0.059590973201692515,0.41033434650455924,0.4248082211608047,0.3522408963585434,0.38725490196078427,0.41757128383268194,0.36974789915966383,0.014473874656245427,0.0350140056022409,0.3582672447212817
svg/g/circle_164,0.125,0.7071067811865476,0.5351380944726464,0.9987637860920051,0.536,0.5098039215686274,0.3,0.15,0.0,0.0,0.3,0.05923836389280676,0.41033434650455924,0.4248082211608047,0.3956582633053221,0.430672268907563,0.41757128383268194,0.41316526610644255,0.014473874656245427,0.0350140056022409,0.3582672447212817
svg/g/circle_163,0.125,0.7071067811865476,0.11849808281423613,0.1768030210791156,1.0,0.5647058823529413,0.3,0.15,0.0,0.0,0.3,0.05888575458392101,0.42828195107830364,0.44275582573454914,0.22233893557422968,0.25735294117647056,0.4355188884064264,0.23984593837535012,0.014473874656245505,0.0350140056022409,0.3582672447212817
svg/g/circle_162,0.125,0.7071067811865476,0.11849808281423613,0.1768030210791156,1.0,0.5647058823529413,0.3,0.15,0.0,0.0,0.3,0.05853314527503525,0.42828195107830364,0.44275582573454914,0.2657563025210084,0.3007703081232493,0.4355188884064264,0.28326330532212884,0.014473874656245505,0.0350140056022409,0.3582672447212817
svg/g/circle_161,0.125,0.7071067811865476,0.9947932582778187,0.5719696572370596,0.8529411764705883,0.6,0.3,0.15,0.0,0.0,0.3,0.0581805359661495,0.42828195107830364,0.44275582573454914,0.30917366946778707,0.34418767507002795,0.4355188884064264,0.3266806722689075,0.014473874656245505,0.0350140056022409,0.3582672447212817
svg/g/circle_160,0.125,0.7071067811865476,0.9947932582778187,0.5719696572370596,0.8529411764705883,0.6,0.3,0.15,0.0,0.0,0.3,0.057827926657263745,0.42828195107830364,0.44275582573454914,0.3522408963585434,0.38725490196078427,0.4355188884064264,0.36974789915966383,0.014473874656245505,0.0350140056022409,0.3582672447212817
svg/g/circle_159,0.125,0.7071067811865476,0.5351380944726464,0.9987637860920051,0.536,0.5098039215686274,0.3,0.15,0.0,0.0,0.3,0.05747531734837799,0.42828195107830364,0.44275582573454914,0.3956582633053221,0.430672268907563,0.4355188884064264,0.41316526610644255,0.014473874656245505,0.0350140056022409,0.3582672447212817
svg/g/circle_158,0.125,0.7071067811865476,0.11849808281423613,0.1768030210791156,1.0,0.5647058823529413,0.3,0.15,0.0,0.0,0.3,0.05712270803949224,0.44608481690548557,0.460558691561731,0.22233893557422968,0.25735294117647056,0.4533217542336082,0.23984593837535012,0.014473874656245427,0.0350140056022409,0.3582672447212817
svg/g/circle_157,0.125,0.7071067811865476,0.11849808281423613,0.1768030210791156,1.0,0.5647058823529413,0.3,0.15,0.0,0.0,0.3,0.05677009873060648,0.44608481690548557,0.460558691561731,0.2657563025210084,0.3007703081232493,0.4533217542336082,0.28326330532212884,0.014473874656245427,0.0350140056022409,0.3582672447212817
svg/g/circle_156,0.125,0.7071067811865476,0.9947932582778187,0.5719696572370596,0.8529411764705883,0.6,0.3,0.15,0.0,0.0,0.3,0.05641748942172073,0.44608481690548557,0.460558691561731,0.30917366946778707,0.34418767507002795,0.4533217542336082,0.3266806722689075,0.014473874656245427,0.0350140056022409,0.3582672447212817
svg/g/circle_155,0.125,0.7071067811865476,0.9022407438911175,0.7969888616664275,0.9502487562189051,0.6058823529411764,0.3,0.15,0.0,0.0,0.3,0.056064880112834975,0.44608481690548557,0.460558691561731,0.3522408963585434,0.38725490196078427,0.4533217542336082,0.36974789915966383,0.014473874656245427,0.0350140056022409,0.3582672447212817
svg/g/circle_154,0.125,0.7071067811865476,0.5351380944726464,0.9987637860920051,0.536,0.5098039215686274,0.3,0.15,0.0,0.0,0.3,0.05571227080394922,0.44608481690548557,0.460558691561731,0.3956582633053221,0.430672268907563,0.4533217542336082,0.41316526610644255,0.014473874656245427,0.0350140056022409,0.3582672447212817
svg/g/circle_153,0.125,0.7071067811865476,0.11849808281423613,0.1768030210791156,1.0,0.5647058823529413,0.3,0.15,0.0,0.0,0.3,0.05535966149506347,0.4641771602257925,0.478651034882038,0.22233893557422968,0.25735294117647056,0.4714140975539152,0.23984593837535012,0.014473874656245505,0.0350140056022409,0.3582672447212817
svg/g/circle_152,0.125,0.7071067811865476,0.11849808281423613,0.1768030210791156,1.0,0.5647058823529413,0.3,0.15,0.0,0.0,0.3,0.05500705218617771,0.4641771602257925,0.478651034882038,0.2657563025210084,0.3007703081232493,0.4714140975539152,0.28326330532212884,0.014473874656245505,0.0350140056022409,0.3582672447212817
svg/g/circle_151,0.125,0.7071067811865476,0.9947932582778187,0.5719696572370596,0.8529411764705883,0.6,0.3,0.15,0.0,0.0,0.3,0.05465444287729196,0.4641771602257925,0.478651034882038,0.30917366946778707,0.34418767507002795,0.4714140975539152,0.3266806722689075,0.014473874656245505,0.0350140056022409,0.3582672447212817
svg/g/circle_150,0.125,0.7071067811865476,0.9022407438911175,0.7969888616664275,0.9502487562189051,0.6058823529411764,0.3,0.15,0.0,0.0,0.3,0.054301833568406205,0.4641771602257925,0.478651034882038,0.3522408963585434,0.38725490196078427,0.4714140975539152,0.36974789915966383,0.014473874656245505,0.0350140056022409,0.3582672447212817
svg/g/circle_149,0.125,0.7071067811865476,0.5351380944726464,0.9987637860920051,0.536,0.5098039215686274,0.3,0.15,0.0,0.0,0.3,0.05394922425952045,0.4641771602257925,0.478651034882038,0.3956582633053221,0.430672268907563,0.4714140975539152,0.41316526610644255,0.014473874656245505,0.0350140056022409,0.3582672447212817
svg/g/circle_148,0.125,0.7071067811865476,0.11849808281423613,0.1768030210791156,1.0,0.5647058823529413,0.3,0.15,0.0,0.0,0.3,0.0535966149506347,0.4821247647995369,0.49659863945578225,0.22233893557422968,0.25735294117647056,0.4893617021276596,0.23984593837535012,0.014473874656245346,0.0350140056022409,0.3582672447212817
svg/g/circle_147,0.125,0.7071067811865476,0.11849808281423613,0.1768030210791156,1.0,0.5647058823529413,0.3,0.15,0.0,0.0,0.3,0.05324400564174894,0.4821247647995369,0.49659863945578225,0.2657563025210084,0.3007703081232493,0.4893617021276596,0.28326330532212884,0.014473874656245346,0.0350140056022409,0.3582672447212817
svg/g/circle_146,0.125,0.7071067811865476,0.9947932582778187,0.5719696572370596,0.8529411764705883,0.6,0.3,0.15,0.0,0.0,0.3,0.05289139633286319,0.4821247647995369,0.49659863945578225,0.30917366946778707,0.34418767507002795,0.4893617021276596,0.3266806722689075,0.014473874656245346,0.0350140056022409,0.3582672447212817
svg/g/circle_145,0.125,0.7071067811865476,0.9022407438911175,0.7969888616664275,0.9502487562189051,0.6058823529411764,0.3,0.15,0.0,0.0,0.3,0.052538787023977435,0.4821247647995369,0.49659863945578225,0.3522408963585434,0.38725490196078427,0.4893617021276596,0.36974789915966383,0.014473874656245346,0.0350140056022409,0.3582672447212817
svg/g/circle_144,0.125,0.7071067811865476,0.5351380944726464,0.9987637860920051,0.536,0.5098039215686274,0.3,0.15,0.0,0.0,0.3,0.05218617771509168,0.4821247647995369,0.49659863945578225,0.3956582633053221,0.430672268907563,0.4893617021276596,0.41316526610644255,0.014473874656245346,0.0350140056022409,0.3582672447212817
svg/g/circle_143,0.125,0.7071067811865476,0.11849808281423613,0.1768030210791156,1.0,0.5647058823529413,0.3,0.15,0.0,0.0,0.3,0.05183356840620593,0.4996381531335938,0.5141120277898393,0.22233893557422968,0.25735294117647056,0.5068750904617165,0.23984593837535012,0.014473874656245505,0.0350140056022409,0.3582672447212817
svg/g/circle_142,0.125,0.7071067811865476,0.11849808281423613,0.1768030210791156,1.0,0.5647058823529413,0.3,0.15,0.0,0.0,0.3,0.05148095909732017,0.4996381531335938,0.5141120277898393,0.2657563025210084,0.3007703081232493,0.5068750904617165,0.28326330532212884,0.014473874656245505,0.0350140056022409,0.3582672447212817
svg/g/circle_141,0.125,0.7071067811865476,0.9947932582778187,0.5719696572370596,0.8529411764705883,0.6,0.3,0.15,0.0,0.0,0.3,0.05112834978843442,0.4996381531335938,0.5141120277898393,0.30917366946778707,0.34418767507002795,0.5068750904617165,0.3266806722689075,0.014473874656245505,0.0350140056022409,0.3582672447212817
svg/g/circle_140,0.125,0.7071067811865476,0.9022407438911175,0.7969888616664275,0.9502487562189051,0.6058823529411764,0.3,0.15,0.0,0.0,0.3,0.050775740479548664,0.4996381531335938,0.5141120277898393,0.3522408963585434,0.38725490196078427,0.5068750904617165,0.36974789915966383,0.014473874656245505,0.0350140056022409,0.3582672447212817
svg/g/circle_139,0.125,0.7071067811865476,0.5351380944726464,0.9987637860920051,0.536,0.5098039215686274,0.3,0.15,0.0,0.0,0.3,0.05042313117066291,0.4996381531335938,0.5141120277898393,0.3956582633053221,0.430672268907563,0.5068750904617165,0.41316526610644255,0.014473874656245505,0.0350140056022409,0.3582672447212817
svg/g/circle_138,0.125,0.7071067811865476,0.11849808281423613,0.1768030210791156,1.0,0.5647058823529413,0.3,0.15,0.0,0.0,0.3,0.050070521861777156,0.5177304964539008,0.5322043711101461,0.22233893557422968,0.25735294117647056,0.5249674337820234,0.23984593837535012,0.014473874656245346,0.0350140056022409,0.3582672447212817
svg/g/circle_137,0.125,0.7071067811865476,0.11849808281423613,0.1768030210791156,1.0,0.5647058823529413,0.3,0.15,0.0,0.0,0.3,0.0497179125528914,0.5177304964539008,0.5322043711101461,0.2657563025210084,0.3007703081232493,0.5249674337820234,0.28326330532212884,0.014473874656245346,0.0350140056022409,0.3582672447212817
svg/g/circle_136,0.125,0.7071067811865476,0.9947932582778187,0.5719696572370596,0.8529411764705883,0.6,0.3,0.15,0.0,0.0,0.3,0.04936530324400565,0.5177304964539008,0.5322043711101461,0.30917366946778707,0.34418767507002795,0.5249674337820234,0.3266806722689075,0.014473874656245346,0.0350140056022409,0.3582672447212817
svg/g/circle_135,0.125,0.7071067811865476,0.9022407438911175,0.7969888616664275,0.9502487562189051,0.6058823529411764,0.3,0.15,0.0,0.0,0.3,0.049012693935119894,0.5177304964539008,0.5322043711101461,0.3522408963585434,0.38725490196078427,0.5249674337820234,0.36974789915966383,0.014473874656245346,0.0350140056022409,0.3582672447212817
svg/g/circle_134,0.125,0.7071067811865476,0.5351380944726464,0.9987637860920051,0.536,0.5098039215686274,0.3,0.15,0.0,0.0,0.3,0.04866008462623414,0.5177304964539008,0.5322043711101461,0.3956582633053221,0.430672268907563,0.5249674337820234,0.41316526610644255,0.014473874656245346,0.0350140056022409,0.3582672447212817
svg/g/circle_133,0.125,0.7071067811865476,0.11849808281423613,0.1768030210791156,1.0,0.5647058823529413,0.3,0.15,0.0,0.0,0.3,0.048307475317348386,0.535678101027645,0.5501519756838906,0.22233893557422968,0.25735294117647056,0.5429150383557678,0.23984593837535012,0.014473874656245505,0.0350140056022409,0.3582672447212817
svg/g/circle_132,0.125,0.7071067811865476,0.11849808281423613,0.1768030210791156,1.0,0.5647058823529413,0.3,0.15,0.0,0.0,0.3,0.04795486600846263,0.535678101027645,0.5501519756838906,0.2657563025210084,0.3007703081232493,0.5429150383557678,0.28326330532212884,0.014473874656245505,0.0350140056022409,0.3582672447212817
svg/g/circle_131,0.125,0.7071067811865476,0.9947932582778187,0.5719696572370596,0.8529411764705883,0.6,0.3,0.15,0.0,0.0,0.3,0.04760225669957688,0.535678101027645,0.5501519756838906,0.30917366946778707,0.34418767507002795,0.5429150383557678,0.3266806722689075,0.014473874656245505,0.0350140056022409,0.3582672447212817
svg/g/circle_130,0.125,0.7071067811865476,0.9022407438911175,0.7969888616664275,0.9502487562189051,0.6058823529411764,0.3,0.15,0.0,0.0,0.3,0.047249647390691124,0.535678101027645,0.5501519756838906,0.3522408963585434,0.38725490196078427,0.5429150383557678,0.36974789915966383,0.014473874656245505,0.0350140056022409,0.3582672447212817
svg/g/circle_129,0.125,0.7071067811865476,0.5351380944726464,0.9987637860920051,0.536,0.5098039215686274,0.3,0.15,0.0,0.0,0.3,0.04689703808180537,0.535678101027645,0.5501519756838906,0.3956582633053221,0.430672268907563,0.5429150383557678,0.41316526610644255,0.014473874656245505,0.0350140056022409,0.3582672447212817
svg/g/circle_128,0.125,0.7071067811865476,0.11849808281423613,0.1768030210791156,1.0,0.5647058823529413,0.3,0.15,0.0,0.0,0.3,0.046544428772919616,0.553480966854827,0.5679548415110725,0.22233893557422968,0.25735294117647056,0.5607179041829496,0.23984593837535012,0.014473874656245505,0.0350140056022409,0.3582672447212817
svg/g/circle_127,0.125,0.7071067811865476,0.11849808281423613,0.1768030210791156,1.0,0.5647058823529413,0.3,0.15,0.0,0.0,0.3,0.04619181946403386,0.553480966854827,0.5679548415110725,0.2657563025210084,0.3007703081232493,0.5607179041829496,0.28326330532212884,0.014473874656245505,0.0350140056022409,0.3582672447212817
svg/g/circle_126,0.125,0.7071067811865476,0.9947932582778187,0.5719696572370596,0.8529411764705883,0.6,0.3,0.15,0.0,0.0,0.3,0.04583921015514811,0.553480966854827,0.5679548415110725,0.30917366946778707,0.34418767507002795,0.5607179041829496,0.3266806722689075,0.014473874656245505,0.0350140056022409,0.3582672447212817
svg/g/circle_125,0.125,0.7071067811865476,0.9022407438911175,0.7969888616664275,0.9502487562189051,0.6058823529411764,0.3,0.15,0.0,0.0,0.3,0.045486600846262354,0.553480966854827,0.5679548415110725,0.3522408963585434,0.38725490196078427,0.5607179041829496,0.36974789915966383,0.014473874656245505,0.0350140056022409,0.3582672447212817
svg/g/circle_124,0.125,0.7071067811865476,0.9314269915162114,0.7527266329282903,0.33603238866396756,0.48431372549019613,0.3,0.15,0.0,0.0,0.3,0.0451339915373766,0.553480966854827,0.5679548415110725,0.3956582633053221,0.430672268907563,0.5607179041829496,0.41316526610644255,0.014473874656245505,0.0350140056022409,0.3582672447212817
svg/g/circle_123,0.125,0.7071067811865476,0.11849808281423613,0.1768030210791156,1.0,0.5647058823529413,0.3,0.15,0.0,0.0,0.3,0.044781382228490846,0.5714285714285714,0.5859024460848169,0.22233893557422968,0.25735294117647056,0.5786655087566941,0.23984593837535012,0.014473874656245505,0.0350140056022409,0.3582672447212817
svg/g/circle_122,0.125,0.7071067811865476,0.11849808281423613,0.1768030210791156,1.0,0.5647058823529413,0.3,0.15,0.0,0.0,0.3,0.044428772919605064,0.5714285714285714,0.5859024460848169,0.2657563025210084,0.3007703081232493,0.5786655087566941,0.28326330532212884,0.014473874656245505,0.0350140056022409,0.3582672447212817
svg/g/circle_121,0.125,0.7071067811865476,0.9947932582778187,0.5719696572370596,0.8529411764705883,0.6,0.3,0.15,0.0,0.0,0.3,0.04407616361071931,0.5714285714285714,0.5859024460848169,0.30917366946778707,0.34418767507002795,0.5786655087566941,0.3266806722689075,0.014473874656245505,0.0350140056022409,0.3582672447212817
svg/g/circle_120,0.125,0.7071067811865476,0.9022407438911175,0.7969888616664275,0.9502487562189051,0.6058823529411764,0.3,0.15,0.0,0.0,0.3,0.043723554301833556,0.5714285714285714,0.5859024460848169,0.3522408963585434,0.38725490196078427,0.5786655087566941,0.36974789915966383,0.014473874656245505,0.0350140056022409,0.3582672447212817
svg/g/circle_119,0.125,0.7071067811865476,0.9314269915162114,0.7527266329282903,0.33603238866396756,0.48431372549019613,0.3,0.15,0.0,0.0,0.3,0.0433709449929478,0.5714285714285714,0.5859024460848169,0.3956582633053221,0.430672268907563,0.5786655087566941,0.41316526610644255,0.014473874656245505,0.0350140056022409,0.3582672447212817
svg/g/circle_118,0.125,0.7071067811865476,0.11849808281423613,0.1768030210791156,1.0,0.5647058823529413,0.3,0.15,0.0,0.0,0.3,0.04301833568406205,0.5895209147488784,0.6039947894051237,0.22233893557422968,0.25735294117647056,0.596757852077001,0.23984593837535012,0.014473874656245346,0.0350140056022409,0.3582672447212817
svg/g/circle_117,0.125,0.7071067811865476,0.9947932582778187,0.5719696572370596,0.8529411764705883,0.6,0.3,0.15,0.0,0.0,0.3,0.042665726375176294,0.5895209147488784,0.6039947894051237,0.2657563025210084,0.3007703081232493,0.596757852077001,0.28326330532212884,0.014473874656245346,0.0350140056022409,0.3582672447212817
svg/g/circle_116,0.125,0.7071067811865476,0.9947932582778187,0.5719696572370596,0.8529411764705883,0.6,0.3,0.15,0.0,0.0,0.3,0.04231311706629054,0.5895209147488784,0.6039947894051237,0.30917366946778707,0.34418767507002795,0.596757852077001,0.3266806722689075,0.014473874656245346,0.0350140056022409,0.3582672447212817
svg/g/circle_115,0.125,0.7071067811865476,0.9022407438911175,0.7969888616664275,0.9502487562189051,0.6058823529411764,0.3,0.15,0.0,0.0,0.3,0.041960507757404786,0.5895209147488784,0.6039947894051237,0.3522408963585434,0.38725490196078427,0.596757852077001,0.36974789915966383,0.014473874656245346,0.0350140056022409,0.3582672447212817
svg/g/circle_114,0.125,0.7071067811865476,0.11849808281423613,0.1768030210791156,1.0,0.5647058823529413,0.3,0.15,0.0,0.0,0.3,0.04160789844851903,0.6550875669416703,0.6695614415979158,0.22233893557422968,0.25735294117647056,0.6623245042697931,0.23984593837535012,0.014473874656245505,0.0350140056022409,0.3582672447212817
svg/g/circle_113,0.125,0.7071067811865476,0.9947932582778187,0.5719696572370596,0.8529411764705883,0.6,0.3,0.15,0.0,0.0,0.3,0.04125528913963328,0.6550875669416703,0.6695614415979158,0.2657563025210084,0.3007703081232493,0.6623245042697931,0.28326330532212884,0.014473874656245505,0.0350140056022409,0.3582672447212817
svg/g/circle_112,0.125,0.7071067811865476,0.9947932582778187,0.5719696572370596,0.8529411764705883,0.6,0.3,0.15,0.0,0.0,0.3,0.040902679830747524,0.6550875669416703,0.6695614415979158,0.30917366946778707,0.34418767507002795,0.6623245042697931,0.3266806722689075,0.014473874656245505,0.0350140056022409,0.3582672447212817
svg/g/circle_111,0.125,0.7071067811865476,0.9022407438911175,0.7969888616664275,0.9502487562189051,0.6058823529411764,0.3,0.15,0.0,0.0,0.3,0.04055007052186177,0.6550875669416703,0.6695614415979158,0.3522408963585434,0.38725490196078427,0.6623245042697931,0.36974789915966383,0.014473874656245505,0.0350140056022409,0.3582672447212817
svg/g/circle_110,0.125,0.7071067811865476,0.5351380944726464,0.9987637860920051,0.536,0.5098039215686274,0.3,0.15,0.0,0.0,0.3,0.040197461212976016,0.6550875669416703,0.6695614415979158,0.3956582633053221,0.430672268907563,0.6623245042697931,0.41316526610644255,0.014473874656245505,0.0350140056022409,0.3582672447212817
svg/g/circle_109,0.125,0.7071067811865476,0.11849808281423613,0.1768030210791156,1.0,0.5647058823529413,0.3,0.15,0.0,0.0,0.3,0.03984485190409026,0.6731799102619772,0.6876537849182226,0.22233893557422968,0.25735294117647056,0.6804168475900998,0.23984593837535012,0.014473874656245346,0.0350140056022409,0.3582672447212817
svg/g/circle_108,0.125,0.7071067811865476,0.9947932582778187,0.5719696572370596,0.8529411764705883,0.6,0.3,0.15,0.0,0.0,0.3,0.03949224259520451,0.6731799102619772,0.6876537849182226,0.2657563025210084,0.3007703081232493,0.6804168475900998,0.28326330532212884,0.014473874656245346,0.0350140056022409,0.3582672447212817
svg/g/circle_107,0.125,0.7071067811865476,0.9947932582778187,0.5719696572370596,0.8529411764705883,0.6,0.3,0.15,0.0,0.0,0.3,0.039139633286318753,0.6731799102619772,0.6876537849182226,0.30917366946778707,0.34418767507002795,0.6804168475900998,0.3266806722689075,0.014473874656245346,0.0350140056022409,0.3582672447212817
svg/g/circle_106,0.125,0.7071067811865476,0.9022407438911175,0.7969888616664275,0.9502487562189051,0.6058823529411764,0.3,0.15,0.0,0.0,0.3,0.038787023977433,0.6731799102619772,0.6876537849182226,0.3522408963585434,0.38725490196078427,0.6804168475900998,0.36974789915966383,0.014473874656245346,0.0350140056022409,0.3582672447212817
svg/g/circle_105,0.125,0.7071067811865476,0.5351380944726464,0.9987637860920051,0.536,0.5098039215686274,0.3,0.15,0.0,0.0,0.3,0.038434414668547245,0.6731799102619772,0.6876537849182226,0.3956582633053221,0.430672268907563,0.6804168475900998,0.41316526610644255,0.014473874656245346,0.0350140056022409,0.3582672447212817
svg/g/circle_104,0.125,0.7071067811865476,0.11849808281423613,0.1768030210791156,1.0,0.5647058823529413,0.3,0.15,0.0,0.0,0.3,0.03808180535966149,0.6911275148357217,0.705601389491967,0.22233893557422968,0.25735294117647056,0.6983644521638442,0.23984593837535012,0.014473874656245505,0.0350140056022409,0.3582672447212817
svg/g/circle_103,0.125,0.7071067811865476,0.9947932582778187,0.5719696572370596,0.8529411764705883,0.6,0.3,0.15,0.0,0.0,0.3,0.03772919605077574,0.6911275148357217,0.705601389491967,0.2657563025210084,0.3007703081232493,0.6983644521638442,0.28326330532212884,0.014473874656245505,0.0350140056022409,0.3582672447212817
svg/g/circle_102,0.125,0.7071067811865476,0.9947932582778187,0.5719696572370596,0.8529411764705883,0.6,0.3,0.15,0.0,0.0,0.3,0.03737658674188998,0.6911275148357217,0.705601389491967,0.30917366946778707,0.34418767507002795,0.6983644521638442,0.3266806722689075,0.014473874656245505,0.0350140056022409,0.3582672447212817
svg/g/circle_101,0.125,0.7071067811865476,0.9022407438911175,0.7969888616664275,0.9502487562189051,0.6058823529411764,0.3,0.15,0.0,0.0,0.3,0.03702397743300423,0.6911275148357217,0.705601389491967,0.3522408963585434,0.38725490196078427,0.6983644521638442,0.36974789915966383,0.014473874656245505,0.0350140056022409,0.3582672447212817
svg/g/circle_100,0.125,0.7071067811865476,0.9314269915162114,0.7527266329282903,0.33603238866396756,0.48431372549019613,0.3,0.15,0.0,0.0,0.3,0.036671368124118475,0.6911275148357217,0.705601389491967,0.3956582633053221,0.430672268907563,0.6983644521638442,0.41316526610644255,0.014473874656245505,0.0350140056022409,0.3582672447212817
svg/g/circle_99,0.125,0.7071067811865476,0.11849808281423613,0.1768030210791156,1.0,0.5647058823529413,0.3,0.15,0.0,0.0,0.3,0.03631875881523272,0.7089303806629035,0.7234042553191489,0.22233893557422968,0.25735294117647056,0.7161673179910262,0.23984593837535012,0.014473874656245346,0.0350140056022409,0.3582672447212817
svg/g/circle_98,0.125,0.7071067811865476,0.9947932582778187,0.5719696572370596,0.8529411764705883,0.6,0.3,0.15,0.0,0.0,0.3,0.03596614950634697,0.7089303806629035,0.7234042553191489,0.2657563025210084,0.3007703081232493,0.7161673179910262,0.28326330532212884,0.014473874656245346,0.0350140056022409,0.3582672447212817
svg/g/circle_97,0.125,0.7071067811865476,0.9947932582778187,0.5719696572370596,0.8529411764705883,0.6,0.3,0.15,0.0,0.0,0.3,0.03561354019746121,0.7089303806629035,0.7234042553191489,0.30917366946778707,0.34418767507002795,0.7161673179910262,0.3266806722689075,0.014473874656245346,0.0350140056022409,0.3582672447212817
svg/g/circle_96,0.125,0.7071067811865476,0.9022407438911175,0.7969888616664275,0.9502487562189051,0.6058823529411764,0.3,0.15,0.0,0.0,0.3,0.03526093088857546,0.7089303806629035,0.7234042553191489,0.3522408963585434,0.38725490196078427,0.7161673179910262,0.36974789915966383,0.014473874656245346,0.0350140056022409,0.3582672447212817
svg/g/circle_95,0.125,0.7071067811865476,0.9314269915162114,0.7527266329282903,0.33603238866396756,0.48431372549019613,0.3,0.15,0.0,0.0,0.3,0.034908321579689705,0.7089303806629035,0.7234042553191489,0.3956582633053221,0.430672268907563,0.7161673179910262,0.41316526610644255,0.014473874656245346,0.0350140056022409,0.3582672447212817
svg/g/circle_94,0.125,0.7071067811865476,0.9947932582778187,0.5719696572370596,0.8529411764705883,0.6,0.3,0.15,0.0,0.0,0.3,0.03455571227080395,0.7268779852366478,0.7413518598928933,0.22233893557422968,0.25735294117647056,0.7341149225647706,0.23984593837535012,0.014473874656245505,0.0350140056022409,0.3582672447212817
svg/g/circle_93,0.125,0.7071067811865476,0.9947932582778187,0.5719696572370596,0.8529411764705883,0.6,0.3,0.15,0.0,0.0,0.3,0.0342031029619182,0.7268779852366478,0.7413518598928933,0.2657563025210084,0.3007703081232493,0.7341149225647706,0.28326330532212884,0.014473874656245505,0.0350140056022409,0.3582672447212817
svg/g/circle_92,0.125,0.7071067811865476,0.9947932582778187,0.5719696572370596,0.8529411764705883,0.6,0.3,0.15,0.0,0.0,0.3,0.03385049365303244,0.7268779852366478,0.7413518598928933,0.30917366946778707,0.34418767507002795,0.7341149225647706,0.3266806722689075,0.014473874656245505,0.0350140056022409,0.3582672447212817
svg/g/circle_91,0.125,0.7071067811865476,0.9022407438911175,0.7969888616664275,0.9502487562189051,0.6058823529411764,0.3,0.15,0.0,0.0,0.3,0.03349788434414669,0.7268779852366478,0.7413518598928933,0.3522408963585434,0.38725490196078427,0.7341149225647706,0.36974789915966383,0.014473874656245505,0.0350140056022409,0.3582672447212817
svg/g/circle_90,0.125,0.7071067811865476,0.9314269915162114,0.7527266329282903,0.33603238866396756,0.48431372549019613,0.3,0.15,0.0,0.0,0.3,0.033145275035260935,0.7268779852366478,0.7413518598928933,0.3956582633053221,0.430672268907563,0.7341149225647706,0.41316526610644255,0.014473874656245505,0.0350140056022409,0.3582672447212817
svg/g/circle_89,0.125,0.7071067811865476,0.9947932582778187,0.5719696572370596,0.8529411764705883,0.6,0.3,0.15,0.0,0.0,0.3,0.03279266572637518,0.7449703285569547,0.7594442032132002,0.22233893557422968,0.25735294117647056,0.7522072658850774,0.23984593837535012,0.014473874656245505,0.0350140056022409,0.3582672447212817
svg/g/circle_88,0.125,0.7071067811865476,0.9947932582778187,0.5719696572370596,0.8529411764705883,0.6,0.3,0.15,0.0,0.0,0.3,0.03244005641748943,0.7449703285569547,0.7594442032132002,0.2657563025210084,0.3007703081232493,0.7522072658850774,0.28326330532212884,0.014473874656245505,0.0350140056022409,0.3582672447212817
svg/g/circle_87,0.125,0.7071067811865476,0.9947932582778187,0.5719696572370596,0.8529411764705883,0.6,0.3,0.15,0.0,0.0,0.3,0.03208744710860367,0.7449703285569547,0.7594442032132002,0.30917366946778707,0.34418767507002795,0.7522072658850774,0.3266806722689075,0.014473874656245505,0.0350140056022409,0.3582672447212817
svg/g/circle_86,0.125,0.7071067811865476,0.9022407438911175,0.7969888616664275,0.9502487562189051,0.6058823529411764,0.3,0.15,0.0,0.0,0.3,0.03173483779971792,0.7449703285569547,0.7594442032132002,0.3522408963585434,0.38725490196078427,0.7522072658850774,0.36974789915966383,0.014473874656245505,0.0350140056022409,0.3582672447212817
svg/g/circle_85,0.125,0.7071067811865476,0.9314269915162114,0.7527266329282903,0.33603238866396756,0.48431372549019613,0.3,0.15,0.0,0.0,0.3,0.031382228490832165,0.7449703285569547,0.7594442032132002,0.3956582633053221,0.430672268907563,0.7522072658850774,0.41316526610644255,0.014473874656245505,0.0350140056022409,0.3582672447212817
svg/g/circle_84,0.125,0.7071067811865476,0.9947932582778187,0.5719696572370596,0.8529411764705883,0.6,0.3,0.15,0.0,0.0,0.3,0.03102961918194641,0.7624837168910117,0.7769575915472572,0.22233893557422968,0.25735294117647056,0.7697206542191344,0.23984593837535012,0.014473874656245505,0.0350140056022409,0.3582672447212817
svg/g/circle_83,0.125,0.7071067811865476,0.9947932582778187,0.5719696572370596,0.8529411764705883,0.6,0.3,0.15,0.0,0.0,0.3,0.030677009873060657,0.7624837168910117,0.7769575915472572,0.2657563025210084,0.3007703081232493,0.7697206542191344,0.28326330532212884,0.014473874656245505,0.0350140056022409,0.3582672447212817
svg/g/circle_82,0.125,0.7071067811865476,0.9947932582778187,0.5719696572370596,0.8529411764705883,0.6,0.3,0.15,0.0,0.0,0.3,0.030324400564174903,0.7624837168910117,0.7769575915472572,0.30917366946778707,0.34418767507002795,0.7697206542191344,0.3266806722689075,0.014473874656245505,0.0350140056022409,0.3582672447212817
svg/g/circle_81,0.125,0.7071067811865476,0.9022407438911175,0.7969888616664275,0.9502487562189051,0.6058823529411764,0.3,0.15,0.0,0.0,0.3,0.02997179125528915,0.7624837168910117,0.7769575915472572,0.3522408963585434,0.38725490196078427,0.7697206542191344,0.36974789915966383,0.014473874656245505,0.0350140056022409,0.3582672447212817
svg/g/circle_80,0.125,0.7071067811865476,0.9314269915162114,0.7527266329282903,0.33603238866396756,0.48431372549019613,0.3,0.15,0.0,0.0,0.3,0.029619181946403395,0.7624837168910117,0.7769575915472572,0.3956582633053221,0.430672268907563,0.7697206542191344,0.41316526610644255,0.014473874656245505,0.0350140056022409,0.3582672447212817
svg/g/circle_79,0.125,0.7071067811865476,0.9947932582778187,0.5719696572370596,0.8529411764705883,0.6,0.3,0.15,0.0,0.0,0.3,0.02926657263751764,0.780431321464756,0.7949051961210015,0.22233893557422968,0.25735294117647056,0.7876682587928787,0.23984593837535012,0.014473874656245505,0.0350140056022409,0.3582672447212817
svg/g/circle_78,0.125,0.7071067811865476,0.9947932582778187,0.5719696572370596,0.8529411764705883,0.6,0.3,0.15,0.0,0.0,0.3,0.028913963328631886,0.780431321464756,0.7949051961210015,0.2657563025210084,0.3007703081232493,0.7876682587928787,0.28326330532212884,0.014473874656245505,0.0350140056022409,0.3582672447212817
svg/g/circle_77,0.125,0.7071067811865476,0.9947932582778187,0.5719696572370596,0.8529411764705883,0.6,0.3,0.15,0.0,0.0,0.3,0.028561354019746132,0.780431321464756,0.7949051961210015,0.30917366946778707,0.34418767507002795,0.7876682587928787,0.3266806722689075,0.014473874656245505,0.0350140056022409,0.3582672447212817
svg/g/circle_76,0.125,0.7071067811865476,0.9022407438911175,0.7969888616664275,0.9502487562189051,0.6058823529411764,0.3,0.15,0.0,0.0,0.3,0.02820874471086038,0.780431321464756,0.7949051961210015,0.3522408963585434,0.38725490196078427,0.7876682587928787,0.36974789915966383,0.014473874656245505,0.0350140056022409,0.3582672447212817
svg/g/circle_75,0.125,0.7071067811865476,0.9947932582778187,0.5719696572370596,0.8529411764705883,0.6,0.3,0.15,0.0,0.0,0.3,0.027856135401974624,0.798523664785063,0.8129975394413085,0.22233893557422968,0.25735294117647056,0.8057606021131857,0.23984593837535012,0.014473874656245505,0.0350140056022409,0.3582672447212817
svg/g/circle_74,0.125,0.7071067811865476,0.9947932582778187,0.5719696572370596,0.8529411764705883,0.6,0.3,0.15,0.0,0.0,0.3,0.02750352609308887,0.798523664785063,0.8129975394413085,0.2657563025210084,0.3007703081232493,0.8057606021131857,0.28326330532212884,0.014473874656245505,0.0350140056022409,0.3582672447212817
svg/g/circle_73,0.125,0.7071067811865476,0.9947932582778187,0.5719696572370596,0.8529411764705883,0.6,0.3,0.15,0.0,0.0,0.3,0.027150916784203116,0.798523664785063,0.8129975394413085,0.30917366946778707,0.34418767507002795,0.8057606021131857,0.3266806722689075,0.014473874656245505,0.0350140056022409,0.3582672447212817
svg/g/circle_72,0.125,0.7071067811865476,0.9022407438911175,0.7969888616664275,0.9502487562189051,0.6058823529411764,0.3,0.15,0.0,0.0,0.3,0.026798307475317362,0.798523664785063,0.8129975394413085,0.3522408963585434,0.38725490196078427,0.8057606021131857,0.36974789915966383,0.014473874656245505,0.0350140056022409,0.3582672447212817
svg/g/circle_71,0.125,0.7071067811865476,0.9947932582778187,0.5719696572370596,0.8529411764705883,0.6,0.3,0.15,0.0,0.0,0.3,0.02644569816643158,0.8161817918656823,0.830655666521928,0.22233893557422968,0.25735294117647056,0.8234187291938052,0.23984593837535012,0.014473874656245667,0.0350140056022409,0.3582672447212817
svg/g/circle_70,0.125,0.7071067811865476,0.9947932582778187,0.5719696572370596,0.8529411764705883,0.6,0.3,0.15,0.0,0.0,0.3,0.026093088857545826,0.8161817918656823,0.830655666521928,0.2657563025210084,0.3007703081232493,0.8234187291938052,0.28326330532212884,0.014473874656245667,0.0350140056022409,0.3582672447212817
svg/g/circle_69,0.125,0.7071067811865476,0.9947932582778187,0.5719696572370596,0.8529411764705883,0.6,0.3,0.15,0.0,0.0,0.3,0.025740479548660072,0.8161817918656823,0.830655666521928,0.30917366946778707,0.34418767507002795,0.8234187291938052,0.3266806722689075,0.014473874656245667,0.0350140056022409,0.3582672447212817
svg/g/circle_68,0.125,0.7071067811865476,0.9022407438911175,0.7969888616664275,0.9502487562189051,0.6058823529411764,0.3,0.15,0.0,0.0,0.3,0.02538787023977432,0.8161817918656823,0.830655666521928,0.3522408963585434,0.38725490196078427,0.8234187291938052,0.36974789915966383,0.014473874656245667,0.0350140056022409,0.3582672447212817
svg/g/circle_67,0.125,0.7071067811865476,0.9947932582778187,0.5719696572370596,0.8529411764705883,0.6,0.3,0.15,0.0,0.0,0.3,0.025035260930888564,0.8342741351859893,0.8487480098422348,0.22233893557422968,0.25735294117647056,0.8415110725141121,0.23984593837535012,0.014473874656245505,0.0350140056022409,0.3582672447212817
svg/g/circle_66,0.125,0.7071067811865476,0.9947932582778187,0.5719696572370596,0.8529411764705883,0.6,0.3,0.15,0.0,0.0,0.3,0.02468265162200281,0.8342741351859893,0.8487480098422348,0.2657563025210084,0.3007703081232493,0.8415110725141121,0.28326330532212884,0.014473874656245505,0.0350140056022409,0.3582672447212817
svg/g/circle_65,0.125,0.7071067811865476,0.9947932582778187,0.5719696572370596,0.8529411764705883,0.6,0.3,0.15,0.0,0.0,0.3,0.024330042313117056,0.8342741351859893,0.8487480098422348,0.30917366946778707,0.34418767507002795,0.8415110725141121,0.3266806722689075,0.014473874656245505,0.0350140056022409,0.3582672447212817
svg/g/circle_64,0.125,0.7071067811865476,0.5351380944726464,0.9987637860920051,0.536,0.5098039215686274,0.3,0.15,0.0,0.0,0.3,0.023977433004231302,0.8342741351859893,0.8487480098422348,0.3522408963585434,0.38725490196078427,0.8415110725141121,0.36974789915966383,0.014473874656245505,0.0350140056022409,0.3582672447212817
svg/g/circle_63,0.125,0.7071067811865476,0.9947932582778187,0.5719696572370596,0.8529411764705883,0.6,0.3,0.15,0.0,0.0,0.3,0.023624823695345548,0.8522217397597336,0.8666956144159791,0.22233893557422968,0.25735294117647056,0.8594586770878563,0.23984593837535012,0.014473874656245505,0.0350140056022409,0.3582672447212817
svg/g/circle_62,0.125,0.7071067811865476,0.9947932582778187,0.5719696572370596,0.8529411764705883,0.6,0.3,0.15,0.0,0.0,0.3,0.023272214386459794,0.8522217397597336,0.8666956144159791,0.2657563025210084,0.3007703081232493,0.8594586770878563,0.28326330532212884,0.014473874656245505,0.0350140056022409,0.3582672447212817
svg/g/circle_61,0.125,0.7071067811865476,0.9022407438911175,0.7969888616664275,0.9502487562189051,0.6058823529411764,0.3,0.15,0.0,0.0,0.3,0.02291960507757404,0.8522217397597336,0.8666956144159791,0.30917366946778707,0.34418767507002795,0.8594586770878563,0.3266806722689075,0.014473874656245505,0.0350140056022409,0.3582672447212817
svg/g/circle_60,0.125,0.7071067811865476,0.5351380944726464,0.9987637860920051,0.536,0.5098039215686274,0.3,0.15,0.0,0.0,0.3,0.022566995768688286,0.8522217397597336,0.8666956144159791,0.3522408963585434,0.38725490196078427,0.8594586770878563,0.36974789915966383,0.014473874656245505,0.0350140056022409,0.3582672447212817
svg/g/circle_59,0.125,0.7071067811865476,0.11849808281423613,0.1768030210791156,1.0,0.5647058823529413,0.3,0.15,0.0,0.0,0.3,0.022214386459802532,0.9179331306990881,0.9324070053553336,0.22233893557422968,0.25735294117647056,0.9251700680272109,0.23984593837535012,0.014473874656245505,0.0350140056022409,0.3582672447212817
svg/g/circle_58,0.125,0.7071067811865476,0.11849808281423613,0.1768030210791156,1.0,0.5647058823529413,0.3,0.15,0.0,0.0,0.3,0.021861777150916778,0.9179331306990881,0.9324070053553336,0.2657563025210084,0.3007703081232493,0.9251700680272109,0.28326330532212884,0.014473874656245505,0.0350140056022409,0.3582672447212817
svg/g/circle_57,0.125,0.7071067811865476,0.9947932582778187,0.5719696572370596,0.8529411764705883,0.6,0.3,0.15,0.0,0.0,0.3,0.021509167842031024,0.9179331306990881,0.9324070053553336,0.30917366946778707,0.34418767507002795,0.9251700680272109,0.3266806722689075,0.014473874656245505,0.0350140056022409,0.3582672447212817
svg/g/circle_56,0.125,0.7071067811865476,0.5351380944726464,0.9987637860920051,0.536,0.5098039215686274,0.3,0.15,0.0,0.0,0.3,0.02115655853314527,0.9179331306990881,0.9324070053553336,0.3522408963585434,0.38725490196078427,0.9251700680272109,0.36974789915966383,0.014473874656245505,0.0350140056022409,0.3582672447212817
svg/g/circle_55,0.125,0.7071067811865476,0.9022407438911175,0.7969888616664275,0.9502487562189051,0.6058823529411764,0.3,0.15,0.0,0.0,0.3,0.020803949224259516,0.9179331306990881,0.9324070053553336,0.3956582633053221,0.430672268907563,0.9251700680272109,0.41316526610644255,0.014473874656245505,0.0350140056022409,0.3582672447212817
svg/g/circle_54,0.125,0.7071067811865476,0.11849808281423613,0.1768030210791156,1.0,0.5647058823529413,0.3,0.15,0.0,0.0,0.3,0.020451339915373762,0.9358807352728327,0.9503546099290782,0.22233893557422968,0.25735294117647056,0.9431176726009554,0.23984593837535012,0.014473874656245505,0.0350140056022409,0.3582672447212817
svg/g/circle_53,0.125,0.7071067811865476,0.11849808281423613,0.1768030210791156,1.0,0.5647058823529413,0.3,0.15,0.0,0.0,0.3,0.020098730606488008,0.9358807352728327,0.9503546099290782,0.2657563025210084,0.3007703081232493,0.9431176726009554,0.28326330532212884,0.014473874656245505,0.0350140056022409,0.3582672447212817
svg/g/circle_52,0.125,0.7071067811865476,0.9947932582778187,0.5719696572370596,0.8529411764705883,0.6,0.3,0.15,0.0,0.0,0.3,0.019746121297602254,0.9358807352728327,0.9503546099290782,0.30917366946778707,0.34418767507002795,0.9431176726009554,0.3266806722689075,0.014473874656245505,0.0350140056022409,0.3582672447212817
svg/g/circle_51,0.125,0.7071067811865476,0.5351380944726464,0.9987637860920051,0.536,0.5098039215686274,0.3,0.15,0.0,0.0,0.3,0.0193935119887165,0.9358807352728327,0.9503546099290782,0.3522408963585434,0.38725490196078427,0.9431176726009554,0.36974789915966383,0.014473874656245505,0.0350140056022409,0.3582672447212817
svg/g/circle_50,0.125,0.7071067811865476,0.9022407438911175,0.7969888616664275,0.9502487562189051,0.6058823529411764,0.3,0.15,0.0,0.0,0.3,0.019040902679830746,0.9358807352728327,0.9503546099290782,0.3956582633053221,0.430672268907563,0.9431176726009554,0.41316526610644255,0.014473874656245505,0.0350140056022409,0.3582672447212817
svg/g/circle_49,0.125,0.7071067811865476,0.11849808281423613,0.1768030210791156,1.0,0.5647058823529413,0.3,0.15,0.0,0.0,0.3,0.01868829337094499,0.9538283398465769,0.9683022145028224,0.22233893557422968,0.25735294117647056,0.9610652771746997,0.23984593837535012,0.014473874656245505,0.0350140056022409,0.3582672447212817
svg/g/circle_48,0.125,0.7071067811865476,0.11849808281423613,0.1768030210791156,1.0,0.5647058823529413,0.3,0.15,0.0,0.0,0.3,0.018335684062059238,0.9538283398465769,0.9683022145028224,0.2657563025210084,0.3007703081232493,0.9610652771746997,0.28326330532212884,0.014473874656245505,0.0350140056022409,0.3582672447212817
svg/g/circle_47,0.125,0.7071067811865476,0.9947932582778187,0.5719696572370596,0.8529411764705883,0.6,0.3,0.15,0.0,0.0,0.3,0.017983074753173484,0.9538283398465769,0.9683022145028224,0.30917366946778707,0.34418767507002795,0.9610652771746997,0.3266806722689075,0.014473874656245505,0.0350140056022409,0.3582672447212817
svg/g/circle_46,0.125,0.7071067811865476,0.5351380944726464,0.9987637860920051,0.536,0.5098039215686274,0.3,0.15,0.0,0.0,0.3,0.01763046544428773,0.9538283398465769,0.9683022145028224,0.3522408963585434,0.38725490196078427,0.9610652771746997,0.36974789915966383,0.014473874656245505,0.0350140056022409,0.3582672447212817
svg/g/circle_45,0.125,0.7071067811865476,0.9022407438911175,0.7969888616664275,0.9502487562189051,0.6058823529411764,0.3,0.15,0.0,0.0,0.3,0.017277856135401976,0.9538283398465769,0.9683022145028224,0.3956582633053221,0.430672268907563,0.9610652771746997,0.41316526610644255,0.014473874656245505,0.0350140056022409,0.3582672447212817
svg/g/circle_44,0.125,0.7071067811865476,0.11849808281423613,0.1768030210791156,1.0,0.5647058823529413,0.3,0.15,0.0,0.0,0.3,0.01692524682651622,0.9716312056737587,0.9861050803300043,0.22233893557422968,0.25735294117647056,0.9788681430018815,0.23984593837535012,0.014473874656245505,0.0350140056022409,0.3582672447212817
svg/g/circle_43,0.125,0.7071067811865476,0.11849808281423613,0.1768030210791156,1.0,0.5647058823529413,0.3,0.15,0.0,0.0,0.3,0.016572637517630467,0.9716312056737587,0.9861050803300043,0.2657563025210084,0.3007703081232493,0.9788681430018815,0.28326330532212884,0.014473874656245505,0.0350140056022409,0.3582672447212817
svg/g/circle_42,0.125,0.7071067811865476,0.9947932582778187,0.5719696572370596,0.8529411764705883,0.6,0.3,0.15,0.0,0.0,0.3,0.016220028208744713,0.9716312056737587,0.9861050803300043,0.30917366946778707,0.34418767507002795,0.9788681430018815,0.3266806722689075,0.014473874656245505,0.0350140056022409,0.3582672447212817
svg/g/circle_41,0.125,0.7071067811865476,0.5351380944726464,0.9987637860920051,0.536,0.5098039215686274,0.3,0.15,0.0,0.0,0.3,0.01586741889985896,0.9716312056737587,0.9861050803300043,0.3522408963585434,0.38725490196078427,0.9788681430018815,0.36974789915966383,0.014473874656245505,0.0350140056022409,0.3582672447212817
svg/g/circle_40,0.125,0.7071067811865476,0.9022407438911175,0.7969888616664275,0.9502487562189051,0.6058823529411764,0.3,0.15,0.0,0.0,0.3,0.015514809590973205,0.9716312056737587,0.9861050803300043,0.3956582633053221,0.430672268907563,0.9788681430018815,0.41316526610644255,0.014473874656245505,0.0350140056022409,0.3582672447212817
svg/g/circle_39,0.125,0.7071067811865476,0.11849808281423613,0.1768030210791156,1.0,0.5647058823529413,0.3,0.15,0.0,0.0,0.3,0.015162200282087451,0.9897235489940656,1.004197423650311,0.22233893557422968,0.25735294117647056,0.9969604863221884,0.23984593837535012,0.014473874656245505,0.0350140056022409,0.3582672447212817
svg/g/circle_38,0.125,0.7071067811865476,0.11849808281423613,0.1768030210791156,1.0,0.5647058823529413,0.3,0.15,0.0,0.0,0.3,0.014809590973201697,0.9897235489940656,1.004197423650311,0.2657563025210084,0.3007703081232493,0.9969604863221884,0.28326330532212884,0.014473874656245505,0.0350140056022409,0.3582672447212817
svg/g/circle_37,0.125,0.7071067811865476,0.9947932582778187,0.5719696572370596,0.8529411764705883,0.6,0.3,0.15,0.0,0.0,0.3,0.014456981664315943,0.9897235489940656,1.004197423650311,0.30917366946778707,0.34418767507002795,0.9969604863221884,0.3266806722689075,0.014473874656245505,0.0350140056022409,0.3582672447212817
svg/g/circle_36,0.125,0.7071067811865476,0.5351380944726464,0.9987637860920051,0.536,0.5098039215686274,0.3,0.15,0.0,0.0,0.3,0.01410437235543019,0.9897235489940656,1.004197423650311,0.3522408963585434,0.38725490196078427,0.9969604863221884,0.36974789915966383,0.014473874656245505,0.0350140056022409,0.3582672447212817
svg/g/circle_35,0.125,0.7071067811865476,0.9022407438911175,0.7969888616664275,0.9502487562189051,0.6058823529411764,0.3,0.15,0.0,0.0,0.3,0.013751763046544435,0.9897235489940656,1.004197423650311,0.3956582633053221,0.430672268907563,0.9969604863221884,0.41316526610644255,0.014473874656245505,0.0350140056022409,0.3582672447212817
svg/g/circle_34,0.125,0.7071067811865476,0.11849808281423613,0.1768030210791156,1.0,0.5647058823529413,0.3,0.15,0.0,0.0,0.3,0.013399153737658681,1.0076711535678102,1.0221450282240556,0.22233893557422968,0.25735294117647056,1.014908090895933,0.23984593837535012,0.014473874656245505,0.0350140056022409,0.3582672447212817
svg/g/circle_33,0.125,0.7071067811865476,0.11849808281423613,0.1768030210791156,1.0,0.5647058823529413,0.3,0.15,0.0,0.0,0.3,0.013046544428772927,1.0076711535678102,1.0221450282240556,0.2657563025210084,0.3007703081232493,1.014908090895933,0.28326330532212884,0.014473874656245505,0.0350140056022409,0.3582672447212817
svg/g/circle_32,0.125,0.7071067811865476,0.9947932582778187,0.5719696572370596,0.8529411764705883,0.6,0.3,0.15,0.0,0.0,0.3,0.012693935119887173,1.0076711535678102,1.0221450282240556,0.30917366946778707,0.34418767507002795,1.014908090895933,0.3266806722689075,0.014473874656245505,0.0350140056022409,0.3582672447212817
svg/g/circle_31,0.125,0.7071067811865476,0.5351380944726464,0.9987637860920051,0.536,0.5098039215686274,0.3,0.15,0.0,0.0,0.3,0.012341325811001419,1.0076711535678102,1.0221450282240556,0.3522408963585434,0.38725490196078427,1.014908090895933,0.36974789915966383,0.014473874656245505,0.0350140056022409,0.3582672447212817
svg/g/circle_30,0.125,0.7071067811865476,0.9022407438911175,0.7969888616664275,0.9502487562189051,0.6058823529411764,0.3,0.15,0.0,0.0,0.3,0.011988716502115665,1.0076711535678102,1.0221450282240556,0.3956582633053221,0.430672268907563,1.014908090895933,0.41316526610644255,0.014473874656245505,0.0350140056022409,0.3582672447212817
svg/g/circle_29,0.125,0.7071067811865476,0.11849808281423613,0.1768030210791156,1.0,0.5647058823529413,0.3,0.15,0.0,0.0,0.3,0.011636107193229911,1.025184541901867,1.0396584165581126,0.22233893557422968,0.25735294117647056,1.0324214792299897,0.23984593837535012,0.014473874656245505,0.0350140056022409,0.3582672447212817
svg/g/circle_28,0.125,0.7071067811865476,0.11849808281423613,0.1768030210791156,1.0,0.5647058823529413,0.3,0.15,0.0,0.0,0.3,0.011283497884344157,1.025184541901867,1.0396584165581126,0.2657563025210084,0.3007703081232493,1.0324214792299897,0.28326330532212884,0.014473874656245505,0.0350140056022409,0.3582672447212817
svg/g/circle_27,0.125,0.7071067811865476,0.9947932582778187,0.5719696572370596,0.8529411764705883,0.6,0.3,0.15,0.0,0.0,0.3,0.010930888575458403,1.025184541901867,1.0396584165581126,0.30917366946778707,0.34418767507002795,1.0324214792299897,0.3266806722689075,0.014473874656245505,0.0350140056022409,0.3582672447212817
svg/g/circle_26,0.125,0.7071067811865476,0.5351380944726464,0.9987637860920051,0.536,0.5098039215686274,0.3,0.15,0.0,0.0,0.3,0.010578279266572649,1.025184541901867,1.0396584165581126,0.3522408963585434,0.38725490196078427,1.0324214792299897,0.36974789915966383,0.014473874656245505,0.0350140056022409,0.3582672447212817
svg/g/circle_25,0.125,0.7071067811865476,0.9022407438911175,0.7969888616664275,0.9502487562189051,0.6058823529411764,0.3,0.15,0.0,0.0,0.3,0.010225669957686895,1.025184541901867,1.0396584165581126,0.3956582633053221,0.430672268907563,1.0324214792299897,0.41316526610644255,0.014473874656245505,0.0350140056022409,0.3582672447212817
svg/g/circle_24,0.125,0.7071067811865476,0.11849808281423613,0.1768030210791156,1.0,0.5647058823529413,0.3,0.15,0.0,0.0,0.3,0.00987306064880114,1.0432768852221739,1.0577507598784195,0.22233893557422968,0.25735294117647056,1.0505138225502966,0.23984593837535012,0.014473874656245505,0.0350140056022409,0.3582672447212817
svg/g/circle_23,0.125,0.7071067811865476,0.11849808281423613,0.1768030210791156,1.0,0.5647058823529413,0.3,0.15,0.0,0.0,0.3,0.009520451339915387,1.0432768852221739,1.0577507598784195,0.2657563025210084,0.3007703081232493,1.0505138225502966,0.28326330532212884,0.014473874656245505,0.0350140056022409,0.3582672447212817
svg/g/circle_22,0.125,0.7071067811865476,0.9947932582778187,0.5719696572370596,0.8529411764705883,0.6,0.3,0.15,0.0,0.0,0.3,0.009167842031029633,1.0432768852221739,1.0577507598784195,0.30917366946778707,0.34418767507002795,1.0505138225502966,0.3266806722689075,0.014473874656245505,0.0350140056022409,0.3582672447212817
svg/g/circle_21,0.125,0.7071067811865476,0.9022407438911175,0.7969888616664275,0.9502487562189051,0.6058823529411764,0.3,0.15,0.0,0.0,0.3,0.008815232722143851,1.0432768852221739,1.0577507598784195,0.3522408963585434,0.38725490196078427,1.0505138225502966,0.36974789915966383,0.014473874656245505,0.0350140056022409,0.3582672447212817
svg/g/circle_20,0.125,0.7071067811865476,0.9022407438911175,0.7969888616664275,0.9502487562189051,0.6058823529411764,0.3,0.15,0.0,0.0,0.3,0.008462623413258097,1.0432768852221739,1.0577507598784195,0.3956582633053221,0.430672268907563,1.0505138225502966,0.41316526610644255,0.014473874656245505,0.0350140056022409,0.3582672447212817
svg/g/circle_19,0.125,0.7071067811865476,0.11849808281423613,0.1768030210791156,1.0,0.5647058823529413,0.3,0.15,0.0,0.0,0.3,0.008110014104372343,1.0612244897959184,1.0756983644521638,0.22233893557422968,0.25735294117647056,1.0684614271240411,0.23984593837535012,0.014473874656245505,0.0350140056022409,0.3582672447212817
svg/g/circle_18,0.125,0.7071067811865476,0.11849808281423613,0.1768030210791156,1.0,0.5647058823529413,0.3,0.15,0.0,0.0,0.3,0.007757404795486589,1.0612244897959184,1.0756983644521638,0.2657563025210084,0.3007703081232493,1.0684614271240411,0.28326330532212884,0.014473874656245505,0.0350140056022409,0.3582672447212817
svg/g/circle_17,0.125,0.7071067811865476,0.9947932582778187,0.5719696572370596,0.8529411764705883,0.6,0.3,0.15,0.0,0.0,0.3,0.007404795486600835,1.0612244897959184,1.0756983644521638,0.30917366946778707,0.34418767507002795,1.0684614271240411,0.3266806722689075,0.014473874656245505,0.0350140056022409,0.3582672447212817
svg/g/circle_16,0.125,0.7071067811865476,0.9022407438911175,0.7969888616664275,0.9502487562189051,0.6058823529411764,0.3,0.15,0.0,0.0,0.3,0.007052186177715081,1.0612244897959184,1.0756983644521638,0.3522408963585434,0.38725490196078427,1.0684614271240411,0.36974789915966383,0.014473874656245505,0.0350140056022409,0.3582672447212817
svg/g/circle_15,0.125,0.7071067811865476,0.9022407438911175,0.7969888616664275,0.9502487562189051,0.6058823529411764,0.3,0.15,0.0,0.0,0.3,0.006699576868829327,1.0612244897959184,1.0756983644521638,0.3956582633053221,0.430672268907563,1.0684614271240411,0.41316526610644255,0.014473874656245505,0.0350140056022409,0.3582672447212817
svg/g/circle_14,0.125,0.7071067811865476,0.11849808281423613,0.1768030210791156,1.0,0.5647058823529413,0.3,0.15,0.0,0.0,0.3,0.006346967559943573,1.0790273556231003,1.0935012302793459,0.22233893557422968,0.25735294117647056,1.0862642929512232,0.23984593837535012,0.014473874656245505,0.0350140056022409,0.3582672447212817
svg/g/circle_13,0.125,0.7071067811865476,0.11849808281423613,0.1768030210791156,1.0,0.5647058823529413,0.3,0.15,0.0,0.0,0.3,0.005994358251057819,1.0790273556231003,1.0935012302793459,0.2657563025210084,0.3007703081232493,1.0862642929512232,0.28326330532212884,0.014473874656245505,0.0350140056022409,0.3582672447212817
svg/g/circle_12,0.125,0.7071067811865476,0.9947932582778187,0.5719696572370596,0.8529411764705883,0.6,0.3,0.15,0.0,0.0,0.3,0.005641748942172065,1.0790273556231003,1.0935012302793459,0.30917366946778707,0.34418767507002795,1.0862642929512232,0.3266806722689075,0.014473874656245505,0.0350140056022409,0.3582672447212817
svg/g/circle_11,0.125,0.7071067811865476,0.9022407438911175,0.7969888616664275,0.9502487562189051,0.6058823529411764,0.3,0.15,0.0,0.0,0.3,0.0052891396332863105,1.0790273556231003,1.0935012302793459,0.3522408963585434,0.38725490196078427,1.0862642929512232,0.36974789915966383,0.014473874656245505,0.0350140056022409,0.3582672447212817
svg/g/circle_10,0.125,0.7071067811865476,0.9022407438911175,0.7969888616664275,0.9502487562189051,0.6058823529411764,0.3,0.15,0.0,0.0,0.3,0.0049365303244005565,1.0790273556231003,1.0935012302793459,0.3956582633053221,0.430672268907563,1.0862642929512232,0.41316526610644255,0.014473874656245505,0.0350140056022409,0.3582672447212817
svg/g/circle_9,0.125,0.7071067811865476,0.11849808281423613,0.1768030210791156,1.0,0.5647058823529413,0.3,0.15,0.0,0.0,0.3,0.0045839210155148025,1.0969749601968446,1.1114488348530902,0.22233893557422968,0.25735294117647056,1.1042118975249675,0.23984593837535012,0.014473874656245505,0.0350140056022409,0.3582672447212817
svg/g/circle_8,0.125,0.7071067811865476,0.11849808281423613,0.1768030210791156,1.0,0.5647058823529413,0.3,0.15,0.0,0.0,0.3,0.004231311706629048,1.0969749601968446,1.1114488348530902,0.2657563025210084,0.3007703081232493,1.1042118975249675,0.28326330532212884,0.014473874656245505,0.0350140056022409,0.3582672447212817
svg/g/circle_7,0.125,0.7071067811865476,0.9947932582778187,0.5719696572370596,0.8529411764705883,0.6,0.3,0.15,0.0,0.0,0.3,0.0038787023977432944,1.0969749601968446,1.1114488348530902,0.30917366946778707,0.34418767507002795,1.1042118975249675,0.3266806722689075,0.014473874656245505,0.0350140056022409,0.3582672447212817
svg/g/circle_6,0.125,0.7071067811865476,0.9022407438911175,0.7969888616664275,0.9502487562189051,0.6058823529411764,0.3,0.15,0.0,0.0,0.3,0.0035260930888575404,1.0969749601968446,1.1114488348530902,0.3522408963585434,0.38725490196078427,1.1042118975249675,0.36974789915966383,0.014473874656245505,0.0350140056022409,0.3582672447212817
svg/g/circle_5,0.125,0.7071067811865476,0.9314269915162114,0.7527266329282903,0.33603238866396756,0.48431372549019613,0.3,0.15,0.0,0.0,0.3,0.0031734837799717863,1.0969749601968446,1.1114488348530902,0.3956582633053221,0.430672268907563,1.1042118975249675,0.41316526610644255,0.014473874656245505,0.0350140056022409,0.3582672447212817
svg/g/circle_4,0.125,0.7071067811865476,0.11849808281423613,0.1768030210791156,1.0,0.5647058823529413,0.3,0.15,0.0,0.0,0.3,0.0028208744710860323,1.1150673035171514,1.129541178173397,0.22233893557422968,0.25735294117647056,1.1223042408452741,0.23984593837535012,0.014473874656245505,0.0350140056022409,0.3582672447212817
svg/g/circle_3,0.125,0.7071067811865476,0.11849808281423613,0.1768030210791156,1.0,0.5647058823529413,0.3,0.15,0.0,0.0,0.3,0.0024682651622002783,1.1150673035171514,1.129541178173397,0.2657563025210084,0.3007703081232493,1.1223042408452741,0.28326330532212884,0.014473874656245505,0.0350140056022409,0.3582672447212817
svg/g/circle_2,0.125,0.7071067811865476,0.9947932582778187,0.5719696572370596,0.8529411764705883,0.6,0.3,0.15,0.0,0.0,0.3,0.002115655853314524,1.1150673035171514,1.129541178173397,0.30917366946778707,0.34418767507002795,1.1223042408452741,0.3266806722689075,0.014473874656245505,0.0350140056022409,0.3582672447212817
svg/g/circle_1,0.125,0.7071067811865476,0.9022407438911175,0.7969888616664275,0.9502487562189051,0.6058823529411764,0.3,0.15,0.0,0.0,0.3,0.0017630465444287702,1.1150673035171514,1.129541178173397,0.3522408963585434,0.38725490196078427,1.1223042408452741,0.36974789915966383,0.014473874656245505,0.0350140056022409,0.3582672447212817
svg/g/circle,0.125,0.7071067811865476,0.9314269915162114,0.7527266329282903,0.33603238866396756,0.48431372549019613,0.3,0.15,0.0,0.0,0.3,0.0014104372355430161,1.1150673035171514,1.129541178173397,0.3956582633053221,0.430672268907563,1.1223042408452741,0.41316526610644255,0.014473874656245505,0.0350140056022409,0.3582672447212817
svg/g/g_14/path_10,0.75,0.7071067811865476,1.0,0.5,0.0,0.4,0.3,0.15,0.0,0.0,0.3,0.12605782792665726,0.1302648719062093,0.1427124041105804,0.16316526610644258,0.19327731092436976,0.1364886380083948,0.17822128851540614,0.012447532204371111,0.0301120448179272,0.0
svg/g/g_14/path_9,0.75,0.7071067811865476,1.0,0.5,0.0,0.4,0.3,0.15,0.0,0.0,0.3,0.09480782792665726,0.14459400781589232,0.15834418873932551,0.1614145658263305,0.19327731092436976,0.1514690982776089,0.17734593837535012,0.013750180923433226,0.03186274509803924,0.0
svg/g/g_14/path_8,0.75,0.7071067811865476,1.0,0.5,0.0,0.4,0.3,0.15,0.0,0.0,0.3,0.06355782792665726,0.15964683745838762,0.172818063395571,0.1614145658263305,0.19362745098039214,0.16623245042697932,0.17752100840336135,0.013171225937183393,0.03221288515406161,0.0
svg/g/g_14/path_7,0.75,0.7071067811865476,1.0,0.5,0.0,0.4,0.3,0.15,0.0,0.0,0.3,0.03230782792665726,0.17426545086119555,0.18801563178462877,0.1614145658263305,0.19327731092436976,0.18114054132291216,0.17734593837535012,0.013750180923433226,0.03186274509803924,0.0
svg/g/g_13/path_6,0.75,0.7071067811865476,1.0,0.5,0.0,0.4,0.3,0.15,0.0,0.0,0.3,0.1257052186177715,0.3932551744101896,0.40628166160081053,0.1610644257703081,0.19292717086834732,0.3997684180055001,0.1769957983193277,0.01302648719062091,0.03186274509803919,0.0
svg/g/g_13/path_5,0.75,0.7071067811865476,1.0,0.5,0.0,0.4,0.3,0.15,0.0,0.0,0.3,0.09445521861777151,0.40830800405268486,0.4219134462295556,0.1614145658263305,0.19362745098039214,0.41511072514112024,0.17752100840336135,0.013605442176870762,0.03221288515406161,0.0
svg/g/g_12/path_4,0.75,0.7071067811865476,1.0,0.5,0.0,0.4,0.3,0.15,0.0,0.0,0.3,0.12535260930888575,0.6569691706469825,0.670285135330728,0.16211484593837533,0.19292717086834735,0.6636271529888552,0.17752100840336135,0.013315964683745634,0.030812324929972025,0.0
svg/g/g_12/path_3,0.75,0.7071067811865476,1.0,0.5,0.0,0.4,0.3,0.15,0.0,0.0,0.3,0.09410260930888575,0.6712983065566652,0.6850484874800985,0.16316526610644258,0.19397759103641457,0.6781733970183819,0.17857142857142858,0.013750180923433247,0.030812324929971976,0.0
svg/g/g_11/path_2,0.75,0.7071067811865476,1.0,0.5,0.0,0.4,0.3,0.15,0.0,0.0,0.3,0.125,0.9193805181647128,0.932551744101896,0.1610644257703081,0.19327731092436976,0.9259661311333044,0.17717086834733892,0.013171225937183149,0.032212885154061635,0.0
svg/g/g_11/path_1,0.75,0.7071067811865476,1.0,0.5,0.0,0.4,0.3,0.15,0.0,0.0,0.3,0.09375,0.9337096540743957,0.9471703575047041,0.16176470588235295,0.1925770308123249,0.9404400057895499,0.17717086834733892,0.013460703430308439,0.030812324929971976,0.0
svg/g/g_11/path,0.75,0.7071067811865476,1.0,0.5,0.0,0.4,0.3,0.15,0.0,0.0,0.3,0.0625,0.948762483716891,0.9614994934143871,0.16211484593837533,0.19327731092436976,0.9551309885656389,0.17769607843137253,0.01273700969749618,0.031162464985994415,0.0
